id,name,age,address,cell phone,hobby
1,최시우,36,남양주 남구 123-45,010-5086-6297,자전거 타기
2,조소율,44,창원 북구 123-45,010-2521-5271,수영
3,김지안,24,대전 서구 123-45,010-9210-3512,수영
4,정유진,29,평택 서구 123-45,010-3701-8788,뜨개질
5,오도윤,63,성남 성북구 123-45,010-1413-5447,보드게임
6,오은우,45,평택 팔달구 123-45,010-8335-3750,웹서핑
7,강예은,23,대전 서구 123-45,010-3294-2390,독서
8,조태윤,79,고양 성동구 123-45,010-6701-2406,드로잉
9,서현우,53,서울 덕양구 123-45,010-3392-7424,등산
10,박시우,71,서울 팔달구 123-45,010-8028-5844,뜨개질
11,윤하은,78,용인 동구 123-45,010-6514-2589,등산
12,한지후,70,제주 달서구 123-45,010-3744-4857,뜨개질
13,한유진,26,포항 일산동구 123-45,010-4831-1605,자전거 타기
14,서건우,70,서울 해운대구 123-45,010-9886-7807,카페 투어
15,박지민,27,남양주 수성구 123-45,010-6670-5043,여행
16,이건우,22,청주 유성구 123-45,010-5188-3646,보드게임
17,최서준,41,세종 덕양구 123-45,010-9451-1182,여행
18,임예은,21,청주 북구 123-45,010-4415-1320,뜨개질
19,오예은,67,전주 강서구 123-45,010-7938-1040,독서
20,정예린,39,고양 달서구 123-45,010-8683-6861,웹서핑
21,윤유진,32,김해 유성구 123-45,010-8954-5771,수영
22,윤예은,41,안양 신제주 123-45,010-6101-1183,드로잉
23,한건우,69,용인 중구 123-45,010-1782-8222,음악감상
24,최예은,69,남양주 성동구 123-45,010-3787-9710,웹서핑
25,장민수,29,광주 남구 123-45,010-7493-8571,웹서핑
26,한지민,74,화성 덕양구 123-45,010-3346-4244,웹서핑
27,서건우,23,전주 서구 123-45,010-1811-1115,일기 쓰기
28,서민수,67,창원 달서구 123-45,010-4046-3521,영화감상
29,장도윤,65,부산 팔달구 123-45,010-9437-7904,게임
30,최하윤,44,광주 달서구 123-45,010-2068-8542,영화감상
31,한서연,35,화성 동구 123-45,010-3151-1833,드로잉
32,김지안,74,안산 팔달구 123-45,010-8451-2741,웹서핑
33,윤예린,23,전주 팔달구 123-45,010-7136-3976,게임
34,서지후,47,화성 달서구 123-45,010-9101-5703,요리
35,장건우,50,인천 동구 123-45,010-7612-9910,등산
36,장소율,43,천안 흥덕구 123-45,010-3977-3172,요리
37,박유진,45,천안 중구 123-45,010-8623-8580,웹서핑
38,장서준,38,대구 해운대구 123-45,010-7028-1469,등산
39,조태윤,36,울산 서구 123-45,010-2448-6931,수영
40,김수빈,27,화성 서구 123-45,010-5514-2500,사진촬영
41,오건우,53,화성 신제주 123-45,010-4147-5163,여행
42,서시우,43,대구 성북구 123-45,010-3113-3473,수영
43,조예은,53,화성 동구 123-45,010-4669-5903,등산
44,오서준,29,제주 중구 123-45,010-3701-3534,일기 쓰기
45,강수빈,32,세종 기흥구 123-45,010-2171-6759,여행
46,장지민,56,천안 송파구 123-45,010-4836-1395,뜨개질
47,박소율,25,인천 흥덕구 123-45,010-5194-4420,일기 쓰기
48,조민수,24,제주 서북구 123-45,010-4162-2665,사진촬영
49,신건우,66,대구 성동구 123-45,010-2374-1286,영화감상
50,정소율,66,광주 분당구 123-45,010-7661-6642,사진촬영
51,정건우,59,전주 해운대구 123-45,010-9926-1960,드로잉
52,박민수,43,울산 유성구 123-45,010-1897-3943,운동
53,한지안,67,울산 수성구 123-45,010-7886-6250,드로잉
54,서서연,57,울산 신제주 123-45,010-4732-1136,운동
55,이서준,60,천안 분당구 123-45,010-3755-3124,일기 쓰기
56,박예린,51,청주 기흥구 123-45,010-2962-1766,자전거 타기
57,임소율,31,청주 흥덕구 123-45,010-9818-7577,영화감상
58,강지원,56,인천 송파구 123-45,010-7409-7219,영화감상
59,최도윤,48,안산 일산동구 123-45,010-2016-9328,자전거 타기
60,신시우,36,대구 중구 123-45,010-8557-2119,운동
61,정은우,21,안산 신제주 123-45,010-5962-2780,여행
62,서하윤,65,용인 신제주 123-45,010-6036-7356,요리
63,정수빈,27,천안 유성구 123-45,010-2957-5180,요리
64,김도윤,70,세종 송파구 123-45,010-4634-3178,운동
65,장예은,67,인천 일산동구 123-45,010-5862-9954,드로잉
66,서민수,54,포항 일산동구 123-45,010-3405-4595,웹서핑
67,최예은,49,대전 서구 123-45,010-1114-2335,뜨개질
68,조지후,69,용인 유성구 123-45,010-5057-3167,등산
69,신도윤,47,청주 일산동구 123-45,010-1974-3389,자전거 타기
70,오현우,56,화성 기흥구 123-45,010-2524-3872,뜨개질
71,김도윤,45,성남 덕진구 123-45,010-9935-4643,자전거 타기
72,이지후,76,포항 서구 123-45,010-1979-7966,여행
73,정예은,29,세종 북구 123-45,010-1738-2419,여행
74,조지원,59,수원 서구 123-45,010-4082-3010,자전거 타기
75,이하은,32,대전 성동구 123-45,010-7084-1230,유튜브 보기
76,최지민,40,평택 기흥구 123-45,010-3926-8038,운동
77,조은우,31,인천 분당구 123-45,010-3810-3805,여행
78,장지원,38,울산 서북구 123-45,010-2517-8882,자전거 타기
79,장하은,51,안양 성동구 123-45,010-6441-6185,수영
80,조지민,45,대전 성북구 123-45,010-6716-1504,웹서핑
81,이지민,40,김해 신제주 123-45,010-3830-4355,웹서핑
82,장지민,75,제주 팔달구 123-45,010-4719-8320,여행
83,신하은,35,김해 동구 123-45,010-9870-9876,자전거 타기
84,임은우,71,전주 강서구 123-45,010-1307-7068,사진촬영
85,강민수,67,창원 분당구 123-45,010-1582-7837,영화감상
86,조하윤,48,용인 서구 123-45,010-3022-9436,등산
87,정지안,59,광주 서구 123-45,010-7916-7094,드로잉
88,이예은,70,포항 신제주 123-45,010-2645-6090,자전거 타기
89,이예은,73,수원 진해구 123-45,010-5371-3298,자전거 타기
90,임지후,26,용인 기흥구 123-45,010-7980-3534,일기 쓰기
91,이지원,30,광주 흥덕구 123-45,010-9337-9985,게임
92,윤서연,61,서울 북구 123-45,010-1424-3746,보드게임
93,강소율,26,고양 진해구 123-45,010-3179-5444,자전거 타기
94,장하은,41,울산 신제주 123-45,010-3359-5734,여행
95,이예은,59,부산 흥덕구 123-45,010-5110-3043,게임
96,서서준,22,포항 유성구 123-45,010-7254-3867,음악감상
97,한건우,70,청주 덕양구 123-45,010-6976-7097,요리
98,조서준,29,광주 기흥구 123-45,010-5913-9275,게임
99,이지민,43,용인 북구 123-45,010-4428-5421,자전거 타기
100,강은우,71,화성 성동구 123-45,010-2958-9638,운동
101,신지안,24,수원 진해구 123-45,010-5176-6202,웹서핑
102,강지원,45,울산 중구 123-45,010-9537-6054,뜨개질
103,이도윤,58,안산 장유동 123-45,010-1929-6087,웹서핑
104,오민수,53,청주 중구 123-45,010-7575-2363,여행
105,서소율,50,대전 성동구 123-45,010-4413-3286,독서
106,한태윤,74,인천 수성구 123-45,010-4415-2783,운동
107,서소율,48,창원 남구 123-45,010-7239-1665,자전거 타기
108,한현우,51,대구 장유동 123-45,010-1131-4466,여행
109,윤예린,30,광주 중구 123-45,010-5765-3303,게임
110,서수빈,33,안산 수성구 123-45,010-5411-1598,요리
111,서건우,61,성남 덕양구 123-45,010-6429-6130,게임
112,조서준,79,세종 흥덕구 123-45,010-6329-7491,카페 투어
113,장태윤,37,안양 성동구 123-45,010-1530-8019,웹서핑
114,강민수,47,화성 성동구 123-45,010-7069-1451,일기 쓰기
115,윤소율,72,부산 분당구 123-45,010-1250-2580,뜨개질
116,윤유진,79,인천 팔달구 123-45,010-6857-2334,웹서핑
117,임도윤,47,남양주 분당구 123-45,010-7987-3092,운동
118,강지민,23,천안 해운대구 123-45,010-6685-3181,뜨개질
119,이예은,66,울산 팔달구 123-45,010-5208-6229,영화감상
120,신서준,28,울산 덕진구 123-45,010-2083-8778,드로잉
121,김서연,43,세종 덕진구 123-45,010-3096-6296,뜨개질
122,신하은,60,세종 강남구 123-45,010-1771-9517,요리
123,한서연,43,김해 해운대구 123-45,010-5022-1414,카페 투어
124,오지안,38,부산 팔달구 123-45,010-3127-9960,웹서핑
125,서태윤,51,용인 서구 123-45,010-1033-1992,카페 투어
126,박지안,33,천안 분당구 123-45,010-8751-2003,유튜브 보기
127,오도윤,79,창원 송파구 123-45,010-3092-2054,카페 투어
128,서하은,57,인천 유성구 123-45,010-9790-3136,요리
129,정건우,33,창원 덕진구 123-45,010-3957-2731,음악감상
130,윤지후,39,화성 송파구 123-45,010-1801-5839,카페 투어
131,한민수,34,대전 팔달구 123-45,010-2034-2727,요리
132,김은우,65,남양주 덕양구 123-45,010-9854-2914,음악감상
133,박예은,38,제주 덕진구 123-45,010-2710-3115,자전거 타기
134,최시우,38,평택 동구 123-45,010-3545-6345,여행
135,김하윤,39,세종 서구 123-45,010-1448-3127,일기 쓰기
136,김예은,33,남양주 동구 123-45,010-1016-4557,자전거 타기
137,임하은,70,포항 강서구 123-45,010-8884-8630,등산
138,박현우,46,김해 분당구 123-45,010-6592-9424,카페 투어
139,한서연,31,제주 기흥구 123-45,010-4382-2304,보드게임
140,박도윤,34,대전 서구 123-45,010-4261-2683,운동
141,윤지원,45,서울 동구 123-45,010-2213-2885,게임
142,장건우,63,광주 해운대구 123-45,010-4460-1638,음악감상
143,정서연,62,안산 남구 123-45,010-2564-7656,뜨개질
144,정시우,36,대전 서북구 123-45,010-5483-3490,웹서핑
145,장유진,66,대구 일산동구 123-45,010-3722-4840,보드게임
146,오현우,68,대구 성북구 123-45,010-8190-4897,요리
147,서예린,64,대전 유성구 123-45,010-2010-1471,게임
148,한태윤,23,안산 강남구 123-45,010-3028-2835,독서
149,장서연,74,전주 기흥구 123-45,010-2579-1879,자전거 타기
150,오지후,67,안산 서북구 123-45,010-5967-4466,사진촬영
151,서하윤,45,천안 수성구 123-45,010-7113-1391,운동
152,강서준,63,김해 달서구 123-45,010-1222-1694,운동
153,조지민,33,안산 장유동 123-45,010-5472-2665,독서
154,서예은,54,수원 북구 123-45,010-3494-2264,웹서핑
155,김서연,45,평택 수성구 123-45,010-3783-5710,사진촬영
156,박소율,51,세종 서북구 123-45,010-1379-3626,자전거 타기
157,최예은,35,김해 일산동구 123-45,010-7770-2288,게임
158,서지안,74,창원 성동구 123-45,010-4154-9261,영화감상
159,오서준,43,청주 진해구 123-45,010-5846-9542,음악감상
160,서건우,29,인천 서북구 123-45,010-5721-8313,사진촬영
161,임지원,40,김해 덕양구 123-45,010-2519-6722,영화감상
162,최하은,42,용인 기흥구 123-45,010-8317-1615,수영
163,박서연,60,안산 장유동 123-45,010-8644-9885,드로잉
164,이시우,59,포항 덕진구 123-45,010-1226-1857,여행
165,최태윤,52,성남 해운대구 123-45,010-6057-7224,뜨개질
166,김수빈,44,김해 분당구 123-45,010-5030-3071,수영
167,윤하은,56,창원 동구 123-45,010-2667-5628,웹서핑
168,윤지원,26,안산 기흥구 123-45,010-8549-9643,독서
169,강민수,54,광주 동구 123-45,010-2862-2009,일기 쓰기
170,신민수,42,용인 흥덕구 123-45,010-1557-6493,카페 투어
171,오지민,23,성남 분당구 123-45,010-1689-1474,보드게임
172,정지후,49,남양주 송파구 123-45,010-3562-4247,사진촬영
173,오민수,39,수원 일산동구 123-45,010-1400-4111,보드게임
174,장소율,77,부산 수성구 123-45,010-7913-4097,독서
175,박지후,20,고양 중구 123-45,010-5632-3321,독서
176,한태윤,46,제주 기흥구 123-45,010-4121-5829,유튜브 보기
177,김서연,31,남양주 성동구 123-45,010-1350-4680,자전거 타기
178,조도윤,41,고양 분당구 123-45,010-8028-7987,웹서핑
179,정은우,29,대전 북구 123-45,010-5631-2343,게임
180,신유진,39,수원 수성구 123-45,010-4530-3668,운동
181,임서연,46,용인 강서구 123-45,010-5839-2526,요리
182,정도윤,66,대전 동구 123-45,010-9813-8386,등산
183,신서연,72,제주 강남구 123-45,010-1341-8909,보드게임
184,오지민,62,부산 해운대구 123-45,010-8309-1166,운동
185,강지후,36,안산 서북구 123-45,010-5981-2271,여행
186,오소율,23,안양 서구 123-45,010-3397-3872,자전거 타기
187,임도윤,50,세종 기흥구 123-45,010-2332-8971,드로잉
188,서시우,49,수원 흥덕구 123-45,010-7658-1073,음악감상
189,임하윤,72,안양 동구 123-45,010-5335-1428,여행
190,김현우,42,전주 일산동구 123-45,010-3586-1371,사진촬영
191,오예은,27,안산 달서구 123-45,010-3619-5833,자전거 타기
192,박예은,56,제주 흥덕구 123-45,010-6529-8030,영화감상
193,윤서연,47,울산 해운대구 123-45,010-5141-2628,뜨개질
194,강소율,61,광주 덕양구 123-45,010-4173-3235,유튜브 보기
195,신지민,55,남양주 장유동 123-45,010-2970-1454,일기 쓰기
196,정태윤,69,화성 유성구 123-45,010-6554-8029,수영
197,김서준,21,부산 성동구 123-45,010-6159-4625,자전거 타기
198,이하은,77,남양주 성동구 123-45,010-4934-2866,영화감상
199,강현우,65,안양 분당구 123-45,010-4833-9380,웹서핑
200,박지민,62,광주 달서구 123-45,010-6350-3717,드로잉
201,한지원,62,울산 달서구 123-45,010-6829-2289,수영
202,신수빈,26,평택 일산동구 123-45,010-6558-3855,뜨개질
203,신도윤,74,김해 해운대구 123-45,010-7408-9041,수영
204,조소율,61,부산 해운대구 123-45,010-4747-6792,카페 투어
205,김지안,22,청주 성북구 123-45,010-3271-7845,여행
206,임태윤,31,고양 달서구 123-45,010-3483-4073,음악감상
207,정지민,70,대구 달서구 123-45,010-4039-6222,드로잉
208,박도윤,72,천안 장유동 123-45,010-1490-6372,일기 쓰기
209,장지민,52,광주 일산동구 123-45,010-5894-2637,뜨개질
210,조태윤,78,청주 신제주 123-45,010-5830-2585,뜨개질
211,최지원,33,고양 일산동구 123-45,010-5591-2827,운동
212,신서연,23,고양 기흥구 123-45,010-1612-3162,웹서핑
213,김예린,46,안양 수성구 123-45,010-5480-5897,카페 투어
214,최현우,45,인천 강서구 123-45,010-2704-4271,사진촬영
215,장서준,43,울산 신제주 123-45,010-8374-5879,영화감상
216,김소율,48,광주 남구 123-45,010-8519-5522,게임
217,박서연,30,화성 기흥구 123-45,010-1334-3440,일기 쓰기
218,임서연,53,안양 남구 123-45,010-4656-3667,뜨개질
219,임예은,67,창원 북구 123-45,010-6381-6292,뜨개질
220,정현우,38,화성 장유동 123-45,010-3909-6395,드로잉
221,최태윤,33,대구 유성구 123-45,010-5209-9972,수영
222,강현우,74,김해 북구 123-45,010-1221-3660,일기 쓰기
223,오서연,47,세종 팔달구 123-45,010-5357-6560,등산
224,장현우,44,서울 일산동구 123-45,010-6389-3847,요리
225,임건우,63,포항 성북구 123-45,010-8535-9315,유튜브 보기
226,한태윤,44,대구 서북구 123-45,010-9849-3260,요리
227,오하은,41,안산 수성구 123-45,010-5492-5300,운동
228,김지원,51,창원 서북구 123-45,010-4551-1060,음악감상
229,한지후,23,남양주 유성구 123-45,010-2265-8414,등산
230,한서연,34,남양주 성동구 123-45,010-5739-4057,자전거 타기
231,이서준,22,대전 북구 123-45,010-4660-3016,영화감상
232,최도윤,31,김해 송파구 123-45,010-2666-6339,등산
233,이은우,66,안양 강남구 123-45,010-8496-4564,요리
234,강수빈,66,청주 성동구 123-45,010-3539-3068,등산
235,김소율,38,인천 진해구 123-45,010-3483-5332,독서
236,신서준,68,서울 송파구 123-45,010-7760-2876,운동
237,박유진,69,청주 남구 123-45,010-7075-3415,수영
238,최소율,62,전주 송파구 123-45,010-5880-8893,카페 투어
239,강서준,32,수원 성동구 123-45,010-2803-2455,요리
240,서현우,53,포항 장유동 123-45,010-3304-6679,카페 투어
241,오건우,42,울산 기흥구 123-45,010-5065-6037,웹서핑
242,정지후,39,광주 달서구 123-45,010-1540-8251,카페 투어
243,오지안,34,고양 성북구 123-45,010-7603-1251,자전거 타기
244,한지민,44,대전 강서구 123-45,010-6450-2179,드로잉
245,김예은,21,성남 남구 123-45,010-7212-4552,요리
246,조수빈,64,남양주 강서구 123-45,010-8350-1984,드로잉
247,이서연,26,수원 강서구 123-45,010-6923-5398,독서
248,최하은,31,안산 흥덕구 123-45,010-1102-3393,카페 투어
249,임현우,68,전주 장유동 123-45,010-6243-1270,드로잉
250,박예은,75,부산 서북구 123-45,010-3286-8282,운동
251,장지후,61,청주 성북구 123-45,010-6178-1769,웹서핑
252,최서준,51,서울 중구 123-45,010-7380-2458,자전거 타기
253,오은우,69,광주 흥덕구 123-45,010-4102-1784,자전거 타기
254,김하은,74,수원 분당구 123-45,010-8541-7994,일기 쓰기
255,윤서준,51,전주 성동구 123-45,010-1306-4283,유튜브 보기
256,신건우,59,광주 장유동 123-45,010-4548-5628,운동
257,이건우,58,용인 서구 123-45,010-6181-3877,자전거 타기
258,이하윤,67,안산 서구 123-45,010-7289-5784,뜨개질
259,김지원,35,천안 흥덕구 123-45,010-3922-1750,카페 투어
260,이지원,29,제주 신제주 123-45,010-9927-6279,자전거 타기
261,신민수,73,광주 흥덕구 123-45,010-6552-4687,게임
262,한지후,44,김해 서북구 123-45,010-4155-1739,일기 쓰기
263,한지민,63,부산 분당구 123-45,010-7858-8632,드로잉
264,김서준,59,평택 강남구 123-45,010-3211-6141,일기 쓰기
265,강지민,67,울산 송파구 123-45,010-4575-7164,음악감상
266,최예은,57,성남 유성구 123-45,010-3979-1765,보드게임
267,정태윤,41,대구 북구 123-45,010-7162-3443,운동
268,이하윤,51,청주 흥덕구 123-45,010-2849-2364,자전거 타기
269,김유진,67,김해 분당구 123-45,010-3754-9685,게임
270,윤태윤,64,제주 흥덕구 123-45,010-2818-1420,사진촬영
271,김민수,58,김해 기흥구 123-45,010-5099-1885,자전거 타기
272,장소율,75,대전 신제주 123-45,010-9506-4381,운동
273,오은우,67,대전 성북구 123-45,010-4577-9978,운동
274,서지후,36,세종 일산동구 123-45,010-3406-7849,영화감상
275,김수빈,54,남양주 중구 123-45,010-5147-4942,드로잉
276,신하윤,64,화성 달서구 123-45,010-9292-8048,수영
277,이유진,57,인천 성북구 123-45,010-4516-5123,여행
278,장은우,36,평택 성북구 123-45,010-2233-3084,보드게임
279,정예은,37,세종 유성구 123-45,010-2699-2560,카페 투어
280,서지안,25,울산 덕진구 123-45,010-6537-5341,여행
281,정유진,62,성남 남구 123-45,010-5188-8855,뜨개질
282,한현우,69,김해 덕양구 123-45,010-2465-1277,여행
283,김시우,46,남양주 수성구 123-45,010-1667-2729,보드게임
284,신예은,28,천안 중구 123-45,010-9016-8820,등산
285,장하은,70,평택 유성구 123-45,010-4495-7960,자전거 타기
286,강하윤,51,안산 서북구 123-45,010-1024-6931,운동
287,최시우,63,김해 팔달구 123-45,010-9412-3099,사진촬영
288,신시우,59,안양 북구 123-45,010-3488-2700,영화감상
289,김건우,25,광주 북구 123-45,010-1255-8412,영화감상
290,최시우,25,창원 덕양구 123-45,010-4741-2672,일기 쓰기
291,서지후,46,용인 진해구 123-45,010-3972-9668,보드게임
292,정태윤,63,평택 기흥구 123-45,010-1395-4015,일기 쓰기
293,한시우,58,포항 강서구 123-45,010-6034-9772,뜨개질
294,윤지민,61,고양 중구 123-45,010-2664-9010,자전거 타기
295,오서준,24,부산 북구 123-45,010-2141-6557,음악감상
296,조예은,52,세종 장유동 123-45,010-4696-1451,게임
297,임민수,27,인천 분당구 123-45,010-6546-5183,여행
298,오지후,77,천안 북구 123-45,010-4592-4042,드로잉
299,윤민수,41,남양주 기흥구 123-45,010-6158-4237,독서
300,한서연,62,인천 기흥구 123-45,010-4727-3585,뜨개질
301,정지후,42,김해 송파구 123-45,010-4789-6983,수영
302,조서준,46,안양 신제주 123-45,010-5775-3752,카페 투어
303,한지원,36,제주 동구 123-45,010-6942-6070,수영
304,한지후,32,제주 동구 123-45,010-1344-1040,자전거 타기
305,조지안,76,수원 남구 123-45,010-3677-9554,영화감상
306,신서준,40,전주 중구 123-45,010-2372-5475,뜨개질
307,강예린,43,천안 흥덕구 123-45,010-1399-2534,뜨개질
308,신예린,32,성남 진해구 123-45,010-6851-3634,음악감상
309,김수빈,33,수원 달서구 123-45,010-6337-5938,독서
310,최태윤,27,광주 성북구 123-45,010-2295-5205,영화감상
311,윤민수,40,부산 송파구 123-45,010-7184-1462,운동
312,오지안,40,대전 덕진구 123-45,010-1000-3229,운동
313,조지후,20,대구 강남구 123-45,010-3881-3293,카페 투어
314,신건우,35,천안 흥덕구 123-45,010-1440-1516,여행
315,윤예린,32,평택 성북구 123-45,010-4329-1038,보드게임
316,조도윤,53,포항 일산동구 123-45,010-2295-5114,일기 쓰기
317,박서연,59,남양주 덕진구 123-45,010-3101-5596,일기 쓰기
318,김지안,79,대구 신제주 123-45,010-2384-1337,영화감상
319,오태윤,39,김해 해운대구 123-45,010-5153-3870,유튜브 보기
320,윤지안,67,서울 남구 123-45,010-3152-8161,사진촬영
321,한도윤,56,부산 성동구 123-45,010-4540-9014,독서
322,신건우,48,평택 덕양구 123-45,010-2149-1252,영화감상
323,조지민,44,천안 분당구 123-45,010-4890-9382,뜨개질
324,강도윤,57,서울 중구 123-45,010-5203-4130,영화감상
325,윤서연,56,울산 동구 123-45,010-3888-9765,영화감상
326,정민수,50,남양주 신제주 123-45,010-6976-6197,자전거 타기
327,김은우,41,전주 성북구 123-45,010-4755-9885,게임
328,임현우,77,창원 북구 123-45,010-3832-2133,여행
329,이도윤,75,대전 장유동 123-45,010-7889-8487,유튜브 보기
330,박은우,21,인천 신제주 123-45,010-7857-2459,유튜브 보기
331,최예은,44,청주 서북구 123-45,010-9413-9276,수영
332,박지후,65,세종 강남구 123-45,010-4336-1633,카페 투어
333,서서연,69,대전 흥덕구 123-45,010-6893-8405,일기 쓰기
334,이태윤,33,천안 서북구 123-45,010-2465-8447,운동
335,강서연,34,수원 덕진구 123-45,010-2510-6875,음악감상
336,장예은,54,남양주 성동구 123-45,010-5761-6519,게임
337,김시우,33,제주 기흥구 123-45,010-2309-5631,음악감상
338,최지안,61,평택 해운대구 123-45,010-4150-5226,웹서핑
339,임태윤,67,부산 서북구 123-45,010-1375-4586,수영
340,장현우,32,용인 기흥구 123-45,010-4837-8495,일기 쓰기
341,윤서준,32,김해 장유동 123-45,010-2921-2093,게임
342,장하윤,46,성남 수성구 123-45,010-7786-6673,수영
343,장예은,43,창원 달서구 123-45,010-8088-9433,등산
344,최서연,46,창원 기흥구 123-45,010-7506-4385,운동
345,오지원,79,대전 분당구 123-45,010-8033-9910,일기 쓰기
346,정수빈,57,전주 해운대구 123-45,010-5923-7327,뜨개질
347,이지후,33,안산 기흥구 123-45,010-1874-9791,게임
348,장하은,74,안양 덕진구 123-45,010-7698-1901,유튜브 보기
349,박지민,36,안산 장유동 123-45,010-2398-2020,일기 쓰기
350,박지안,55,대전 일산동구 123-45,010-9331-4307,웹서핑
351,윤소율,47,청주 성북구 123-45,010-3243-1693,영화감상
352,신도윤,22,창원 진해구 123-45,010-6020-4874,사진촬영
353,김서연,31,고양 덕양구 123-45,010-4446-4013,드로잉
354,박지민,39,제주 동구 123-45,010-1993-5620,사진촬영
355,이지안,23,인천 기흥구 123-45,010-6621-4987,카페 투어
356,조민수,27,용인 덕진구 123-45,010-9063-4953,보드게임
357,윤소율,30,부산 송파구 123-45,010-5131-5530,웹서핑
358,신서연,20,남양주 덕양구 123-45,010-1572-6395,영화감상
359,최지후,62,화성 장유동 123-45,010-6646-4713,웹서핑
360,김예린,29,천안 성동구 123-45,010-8869-9747,운동
361,서예은,47,용인 북구 123-45,010-8547-6403,웹서핑
362,조지원,25,남양주 동구 123-45,010-1486-1112,자전거 타기
363,강하은,75,제주 강서구 123-45,010-7176-1423,수영
364,박은우,24,제주 덕진구 123-45,010-6693-6373,유튜브 보기
365,윤건우,35,남양주 덕양구 123-45,010-3544-5815,카페 투어
366,윤수빈,39,평택 달서구 123-45,010-7598-4139,보드게임
367,강은우,24,화성 송파구 123-45,010-9049-8396,게임
368,윤지원,43,세종 장유동 123-45,010-4007-6914,운동
369,서현우,74,고양 덕진구 123-45,010-6185-8768,뜨개질
370,이현우,62,부산 신제주 123-45,010-7988-5428,요리
371,오건우,39,김해 신제주 123-45,010-1787-2962,사진촬영
372,임은우,64,창원 수성구 123-45,010-5731-5497,영화감상
373,조지안,64,포항 진해구 123-45,010-3213-6684,운동
374,신서준,58,청주 서북구 123-45,010-6416-2586,자전거 타기
375,오지민,54,평택 서북구 123-45,010-2125-3567,영화감상
376,김도윤,45,포항 수성구 123-45,010-8001-9673,운동
377,정민수,65,천안 성동구 123-45,010-2126-2572,웹서핑
378,박현우,74,대구 성북구 123-45,010-3626-4806,일기 쓰기
379,서시우,67,수원 일산동구 123-45,010-5783-9316,보드게임
380,박은우,47,전주 일산동구 123-45,010-7169-9043,자전거 타기
381,서지안,32,남양주 신제주 123-45,010-2331-7096,영화감상
382,이하은,56,안양 서구 123-45,010-6346-1936,카페 투어
383,임예은,43,청주 일산동구 123-45,010-6161-7128,여행
384,윤예린,78,광주 강남구 123-45,010-8803-3399,여행
385,박지원,42,전주 강남구 123-45,010-5988-6503,여행
386,장은우,74,창원 덕진구 123-45,010-9985-1872,유튜브 보기
387,강시우,73,남양주 동구 123-45,010-5875-6349,유튜브 보기
388,오하윤,41,김해 덕진구 123-45,010-3920-7349,웹서핑
389,박지후,40,부산 서북구 123-45,010-3937-4395,음악감상
390,정시우,53,창원 북구 123-45,010-4397-1470,보드게임
391,정지후,43,인천 강남구 123-45,010-4525-7369,음악감상
392,신지원,54,전주 흥덕구 123-45,010-1750-1388,사진촬영
393,조소율,27,안양 북구 123-45,010-2002-3026,여행
394,임태윤,45,청주 중구 123-45,010-5959-6633,요리
395,한지후,31,화성 흥덕구 123-45,010-5159-2774,여행
396,이수빈,51,평택 일산동구 123-45,010-5974-7134,독서
397,임지안,26,성남 송파구 123-45,010-9455-9773,자전거 타기
398,신도윤,65,대구 흥덕구 123-45,010-2424-7155,요리
399,박유진,66,세종 진해구 123-45,010-5273-5730,자전거 타기
400,임민수,77,울산 장유동 123-45,010-5025-9553,수영
401,정예린,28,서울 덕진구 123-45,010-5553-1828,사진촬영
402,강도윤,43,천안 송파구 123-45,010-4830-6946,카페 투어
403,한하윤,28,천안 해운대구 123-45,010-2579-4989,카페 투어
404,신민수,40,수원 유성구 123-45,010-9477-4502,음악감상
405,김민수,32,수원 북구 123-45,010-6462-9039,보드게임
406,장지후,77,평택 강남구 123-45,010-7131-6039,영화감상
407,강태윤,45,고양 달서구 123-45,010-6541-2729,웹서핑
408,조태윤,60,성남 분당구 123-45,010-8196-2653,영화감상
409,최서준,63,김해 남구 123-45,010-9871-3373,뜨개질
410,최시우,60,성남 서북구 123-45,010-6029-3817,카페 투어
411,서소율,36,고양 중구 123-45,010-7000-3708,운동
412,정건우,56,안양 일산동구 123-45,010-3188-3637,일기 쓰기
413,임은우,49,인천 수성구 123-45,010-5380-1152,일기 쓰기
414,최민수,36,울산 일산동구 123-45,010-4910-1554,운동
415,임서연,42,포항 기흥구 123-45,010-4850-3040,보드게임
416,이수빈,53,안양 중구 123-45,010-4983-1368,영화감상
417,최도윤,38,제주 남구 123-45,010-3342-2582,여행
418,이하은,41,화성 달서구 123-45,010-1605-3104,사진촬영
419,한서준,24,용인 기흥구 123-45,010-5133-6027,독서
420,한하은,63,안양 북구 123-45,010-1252-6412,요리
421,임하은,57,안양 강남구 123-45,010-2787-1456,웹서핑
422,이소율,30,서울 팔달구 123-45,010-5697-7749,요리
423,조태윤,68,안산 기흥구 123-45,010-9871-6486,독서
424,박수빈,30,용인 팔달구 123-45,010-6187-1690,음악감상
425,강하은,24,대구 서구 123-45,010-2965-2454,게임
426,정하은,29,전주 동구 123-45,010-3220-2582,웹서핑
427,임하윤,38,김해 성북구 123-45,010-3306-8424,게임
428,최현우,66,대구 성동구 123-45,010-1427-8010,음악감상
429,윤현우,49,대구 기흥구 123-45,010-3339-3143,카페 투어
430,이수빈,24,포항 북구 123-45,010-4885-3590,일기 쓰기
431,한소율,56,남양주 덕양구 123-45,010-9125-6203,웹서핑
432,신현우,35,서울 기흥구 123-45,010-5526-6300,보드게임
433,장현우,37,인천 송파구 123-45,010-3588-1141,영화감상
434,강지원,28,청주 성북구 123-45,010-6156-8108,음악감상
435,한수빈,40,대전 송파구 123-45,010-2999-2533,카페 투어
436,정지원,20,대전 동구 123-45,010-6323-1303,게임
437,최건우,72,남양주 덕진구 123-45,010-3610-1022,뜨개질
438,조지원,52,광주 팔달구 123-45,010-9177-6359,일기 쓰기
439,조소율,76,인천 중구 123-45,010-6514-5247,자전거 타기
440,한건우,46,부산 유성구 123-45,010-1570-7957,영화감상
441,조예린,29,고양 성북구 123-45,010-6748-1643,영화감상
442,정유진,22,제주 진해구 123-45,010-9844-5921,요리
443,최지민,62,전주 송파구 123-45,010-4773-6065,요리
444,최현우,49,남양주 분당구 123-45,010-7236-2012,웹서핑
445,오소율,50,대전 팔달구 123-45,010-5026-3052,카페 투어
446,오현우,64,천안 일산동구 123-45,010-8197-7256,게임
447,최수빈,62,포항 서북구 123-45,010-7560-8291,카페 투어
448,신도윤,33,서울 유성구 123-45,010-9271-9341,웹서핑
449,최도윤,33,청주 강남구 123-45,010-4756-2112,운동
450,신수빈,76,포항 강남구 123-45,010-9565-4412,수영
451,조현우,78,천안 해운대구 123-45,010-6875-8117,여행
452,조하은,41,인천 송파구 123-45,010-3540-3704,웹서핑
453,강지후,31,안산 해운대구 123-45,010-4162-9809,게임
454,한하윤,36,안양 팔달구 123-45,010-5418-2327,유튜브 보기
455,강도윤,24,서울 해운대구 123-45,010-7166-3622,운동
456,신지원,51,안양 강서구 123-45,010-3427-3212,카페 투어
457,김건우,52,청주 수성구 123-45,010-4916-8781,드로잉
458,박지안,60,안양 장유동 123-45,010-4749-7824,게임
459,오예린,54,서울 흥덕구 123-45,010-9865-7703,사진촬영
460,신도윤,69,천안 진해구 123-45,010-1997-4099,뜨개질
461,조서준,59,화성 신제주 123-45,010-5674-2253,음악감상
462,신지원,42,서울 유성구 123-45,010-2695-6542,요리
463,장하윤,78,전주 달서구 123-45,010-1852-4912,웹서핑
464,임소율,68,전주 덕진구 123-45,010-4760-4483,유튜브 보기
465,임예린,42,고양 송파구 123-45,010-5308-7569,카페 투어
466,윤시우,24,제주 달서구 123-45,010-8678-4010,일기 쓰기
467,최시우,33,부산 동구 123-45,010-2991-6153,웹서핑
468,윤수빈,28,대전 유성구 123-45,010-1982-8301,자전거 타기
469,서도윤,71,울산 강서구 123-45,010-6138-7961,게임
470,장하은,60,대구 일산동구 123-45,010-9268-4412,일기 쓰기
471,정민수,50,성남 팔달구 123-45,010-1291-6218,카페 투어
472,오시우,65,청주 서북구 123-45,010-8605-5913,운동
473,김서연,31,안양 기흥구 123-45,010-1701-1476,여행
474,한도윤,36,포항 수성구 123-45,010-2783-8748,카페 투어
475,조서준,47,포항 장유동 123-45,010-4814-5714,뜨개질
476,신소율,34,용인 강남구 123-45,010-7023-8262,게임
477,최하윤,42,안양 서구 123-45,010-6979-5356,자전거 타기
478,임지안,45,창원 덕진구 123-45,010-3225-1905,사진촬영
479,임지후,58,성남 분당구 123-45,010-2001-6442,운동
480,김지후,32,창원 기흥구 123-45,010-9378-1182,게임
481,이지안,36,청주 팔달구 123-45,010-3710-6655,뜨개질
482,신건우,74,청주 팔달구 123-45,010-3577-4125,보드게임
483,김도윤,56,용인 장유동 123-45,010-2045-1250,사진촬영
484,신소율,52,대전 성북구 123-45,010-7496-9087,요리
485,최지원,29,화성 수성구 123-45,010-4772-6550,뜨개질
486,조지원,77,청주 진해구 123-45,010-2806-4070,유튜브 보기
487,최지원,49,창원 송파구 123-45,010-2120-2874,일기 쓰기
488,한수빈,55,부산 팔달구 123-45,010-2416-1050,일기 쓰기
489,임예린,60,평택 동구 123-45,010-4567-8105,독서
490,윤지민,28,포항 해운대구 123-45,010-4026-2685,자전거 타기
491,한하윤,41,안산 동구 123-45,010-3548-4706,드로잉
492,서예린,24,남양주 유성구 123-45,010-1162-8495,일기 쓰기
493,장유진,74,전주 강남구 123-45,010-4173-7967,카페 투어
494,임하윤,76,남양주 성북구 123-45,010-4100-5338,자전거 타기
495,김태윤,20,청주 수성구 123-45,010-3936-2721,독서
496,임은우,66,서울 서북구 123-45,010-8438-2430,보드게임
497,최민수,75,안양 성북구 123-45,010-1656-7210,등산
498,조지후,57,포항 달서구 123-45,010-5876-7748,뜨개질
499,조지원,29,고양 달서구 123-45,010-5035-4481,수영
500,오건우,72,평택 수성구 123-45,010-2164-9054,요리
501,장예은,47,안산 남구 123-45,010-1759-6952,사진촬영
502,이수빈,55,인천 일산동구 123-45,010-4114-7525,일기 쓰기
503,최지후,45,안양 장유동 123-45,010-5583-9736,요리
504,김시우,27,청주 성동구 123-45,010-2244-9616,웹서핑
505,윤지민,34,안양 팔달구 123-45,010-2978-3738,등산
506,조시우,50,청주 덕양구 123-45,010-8558-4859,음악감상
507,이서준,60,청주 강남구 123-45,010-7067-9287,뜨개질
508,장건우,43,청주 북구 123-45,010-8262-5253,웹서핑
509,임은우,51,화성 동구 123-45,010-4720-5696,카페 투어
510,이현우,45,제주 남구 123-45,010-7936-5063,운동
511,조하윤,46,성남 강남구 123-45,010-6119-1589,드로잉
512,서유진,60,청주 팔달구 123-45,010-7786-2219,자전거 타기
513,박하은,63,부산 팔달구 123-45,010-3379-8073,수영
514,장민수,53,울산 신제주 123-45,010-9889-3105,웹서핑
515,김예은,43,천안 수성구 123-45,010-7891-4988,카페 투어
516,강수빈,50,안양 팔달구 123-45,010-9832-5426,독서
517,오지민,74,화성 강서구 123-45,010-1330-4775,음악감상
518,김은우,66,창원 기흥구 123-45,010-1039-5536,유튜브 보기
519,김지안,38,대전 성동구 123-45,010-3679-5106,운동
520,최시우,68,인천 달서구 123-45,010-2401-5068,독서
521,정시우,20,인천 송파구 123-45,010-7630-7752,보드게임
522,박수빈,68,남양주 수성구 123-45,010-9995-9262,뜨개질
523,김소율,61,성남 기흥구 123-45,010-8067-9297,드로잉
524,장시우,51,김해 수성구 123-45,010-1403-1527,뜨개질
525,김은우,49,성남 성북구 123-45,010-1317-6381,음악감상
526,김예린,23,화성 수성구 123-45,010-9046-9841,게임
527,정서연,26,남양주 신제주 123-45,010-9551-1191,유튜브 보기
528,최도윤,35,전주 기흥구 123-45,010-4271-6773,자전거 타기
529,이은우,24,인천 흥덕구 123-45,010-7344-1622,요리
530,조지민,22,성남 달서구 123-45,010-3462-5418,등산
531,장하윤,38,천안 분당구 123-45,010-5843-4844,수영
532,한서준,56,인천 남구 123-45,010-9350-7660,유튜브 보기
533,조지후,75,대전 강서구 123-45,010-1951-2091,일기 쓰기
534,박지후,62,부산 서구 123-45,010-8429-1793,자전거 타기
535,정지안,60,안산 서구 123-45,010-3872-5130,수영
536,임예린,62,세종 중구 123-45,010-2967-8396,드로잉
537,박시우,36,수원 동구 123-45,010-1522-9987,독서
538,윤하은,27,안양 일산동구 123-45,010-8417-4118,독서
539,박유진,66,천안 덕진구 123-45,010-1780-9343,음악감상
540,박현우,76,대구 강남구 123-45,010-4433-3543,카페 투어
541,조소율,24,안양 남구 123-45,010-1426-5632,수영
542,신하윤,21,성남 동구 123-45,010-1044-5360,보드게임
543,이지민,34,천안 진해구 123-45,010-1161-9365,사진촬영
544,강하은,72,남양주 중구 123-45,010-1206-4315,드로잉
545,한하은,78,성남 흥덕구 123-45,010-3013-1464,게임
546,서지후,28,안산 분당구 123-45,010-4676-8681,사진촬영
547,오수빈,45,용인 유성구 123-45,010-6357-5426,일기 쓰기
548,이지민,52,화성 서구 123-45,010-4029-3282,뜨개질
549,장시우,56,김해 유성구 123-45,010-5317-2812,독서
550,정수빈,56,서울 덕진구 123-45,010-5131-1823,웹서핑
551,최하은,67,남양주 장유동 123-45,010-7858-5415,여행
552,조하은,37,수원 해운대구 123-45,010-6557-4594,운동
553,오수빈,52,부산 흥덕구 123-45,010-4352-2820,수영
554,장예은,76,수원 장유동 123-45,010-3904-4651,음악감상
555,임도윤,24,대전 송파구 123-45,010-7902-1803,뜨개질
556,최지민,62,서울 남구 123-45,010-2664-2060,카페 투어
557,서태윤,52,인천 강남구 123-45,010-6048-4823,카페 투어
558,장현우,69,용인 분당구 123-45,010-2011-9381,드로잉
559,정예은,36,대구 송파구 123-45,010-8947-6952,게임
560,최건우,61,수원 북구 123-45,010-1205-6839,요리
561,이민수,78,울산 진해구 123-45,010-3620-6439,여행
562,강소율,39,부산 성동구 123-45,010-7148-1116,여행
563,장유진,22,남양주 흥덕구 123-45,010-7896-5572,사진촬영
564,정지안,56,포항 장유동 123-45,010-5484-4981,사진촬영
565,강은우,50,성남 팔달구 123-45,010-3427-3242,등산
566,김태윤,22,인천 서북구 123-45,010-3459-6082,사진촬영
567,조도윤,67,천안 성동구 123-45,010-5100-8032,독서
568,윤소율,64,전주 일산동구 123-45,010-4253-3116,보드게임
569,서지원,70,세종 장유동 123-45,010-8815-3089,보드게임
570,서시우,45,수원 신제주 123-45,010-2304-4853,등산
571,서서준,71,대구 기흥구 123-45,010-3665-6748,영화감상
572,정수빈,37,광주 진해구 123-45,010-4480-9765,유튜브 보기
573,한도윤,36,화성 송파구 123-45,010-2111-6028,보드게임
574,윤하은,58,부산 중구 123-45,010-8795-1126,드로잉
575,임시우,46,대전 달서구 123-45,010-1838-7560,운동
576,장예린,23,고양 유성구 123-45,010-1118-2568,자전거 타기
577,김하은,38,울산 팔달구 123-45,010-5091-8922,등산
578,신태윤,75,청주 진해구 123-45,010-5188-3717,뜨개질
579,신도윤,28,천안 서구 123-45,010-8923-6660,독서
580,이지민,74,대전 성북구 123-45,010-4797-6749,요리
581,오하은,58,창원 송파구 123-45,010-1211-4757,보드게임
582,임하은,77,안산 동구 123-45,010-9260-2794,요리
583,장현우,24,성남 덕양구 123-45,010-8832-5359,뜨개질
584,한예린,45,고양 덕진구 123-45,010-5134-6956,독서
585,신하은,53,용인 중구 123-45,010-6911-3171,사진촬영
586,오은우,68,화성 팔달구 123-45,010-9465-1948,카페 투어
587,오유진,52,광주 중구 123-45,010-8765-7554,카페 투어
588,임지안,65,청주 중구 123-45,010-4193-8420,웹서핑
589,장도윤,46,세종 강남구 123-45,010-8615-1621,영화감상
590,강은우,59,안양 덕진구 123-45,010-6708-4820,음악감상
591,한소율,74,청주 남구 123-45,010-7834-3565,자전거 타기
592,강하은,38,전주 강서구 123-45,010-4255-6726,뜨개질
593,박은우,27,청주 팔달구 123-45,010-2660-1987,자전거 타기
594,한민수,20,남양주 팔달구 123-45,010-1414-7939,일기 쓰기
595,조수빈,43,김해 수성구 123-45,010-7904-4296,여행
596,이예은,72,수원 동구 123-45,010-7814-2578,등산
597,임유진,50,용인 강남구 123-45,010-2900-2965,수영
598,이지안,77,김해 진해구 123-45,010-1381-9718,웹서핑
599,정유진,74,용인 팔달구 123-45,010-2749-2003,운동
600,서지민,51,부산 성북구 123-45,010-6048-1104,보드게임
601,오하윤,76,인천 남구 123-45,010-9336-5138,자전거 타기
602,오소율,51,부산 해운대구 123-45,010-1699-2160,보드게임
603,이하윤,33,인천 해운대구 123-45,010-3666-8829,자전거 타기
604,오예린,54,고양 동구 123-45,010-7652-7480,일기 쓰기
605,김은우,45,남양주 강서구 123-45,010-3488-1980,게임
606,이민수,34,청주 성북구 123-45,010-4135-8688,일기 쓰기
607,조민수,30,수원 장유동 123-45,010-1632-2807,수영
608,장수빈,59,김해 일산동구 123-45,010-4233-7537,음악감상
609,강현우,61,세종 장유동 123-45,010-9557-1777,뜨개질
610,오민수,22,대구 송파구 123-45,010-8136-7773,음악감상
611,김예은,66,인천 중구 123-45,010-3301-9553,게임
612,서유진,72,서울 분당구 123-45,010-5617-4460,자전거 타기
613,정예린,27,안산 신제주 123-45,010-1189-2474,운동
614,서도윤,26,용인 동구 123-45,010-3672-3544,등산
615,조지민,53,대구 팔달구 123-45,010-5851-5803,웹서핑
616,조태윤,42,울산 성동구 123-45,010-3843-9786,보드게임
617,김도윤,45,고양 송파구 123-45,010-5554-7135,뜨개질
618,조도윤,59,서울 일산동구 123-45,010-8622-5249,유튜브 보기
619,강서연,47,제주 성동구 123-45,010-7368-6181,일기 쓰기
620,최태윤,76,안산 성북구 123-45,010-5935-6704,자전거 타기
621,오하은,49,포항 송파구 123-45,010-8963-3407,수영
622,김현우,62,서울 덕진구 123-45,010-7618-6720,사진촬영
623,김소율,44,부산 덕양구 123-45,010-2926-9894,자전거 타기
624,장수빈,36,서울 달서구 123-45,010-4365-4761,카페 투어
625,서현우,44,제주 성북구 123-45,010-3711-1364,독서
626,임민수,33,광주 성동구 123-45,010-9972-6213,수영
627,윤지후,63,고양 동구 123-45,010-2580-5808,운동
628,정하윤,76,광주 강서구 123-45,010-7285-7084,웹서핑
629,서수빈,22,창원 일산동구 123-45,010-6080-2124,웹서핑
630,한소율,64,안산 유성구 123-45,010-1444-2031,요리
631,조태윤,45,화성 분당구 123-45,010-8298-9137,영화감상
632,이서준,29,창원 해운대구 123-45,010-7599-3224,게임
633,정서준,26,인천 동구 123-45,010-3029-2232,독서
634,오도윤,61,남양주 유성구 123-45,010-3314-5903,사진촬영
635,임지안,34,수원 덕양구 123-45,010-6799-7450,여행
636,임태윤,23,인천 서구 123-45,010-1659-6550,자전거 타기
637,장지민,66,세종 동구 123-45,010-5502-9816,카페 투어
638,신지안,42,성남 기흥구 123-45,010-1774-1909,유튜브 보기
639,윤유진,62,서울 기흥구 123-45,010-3717-2434,보드게임
640,한민수,58,남양주 달서구 123-45,010-1497-2086,등산
641,신지안,60,광주 일산동구 123-45,010-4123-2123,카페 투어
642,신은우,72,용인 수성구 123-45,010-1232-3713,여행
643,박소율,49,대전 분당구 123-45,010-9971-3435,유튜브 보기
644,오지후,54,울산 흥덕구 123-45,010-6433-1208,수영
645,서도윤,41,대구 서구 123-45,010-1268-3291,여행
646,최예린,23,포항 성동구 123-45,010-3081-2403,웹서핑
647,김수빈,50,제주 중구 123-45,010-7857-1843,수영
648,강수빈,42,세종 분당구 123-45,010-5164-5643,보드게임
649,오예은,37,평택 송파구 123-45,010-5993-9806,음악감상
650,김태윤,67,포항 팔달구 123-45,010-9623-3882,드로잉
651,박수빈,78,울산 강서구 123-45,010-6191-8244,카페 투어
652,장지원,43,제주 일산동구 123-45,010-1368-1009,보드게임
653,윤지안,60,용인 달서구 123-45,010-9570-8509,영화감상
654,장은우,40,부산 수성구 123-45,010-1451-3712,수영
655,강하은,58,용인 성동구 123-45,010-2470-3036,수영
656,장시우,78,울산 성북구 123-45,010-7246-5040,유튜브 보기
657,박지원,49,전주 북구 123-45,010-9255-2896,사진촬영
658,조도윤,33,세종 기흥구 123-45,010-2534-9035,독서
659,장도윤,39,천안 장유동 123-45,010-3404-4507,유튜브 보기
660,한시우,76,천안 수성구 123-45,010-6375-2057,웹서핑
661,박하윤,49,대구 서북구 123-45,010-3216-4815,여행
662,임지후,52,부산 일산동구 123-45,010-6126-1884,요리
663,강은우,40,안양 동구 123-45,010-9458-3299,요리
664,강지민,24,용인 팔달구 123-45,010-8849-7804,운동
665,최예은,41,포항 송파구 123-45,010-7142-1697,웹서핑
666,강은우,39,대전 수성구 123-45,010-9629-5410,사진촬영
667,한하은,24,부산 장유동 123-45,010-7240-4170,등산
668,윤유진,29,서울 동구 123-45,010-4446-2073,유튜브 보기
669,정지원,54,남양주 유성구 123-45,010-1631-6632,자전거 타기
670,강현우,23,대전 중구 123-45,010-9962-6119,영화감상
671,윤예은,46,용인 송파구 123-45,010-4111-1538,음악감상
672,서시우,54,남양주 덕진구 123-45,010-6925-5079,일기 쓰기
673,윤민수,35,대전 북구 123-45,010-6037-5058,여행
674,한태윤,55,창원 장유동 123-45,010-4956-1401,웹서핑
675,조민수,51,성남 신제주 123-45,010-1877-4633,요리
676,이예은,36,고양 서북구 123-45,010-9725-3623,여행
677,조지민,63,울산 중구 123-45,010-1390-2304,등산
678,장수빈,33,포항 북구 123-45,010-4197-3466,사진촬영
679,오수빈,23,포항 신제주 123-45,010-8332-6576,유튜브 보기
680,조건우,63,안양 기흥구 123-45,010-9040-4393,일기 쓰기
681,최소율,45,수원 송파구 123-45,010-4940-6282,여행
682,신민수,39,부산 덕양구 123-45,010-9180-4480,게임
683,이태윤,50,고양 흥덕구 123-45,010-5178-5606,자전거 타기
684,한예린,51,포항 서구 123-45,010-1973-1197,운동
685,신지민,50,광주 해운대구 123-45,010-3917-3023,영화감상
686,강하윤,62,울산 덕진구 123-45,010-2921-3123,뜨개질
687,정태윤,27,서울 동구 123-45,010-9641-8317,사진촬영
688,한예은,51,창원 성북구 123-45,010-6380-8427,유튜브 보기
689,서수빈,34,부산 유성구 123-45,010-4467-4217,게임
690,조태윤,38,포항 성북구 123-45,010-5348-8269,드로잉
691,장하윤,48,천안 수성구 123-45,010-3856-5187,자전거 타기
692,최지안,20,대구 강남구 123-45,010-7565-3130,웹서핑
693,이하윤,29,포항 기흥구 123-45,010-3253-9366,운동
694,정건우,55,성남 송파구 123-45,010-6373-4372,뜨개질
695,최하은,75,포항 달서구 123-45,010-2943-4049,일기 쓰기
696,최하윤,51,평택 신제주 123-45,010-3280-9940,운동
697,신태윤,75,전주 송파구 123-45,010-3619-7631,보드게임
698,박현우,44,대구 서구 123-45,010-8356-4778,영화감상
699,서지안,69,울산 달서구 123-45,010-4238-5623,운동
700,한지후,70,대구 송파구 123-45,010-3029-1375,영화감상
701,최은우,79,제주 유성구 123-45,010-3356-2292,음악감상
702,강하윤,59,청주 분당구 123-45,010-1641-4181,드로잉
703,이하은,42,안산 북구 123-45,010-2756-4213,게임
704,조지민,37,김해 분당구 123-45,010-2460-9076,음악감상
705,임민수,70,고양 성북구 123-45,010-3010-2444,독서
706,정지민,54,성남 덕진구 123-45,010-7020-2397,유튜브 보기
707,임태윤,30,안양 덕진구 123-45,010-2035-5011,자전거 타기
708,장예은,42,세종 신제주 123-45,010-8974-1035,음악감상
709,장예은,32,남양주 서구 123-45,010-4036-3609,음악감상
710,최하은,78,인천 흥덕구 123-45,010-3734-7596,보드게임
711,윤예은,48,광주 북구 123-45,010-9754-6096,자전거 타기
712,서유진,59,남양주 신제주 123-45,010-8953-1131,유튜브 보기
713,김현우,25,성남 분당구 123-45,010-4875-3889,사진촬영
714,최현우,59,세종 동구 123-45,010-4005-2833,유튜브 보기
715,이현우,29,서울 흥덕구 123-45,010-9346-5597,드로잉
716,강지민,54,평택 송파구 123-45,010-7694-8830,일기 쓰기
717,신지후,37,창원 동구 123-45,010-9949-3277,일기 쓰기
718,강예은,25,세종 유성구 123-45,010-8738-3283,카페 투어
719,서태윤,29,성남 동구 123-45,010-5689-2834,독서
720,정건우,33,포항 수성구 123-45,010-7478-4250,게임
721,조태윤,31,포항 강서구 123-45,010-3363-1117,게임
722,강예은,55,성남 분당구 123-45,010-3590-2243,카페 투어
723,임수빈,36,부산 진해구 123-45,010-3880-5479,유튜브 보기
724,장태윤,53,평택 송파구 123-45,010-1799-6096,영화감상
725,강지안,21,창원 성동구 123-45,010-5437-1873,게임
726,오하은,38,수원 성북구 123-45,010-7895-4593,유튜브 보기
727,임은우,62,남양주 동구 123-45,010-3463-9020,음악감상
728,정민수,57,천안 북구 123-45,010-2371-4728,유튜브 보기
729,장현우,33,평택 송파구 123-45,010-3939-2896,영화감상
730,임건우,42,성남 흥덕구 123-45,010-5207-8101,게임
731,이지안,75,세종 수성구 123-45,010-6735-1136,운동
732,한지원,59,서울 팔달구 123-45,010-9584-8553,운동
733,윤현우,44,대전 장유동 123-45,010-7390-7356,게임
734,한지안,39,제주 유성구 123-45,010-6292-3422,자전거 타기
735,윤서준,74,울산 수성구 123-45,010-2134-5556,게임
736,신하윤,49,부산 해운대구 123-45,010-2816-5941,드로잉
737,임민수,62,성남 서구 123-45,010-3988-4843,드로잉
738,임지후,69,세종 덕양구 123-45,010-4136-1798,웹서핑
739,박시우,68,평택 성동구 123-45,010-4622-8664,뜨개질
740,이은우,20,성남 서북구 123-45,010-9890-6538,게임
741,조민수,26,수원 일산동구 123-45,010-5919-2302,등산
742,강지원,31,인천 수성구 123-45,010-9938-7355,수영
743,서예린,73,안양 수성구 123-45,010-3069-1964,보드게임
744,오은우,48,대구 강서구 123-45,010-7382-3185,웹서핑
745,신지원,54,제주 수성구 123-45,010-2509-3493,뜨개질
746,강서준,75,성남 유성구 123-45,010-8810-5574,웹서핑
747,김예은,33,인천 서북구 123-45,010-3869-9080,운동
748,신지안,61,성남 성북구 123-45,010-3012-6770,유튜브 보기
749,오지후,20,창원 성북구 123-45,010-8912-1135,보드게임
750,서현우,55,광주 분당구 123-45,010-9152-1823,웹서핑
751,김예은,71,세종 송파구 123-45,010-5324-5451,사진촬영
752,장지안,38,부산 송파구 123-45,010-4019-5605,독서
753,오소율,49,성남 남구 123-45,010-5887-9230,요리
754,한예은,48,김해 유성구 123-45,010-5508-4053,수영
755,조은우,21,부산 유성구 123-45,010-5956-3711,여행
756,김유진,69,제주 성동구 123-45,010-6325-5353,일기 쓰기
757,신태윤,56,대전 성북구 123-45,010-3945-1200,요리
758,장유진,70,성남 성북구 123-45,010-9942-9874,사진촬영
759,서수빈,53,수원 서구 123-45,010-1268-7538,독서
760,신하윤,60,청주 송파구 123-45,010-6065-8496,수영
761,임서준,51,성남 팔달구 123-45,010-4816-3822,등산
762,서서준,48,화성 수성구 123-45,010-2662-1476,뜨개질
763,윤민수,56,안양 신제주 123-45,010-8212-7037,게임
764,박지안,64,김해 덕진구 123-45,010-8592-6472,자전거 타기
765,최도윤,25,창원 장유동 123-45,010-1443-1456,수영
766,장지안,40,울산 기흥구 123-45,010-8396-7940,유튜브 보기
767,최시우,38,전주 기흥구 123-45,010-7956-3896,사진촬영
768,조태윤,29,대전 유성구 123-45,010-4704-3002,독서
769,강지안,77,포항 수성구 123-45,010-8218-9885,영화감상
770,조하윤,72,김해 장유동 123-45,010-4552-9466,자전거 타기
771,강민수,46,안양 덕진구 123-45,010-3116-1690,음악감상
772,조지후,46,고양 흥덕구 123-45,010-5954-6229,카페 투어
773,조서준,76,세종 송파구 123-45,010-3749-5711,카페 투어
774,이예은,53,제주 장유동 123-45,010-4754-3605,음악감상
775,조예은,70,부산 덕양구 123-45,010-5524-6580,등산
776,이현우,45,안산 성북구 123-45,010-4270-5651,여행
777,서예은,26,고양 일산동구 123-45,010-9324-9188,보드게임
778,김서준,43,창원 성북구 123-45,010-4843-2031,음악감상
779,박현우,24,평택 성동구 123-45,010-9228-5383,등산
780,임태윤,28,남양주 기흥구 123-45,010-8405-8114,카페 투어
781,한태윤,22,광주 성동구 123-45,010-9751-3925,일기 쓰기
782,김예린,65,남양주 서북구 123-45,010-4105-3534,여행
783,장서준,49,김해 장유동 123-45,010-5260-5497,유튜브 보기
784,김하은,24,포항 북구 123-45,010-1717-4356,독서
785,이지원,42,김해 동구 123-45,010-8751-5650,운동
786,오지민,33,남양주 중구 123-45,010-4582-8795,자전거 타기
787,박지후,25,남양주 남구 123-45,010-6796-7210,여행
788,윤건우,77,세종 성동구 123-45,010-3088-5695,수영
789,조서연,24,전주 흥덕구 123-45,010-7026-5675,보드게임
790,신시우,45,수원 달서구 123-45,010-3456-6310,사진촬영
791,조지원,28,화성 강남구 123-45,010-5300-3700,영화감상
792,이지원,74,포항 팔달구 123-45,010-7844-9875,음악감상
793,조지후,69,대전 유성구 123-45,010-8729-8735,유튜브 보기
794,박하윤,78,제주 일산동구 123-45,010-6433-1231,보드게임
795,한태윤,21,천안 진해구 123-45,010-2149-6190,자전거 타기
796,조서준,33,세종 중구 123-45,010-2531-5690,운동
797,조예은,29,화성 기흥구 123-45,010-5996-4152,영화감상
798,정지안,24,고양 강남구 123-45,010-7895-3830,독서
799,신민수,62,고양 동구 123-45,010-7933-9095,사진촬영
800,이소율,52,대전 팔달구 123-45,010-7372-1122,자전거 타기
801,박하은,72,창원 신제주 123-45,010-3412-1132,영화감상
802,신수빈,63,울산 흥덕구 123-45,010-2444-2498,게임
803,윤태윤,41,평택 팔달구 123-45,010-3230-3648,영화감상
804,서지원,68,용인 서구 123-45,010-6110-4205,카페 투어
805,장지원,62,안산 동구 123-45,010-3239-5700,유튜브 보기
806,강소율,22,전주 해운대구 123-45,010-2895-9444,수영
807,박도윤,47,고양 일산동구 123-45,010-8062-6737,게임
808,서은우,49,서울 유성구 123-45,010-7867-3625,게임
809,한수빈,70,세종 덕진구 123-45,010-7263-1304,카페 투어
810,임소율,46,대구 신제주 123-45,010-4280-5300,일기 쓰기
811,오은우,64,대전 달서구 123-45,010-9903-1833,운동
812,조서연,31,대전 북구 123-45,010-5818-2191,등산
813,박건우,53,광주 해운대구 123-45,010-5947-3511,자전거 타기
814,이민수,55,성남 성북구 123-45,010-5079-2818,카페 투어
815,정수빈,39,전주 성동구 123-45,010-2207-1298,일기 쓰기
816,조서준,65,고양 달서구 123-45,010-6283-2062,음악감상
817,장지민,79,인천 성동구 123-45,010-5434-9939,자전거 타기
818,오지안,69,안양 분당구 123-45,010-3988-5797,사진촬영
819,한도윤,58,천안 기흥구 123-45,010-8880-4610,운동
820,서수빈,41,광주 송파구 123-45,010-3566-4752,일기 쓰기
821,박은우,60,청주 송파구 123-45,010-2390-1394,운동
822,박시우,40,평택 달서구 123-45,010-8919-6999,독서
823,서수빈,39,김해 송파구 123-45,010-3273-4834,사진촬영
824,서건우,57,포항 서구 123-45,010-1187-1427,드로잉
825,장태윤,59,남양주 분당구 123-45,010-3390-6269,수영
826,이은우,20,인천 달서구 123-45,010-4232-8230,카페 투어
827,박서연,47,대구 남구 123-45,010-6490-2690,카페 투어
828,오도윤,42,수원 서북구 123-45,010-6114-3840,게임
829,김현우,66,서울 서북구 123-45,010-8762-4076,자전거 타기
830,정하은,60,세종 중구 123-45,010-7271-4187,음악감상
831,윤서준,50,부산 중구 123-45,010-4547-1482,뜨개질
832,오민수,76,고양 일산동구 123-45,010-7531-7631,드로잉
833,장지민,71,광주 덕진구 123-45,010-4282-9678,유튜브 보기
834,한건우,65,제주 북구 123-45,010-6060-9454,카페 투어
835,윤지후,75,안양 성동구 123-45,010-4212-3170,독서
836,정지원,58,대구 북구 123-45,010-3838-4560,독서
837,오서준,59,평택 달서구 123-45,010-3638-6365,카페 투어
838,조건우,75,대구 성북구 123-45,010-3607-5199,게임
839,이건우,72,전주 달서구 123-45,010-4165-9065,뜨개질
840,신도윤,42,대구 강서구 123-45,010-5884-6971,일기 쓰기
841,이하은,30,고양 동구 123-45,010-4574-7703,드로잉
842,정시우,26,부산 달서구 123-45,010-6369-1477,운동
843,오하윤,55,청주 북구 123-45,010-2606-5064,일기 쓰기
844,한은우,26,김해 달서구 123-45,010-3499-7863,수영
845,강현우,24,부산 장유동 123-45,010-3210-1453,뜨개질
846,임시우,50,성남 덕진구 123-45,010-8784-4465,뜨개질
847,김하윤,57,서울 강서구 123-45,010-4415-8487,보드게임
848,조시우,51,포항 달서구 123-45,010-2197-2821,뜨개질
849,강도윤,72,평택 해운대구 123-45,010-1650-4959,여행
850,윤현우,70,포항 해운대구 123-45,010-2974-1692,요리
851,윤민수,74,부산 중구 123-45,010-8920-6470,영화감상
852,한건우,29,천안 장유동 123-45,010-4472-9853,게임
853,이시우,60,천안 덕진구 123-45,010-4750-1453,보드게임
854,김건우,72,서울 팔달구 123-45,010-5041-7035,자전거 타기
855,임민수,50,포항 성동구 123-45,010-3434-2805,자전거 타기
856,임서연,23,성남 성북구 123-45,010-4038-5247,드로잉
857,윤수빈,22,부산 팔달구 123-45,010-3511-6982,일기 쓰기
858,최지민,78,용인 남구 123-45,010-7539-2801,뜨개질
859,윤태윤,36,안산 중구 123-45,010-2483-3867,여행
860,임하윤,63,울산 동구 123-45,010-7053-2483,운동
861,박건우,47,화성 일산동구 123-45,010-3219-6020,여행
862,정지안,44,대구 성동구 123-45,010-3234-4109,유튜브 보기
863,최시우,70,안양 강남구 123-45,010-3508-8921,사진촬영
864,조태윤,55,성남 중구 123-45,010-5127-8624,뜨개질
865,한수빈,22,남양주 덕양구 123-45,010-7540-9389,운동
866,정민수,36,대전 기흥구 123-45,010-3112-9966,사진촬영
867,강서준,46,성남 송파구 123-45,010-9238-4351,음악감상
868,윤지원,76,광주 수성구 123-45,010-4851-5623,독서
869,정예린,25,천안 중구 123-45,010-1656-9266,운동
870,이지후,49,대구 서구 123-45,010-6836-9733,자전거 타기
871,장서연,49,화성 진해구 123-45,010-5311-2893,등산
872,정소율,74,포항 일산동구 123-45,010-7264-8249,요리
873,강지안,34,울산 기흥구 123-45,010-1201-8715,독서
874,한예린,66,인천 성북구 123-45,010-4590-3658,영화감상
875,윤시우,75,포항 북구 123-45,010-2049-4403,보드게임
876,정유진,37,수원 유성구 123-45,010-1392-5459,일기 쓰기
877,서소율,46,부산 유성구 123-45,010-7253-4383,드로잉
878,조하윤,56,포항 동구 123-45,010-8702-6109,수영
879,장지원,51,천안 진해구 123-45,010-2827-1624,여행
880,오건우,56,고양 장유동 123-45,010-4170-4264,사진촬영
881,장서준,21,천안 강서구 123-45,010-8878-9576,유튜브 보기
882,강태윤,43,포항 중구 123-45,010-4020-1270,보드게임
883,서서준,22,부산 남구 123-45,010-3628-4654,등산
884,이예린,57,부산 수성구 123-45,010-8286-1327,여행
885,김예은,39,성남 달서구 123-45,010-7587-4180,웹서핑
886,신지안,35,대구 장유동 123-45,010-3304-1516,게임
887,장예린,25,성남 송파구 123-45,010-5726-4939,영화감상
888,정서연,42,고양 성동구 123-45,010-6644-4199,사진촬영
889,김시우,40,고양 중구 123-45,010-2572-2740,사진촬영
890,한도윤,71,서울 기흥구 123-45,010-9834-3808,자전거 타기
891,오도윤,58,서울 강남구 123-45,010-8072-4816,웹서핑
892,박지민,28,제주 서북구 123-45,010-7828-2481,사진촬영
893,장지민,39,김해 수성구 123-45,010-7312-4384,영화감상
894,장민수,53,부산 남구 123-45,010-7266-1922,자전거 타기
895,조민수,26,안산 기흥구 123-45,010-7298-5973,카페 투어
896,이수빈,75,화성 해운대구 123-45,010-8407-4965,여행
897,오지민,62,성남 일산동구 123-45,010-6665-4359,일기 쓰기
898,한시우,43,전주 중구 123-45,010-8312-2362,드로잉
899,서지안,20,청주 장유동 123-45,010-5324-8753,영화감상
900,정서연,26,용인 송파구 123-45,010-2627-2491,요리
901,조민수,43,광주 일산동구 123-45,010-6238-3035,카페 투어
902,강서준,26,화성 팔달구 123-45,010-6060-3376,수영
903,오현우,54,성남 서북구 123-45,010-2446-4549,영화감상
904,이건우,59,수원 유성구 123-45,010-2257-8322,등산
905,윤지원,46,창원 서북구 123-45,010-8624-2666,여행
906,임서연,62,부산 동구 123-45,010-2119-6939,일기 쓰기
907,장태윤,70,화성 장유동 123-45,010-1712-3946,게임
908,정민수,56,안양 강서구 123-45,010-1978-2308,웹서핑
909,이지민,33,남양주 신제주 123-45,010-8325-4861,운동
910,임예린,38,수원 남구 123-45,010-1543-6077,운동
911,오건우,53,포항 흥덕구 123-45,010-8922-8574,자전거 타기
912,임태윤,46,포항 흥덕구 123-45,010-8916-7951,수영
913,정도윤,63,청주 신제주 123-45,010-5830-7348,운동
914,박태윤,56,대구 진해구 123-45,010-7069-7932,수영
915,서지후,55,대전 북구 123-45,010-1252-6489,등산
916,박현우,73,성남 서구 123-45,010-2720-3804,영화감상
917,김지민,67,안산 북구 123-45,010-7611-1439,자전거 타기
918,박수빈,50,포항 성동구 123-45,010-6186-3537,자전거 타기
919,신하은,24,수원 덕진구 123-45,010-3631-6333,독서
920,이은우,25,청주 서구 123-45,010-8951-5611,여행
921,김서연,70,청주 덕진구 123-45,010-3052-9869,음악감상
922,신은우,33,서울 서북구 123-45,010-2061-3811,보드게임
923,장태윤,67,고양 북구 123-45,010-7737-9633,요리
924,서예은,29,대전 중구 123-45,010-5152-7932,게임
925,장민수,60,제주 일산동구 123-45,010-5522-3960,음악감상
926,장지원,33,광주 성동구 123-45,010-3845-7492,사진촬영
927,조수빈,38,제주 흥덕구 123-45,010-3628-8268,게임
928,서민수,74,전주 남구 123-45,010-8314-7214,드로잉
929,윤소율,25,성남 강서구 123-45,010-7371-5150,수영
930,최건우,42,안산 분당구 123-45,010-6140-2970,카페 투어
931,조태윤,75,대구 해운대구 123-45,010-4646-8239,등산
932,강하은,36,화성 남구 123-45,010-8647-5026,등산
933,오소율,60,포항 수성구 123-45,010-7633-4000,요리
934,조하은,75,전주 기흥구 123-45,010-6993-4991,일기 쓰기
935,박민수,27,안산 장유동 123-45,010-7049-5898,드로잉
936,박수빈,63,남양주 덕진구 123-45,010-5574-2288,등산
937,최은우,67,울산 서북구 123-45,010-5554-5190,보드게임
938,이지원,22,청주 중구 123-45,010-3972-9649,웹서핑
939,김수빈,57,고양 서북구 123-45,010-4075-2020,자전거 타기
940,조태윤,63,인천 성북구 123-45,010-1967-5040,음악감상
941,이은우,60,남양주 수성구 123-45,010-6368-9519,웹서핑
942,임민수,65,대전 유성구 123-45,010-2020-2696,게임
943,조시우,63,광주 기흥구 123-45,010-1414-9663,드로잉
944,이하윤,36,고양 해운대구 123-45,010-6682-8978,음악감상
945,윤수빈,40,화성 서북구 123-45,010-3986-2373,수영
946,최은우,21,김해 서구 123-45,010-5603-8470,수영
947,윤서연,51,천안 강서구 123-45,010-4969-3841,수영
948,한시우,49,전주 동구 123-45,010-2487-6613,자전거 타기
949,임지민,39,부산 신제주 123-45,010-1535-6326,등산
950,윤지후,37,김해 분당구 123-45,010-7864-8193,게임
951,박태윤,71,용인 신제주 123-45,010-8627-7851,카페 투어
952,정은우,23,인천 서구 123-45,010-4438-4579,일기 쓰기
953,최현우,60,안양 달서구 123-45,010-8129-2235,일기 쓰기
954,오현우,31,청주 진해구 123-45,010-4700-9443,드로잉
955,서건우,73,울산 일산동구 123-45,010-7190-1181,뜨개질
956,서지안,66,세종 강남구 123-45,010-1503-8162,사진촬영
957,강서연,57,고양 서북구 123-45,010-9327-2380,영화감상
958,김서연,77,안산 신제주 123-45,010-5149-1146,일기 쓰기
959,조예은,77,울산 성북구 123-45,010-7209-5135,음악감상
960,서태윤,70,대구 수성구 123-45,010-7330-7235,독서
961,조지민,48,세종 서북구 123-45,010-3137-9392,수영
962,윤유진,57,대전 기흥구 123-45,010-5540-3655,여행
963,윤시우,45,청주 중구 123-45,010-6452-1137,자전거 타기
964,조지안,71,광주 서구 123-45,010-4855-5790,뜨개질
965,강서연,26,포항 중구 123-45,010-5783-7257,일기 쓰기
966,장지원,25,성남 중구 123-45,010-3113-7137,카페 투어
967,신하은,60,제주 흥덕구 123-45,010-6831-2034,카페 투어
968,조예린,44,화성 중구 123-45,010-4927-6474,보드게임
969,한유진,67,세종 신제주 123-45,010-3473-5613,유튜브 보기
970,박하윤,29,대구 수성구 123-45,010-4325-3650,수영
971,조태윤,61,창원 흥덕구 123-45,010-3314-2723,유튜브 보기
972,이지원,58,포항 남구 123-45,010-3840-2985,요리
973,임예은,67,대구 수성구 123-45,010-3863-1917,웹서핑
974,오예은,31,울산 유성구 123-45,010-6846-2600,뜨개질
975,최서준,37,전주 팔달구 123-45,010-4013-5756,운동
976,윤서준,25,세종 일산동구 123-45,010-9643-2441,드로잉
977,조지원,73,남양주 팔달구 123-45,010-3290-1281,보드게임
978,임예린,58,대전 수성구 123-45,010-5333-9516,독서
979,이지원,28,고양 서구 123-45,010-5025-7269,등산
980,최현우,53,제주 성북구 123-45,010-1065-2315,운동
981,한지안,38,대구 기흥구 123-45,010-6608-8169,음악감상
982,서태윤,49,포항 흥덕구 123-45,010-7587-4814,음악감상
983,조서준,62,부산 해운대구 123-45,010-2660-7822,요리
984,오은우,70,울산 덕진구 123-45,010-4584-5199,음악감상
985,강수빈,34,수원 장유동 123-45,010-4818-5164,독서
986,강건우,21,천안 남구 123-45,010-5462-4262,드로잉
987,오태윤,46,세종 진해구 123-45,010-8911-8022,유튜브 보기
988,이유진,51,안양 진해구 123-45,010-5826-7268,자전거 타기
989,윤소율,45,제주 남구 123-45,010-6440-6972,카페 투어
990,이서연,58,전주 달서구 123-45,010-7192-1747,독서
991,조민수,25,성남 동구 123-45,010-2523-3902,일기 쓰기
992,김지후,33,대구 기흥구 123-45,010-7934-3356,영화감상
993,장유진,79,서울 진해구 123-45,010-8675-9647,요리
994,장예린,35,평택 해운대구 123-45,010-2528-8511,수영
995,정하윤,76,성남 수성구 123-45,010-1686-3078,드로잉
996,정민수,69,세종 일산동구 123-45,010-2731-2413,드로잉
997,임서준,24,성남 수성구 123-45,010-8937-7902,뜨개질
998,오지후,78,대구 성동구 123-45,010-9134-7448,요리
999,김지민,40,수원 강서구 123-45,010-1042-6054,음악감상
1000,이지안,68,안산 유성구 123-45,010-6027-6976,영화감상
1001,신하은,47,남양주 남구 123-45,010-4860-2265,사진촬영
1002,임현우,33,광주 진해구 123-45,010-2425-5271,카페 투어
1003,오소율,28,안산 해운대구 123-45,010-4445-6918,웹서핑
1004,장예린,57,제주 덕양구 123-45,010-4309-9237,게임
1005,이건우,77,평택 동구 123-45,010-6523-4151,독서
1006,조민수,65,용인 중구 123-45,010-6267-7348,수영
1007,임지민,51,용인 흥덕구 123-45,010-1201-4181,운동
1008,임지민,47,김해 동구 123-45,010-8049-7204,카페 투어
1009,임시우,74,서울 남구 123-45,010-2989-8866,드로잉
1010,윤지민,70,안양 서북구 123-45,010-2971-9398,웹서핑
1011,서하윤,68,부산 강서구 123-45,010-7133-5405,영화감상
1012,서태윤,33,안양 서북구 123-45,010-9935-3308,운동
1013,신현우,74,세종 신제주 123-45,010-8004-2064,사진촬영
1014,신현우,56,부산 흥덕구 123-45,010-7833-3263,게임
1015,김태윤,64,안양 성북구 123-45,010-6209-4572,요리
1016,윤지민,52,천안 팔달구 123-45,010-9335-2567,요리
1017,신예린,61,창원 덕진구 123-45,010-2063-4754,유튜브 보기
1018,정유진,79,김해 신제주 123-45,010-6829-7133,게임
1019,조은우,47,청주 기흥구 123-45,010-9612-4019,일기 쓰기
1020,오예은,44,전주 신제주 123-45,010-8369-6115,유튜브 보기
1021,이하은,58,고양 신제주 123-45,010-2574-3832,자전거 타기
1022,조태윤,66,대전 남구 123-45,010-9920-1857,게임
1023,윤지민,25,부산 신제주 123-45,010-4280-5434,등산
1024,김하윤,77,화성 동구 123-45,010-1069-2209,사진촬영
1025,강수빈,22,남양주 덕양구 123-45,010-2697-3545,드로잉
1026,김도윤,54,인천 북구 123-45,010-9280-3635,웹서핑
1027,강태윤,46,청주 진해구 123-45,010-1828-6624,드로잉
1028,강하은,63,천안 성동구 123-45,010-4756-2224,등산
1029,한지후,69,부산 일산동구 123-45,010-2272-4263,자전거 타기
1030,김서준,71,대전 동구 123-45,010-3766-7482,등산
1031,이서준,45,광주 덕진구 123-45,010-1856-1518,드로잉
1032,김예린,41,청주 장유동 123-45,010-2356-4658,게임
1033,최건우,31,세종 중구 123-45,010-3891-8240,음악감상
1034,임지민,49,안산 덕양구 123-45,010-3986-9608,운동
1035,정도윤,36,평택 덕진구 123-45,010-1644-3933,운동
1036,서서준,24,평택 일산동구 123-45,010-9086-4125,독서
1037,박도윤,48,전주 성북구 123-45,010-2058-8085,독서
1038,임예은,20,인천 수성구 123-45,010-9229-3035,사진촬영
1039,신민수,69,남양주 유성구 123-45,010-4457-3267,유튜브 보기
1040,강은우,40,창원 강남구 123-45,010-7611-3595,음악감상
1041,조현우,51,전주 강남구 123-45,010-3029-4758,드로잉
1042,김수빈,67,세종 덕진구 123-45,010-6765-6444,웹서핑
1043,박수빈,69,천안 해운대구 123-45,010-8005-5576,영화감상
1044,김지민,65,안양 강서구 123-45,010-5273-2154,등산
1045,박하윤,42,창원 팔달구 123-45,010-4972-1107,게임
1046,장유진,67,제주 동구 123-45,010-8548-5099,여행
1047,오예은,43,성남 서구 123-45,010-6985-4734,보드게임
1048,김유진,47,서울 기흥구 123-45,010-3170-4010,유튜브 보기
1049,최건우,35,안산 달서구 123-45,010-5576-5099,영화감상
1050,이건우,32,고양 신제주 123-45,010-5512-4152,뜨개질
1051,정은우,33,대전 덕양구 123-45,010-6005-2268,수영
1052,한태윤,69,인천 수성구 123-45,010-9076-6261,음악감상
1053,윤은우,27,창원 일산동구 123-45,010-9207-9288,일기 쓰기
1054,이건우,58,세종 서북구 123-45,010-1043-8107,유튜브 보기
1055,최예린,25,대전 진해구 123-45,010-5962-8057,웹서핑
1056,한건우,53,전주 기흥구 123-45,010-3985-8586,요리
1057,한소율,65,남양주 강남구 123-45,010-5683-1648,게임
1058,서지민,61,김해 진해구 123-45,010-1276-8587,웹서핑
1059,오지후,32,성남 진해구 123-45,010-6126-6870,여행
1060,조하은,53,서울 일산동구 123-45,010-1872-3552,등산
1061,서현우,59,청주 남구 123-45,010-8802-6204,운동
1062,신현우,73,천안 송파구 123-45,010-7491-8105,등산
1063,강지민,22,대전 남구 123-45,010-8523-4059,영화감상
1064,신서연,38,고양 성동구 123-45,010-8625-6848,사진촬영
1065,정예린,35,대전 팔달구 123-45,010-5582-6404,게임
1066,박소율,41,대전 중구 123-45,010-5719-2757,요리
1067,강소율,39,천안 분당구 123-45,010-3159-6863,보드게임
1068,김현우,27,평택 달서구 123-45,010-2652-6514,영화감상
1069,한민수,55,전주 신제주 123-45,010-1949-3047,유튜브 보기
1070,이하윤,74,창원 성동구 123-45,010-9210-5295,카페 투어
1071,조도윤,39,평택 성동구 123-45,010-4724-9644,독서
1072,김건우,30,성남 수성구 123-45,010-5041-7941,유튜브 보기
1073,한예은,21,고양 서구 123-45,010-5889-5287,수영
1074,김현우,64,포항 중구 123-45,010-7659-7286,여행
1075,조지후,29,남양주 해운대구 123-45,010-1121-6112,등산
1076,신도윤,53,김해 덕양구 123-45,010-1096-2947,독서
1077,박지원,77,대전 중구 123-45,010-3225-6162,운동
1078,이예린,31,부산 동구 123-45,010-3210-7956,영화감상
1079,박하은,66,천안 강서구 123-45,010-7470-9868,요리
1080,최수빈,77,세종 덕진구 123-45,010-6569-1394,등산
1081,강하은,41,인천 남구 123-45,010-5605-1297,게임
1082,박시우,26,울산 강서구 123-45,010-7223-2647,사진촬영
1083,서예은,26,성남 남구 123-45,010-6339-1096,음악감상
1084,강하은,22,대전 서구 123-45,010-1428-5339,드로잉
1085,이유진,43,대구 덕양구 123-45,010-5052-2972,수영
1086,신지원,35,전주 송파구 123-45,010-6811-4056,사진촬영
1087,오하윤,49,청주 기흥구 123-45,010-7511-3636,뜨개질
1088,김지후,28,대구 남구 123-45,010-7625-2118,카페 투어
1089,서지민,53,대구 달서구 123-45,010-5344-8050,보드게임
1090,오예린,28,성남 일산동구 123-45,010-7996-2999,게임
1091,이지민,67,안양 덕양구 123-45,010-2988-4680,등산
1092,한지민,71,포항 달서구 123-45,010-5560-4027,카페 투어
1093,윤지민,53,광주 신제주 123-45,010-1472-3053,영화감상
1094,서건우,38,김해 덕양구 123-45,010-8019-4412,등산
1095,이지후,63,부산 성북구 123-45,010-8753-3003,독서
1096,정소율,66,대구 강서구 123-45,010-9313-8642,사진촬영
1097,신지민,68,울산 진해구 123-45,010-4109-9851,독서
1098,박예린,69,인천 성북구 123-45,010-1104-6814,게임
1099,조시우,55,광주 장유동 123-45,010-2471-1806,여행
1100,신현우,22,대전 팔달구 123-45,010-5485-5730,보드게임
1101,장유진,53,대구 기흥구 123-45,010-8677-2133,사진촬영
1102,오예린,72,고양 진해구 123-45,010-2924-9918,영화감상
1103,조도윤,29,광주 해운대구 123-45,010-1252-3641,카페 투어
1104,서하은,23,창원 성북구 123-45,010-2818-3108,자전거 타기
1105,김하윤,50,서울 진해구 123-45,010-8281-5547,보드게임
1106,오지안,25,대구 팔달구 123-45,010-2365-4485,카페 투어
1107,최지원,34,부산 강서구 123-45,010-1193-4644,일기 쓰기
1108,신소율,65,김해 성동구 123-45,010-6346-9784,뜨개질
1109,오서연,77,세종 서구 123-45,010-5241-9789,수영
1110,정서연,38,전주 강서구 123-45,010-6533-1161,웹서핑
1111,조도윤,29,용인 남구 123-45,010-4374-2839,음악감상
1112,김서준,24,성남 흥덕구 123-45,010-1475-7814,영화감상
1113,신유진,79,제주 성동구 123-45,010-5325-9674,운동
1114,강지안,68,화성 남구 123-45,010-2210-3482,음악감상
1115,신예은,36,인천 성동구 123-45,010-4788-1369,일기 쓰기
1116,김예은,31,인천 흥덕구 123-45,010-5903-4910,독서
1117,김지원,48,서울 성동구 123-45,010-4822-4444,보드게임
1118,조태윤,79,김해 서구 123-45,010-9166-5338,음악감상
1119,윤소율,53,창원 해운대구 123-45,010-2409-8499,요리
1120,한지안,28,평택 서구 123-45,010-5469-8135,일기 쓰기
1121,최소율,44,안산 팔달구 123-45,010-7394-5617,등산
1122,임하윤,75,포항 해운대구 123-45,010-2384-3199,게임
1123,정현우,21,성남 달서구 123-45,010-3198-1613,보드게임
1124,한지민,57,부산 덕양구 123-45,010-3532-8443,음악감상
1125,김건우,22,세종 서구 123-45,010-3995-4674,사진촬영
1126,임시우,51,부산 덕양구 123-45,010-2063-3730,웹서핑
1127,박예린,40,대구 강남구 123-45,010-5028-2447,등산
1128,오건우,23,포항 장유동 123-45,010-1134-5136,카페 투어
1129,김지안,32,광주 달서구 123-45,010-7719-2143,유튜브 보기
1130,신예린,37,전주 남구 123-45,010-4853-7875,드로잉
1131,신지안,38,포항 팔달구 123-45,010-2754-1857,음악감상
1132,윤도윤,77,대전 남구 123-45,010-8530-5870,운동
1133,장수빈,52,용인 서북구 123-45,010-4184-6207,사진촬영
1134,장민수,23,울산 유성구 123-45,010-1849-5538,독서
1135,임은우,71,고양 진해구 123-45,010-6215-1586,일기 쓰기
1136,박현우,45,성남 흥덕구 123-45,010-3424-2191,카페 투어
1137,장시우,43,안산 해운대구 123-45,010-3685-9636,운동
1138,이건우,70,성남 일산동구 123-45,010-8131-2135,유튜브 보기
1139,김현우,46,고양 일산동구 123-45,010-1701-5964,요리
1140,강건우,57,화성 신제주 123-45,010-8736-8762,웹서핑
1141,서은우,49,광주 덕양구 123-45,010-1965-3852,유튜브 보기
1142,윤현우,29,창원 덕양구 123-45,010-2995-6809,등산
1143,박수빈,68,대전 서북구 123-45,010-3411-8973,영화감상
1144,이민수,23,김해 팔달구 123-45,010-5138-3598,보드게임
1145,강시우,53,전주 달서구 123-45,010-9754-4096,웹서핑
1146,윤태윤,54,성남 동구 123-45,010-2649-4985,음악감상
1147,조은우,77,서울 흥덕구 123-45,010-9601-1414,뜨개질
1148,조태윤,61,안양 강서구 123-45,010-4446-5836,보드게임
1149,정시우,73,평택 송파구 123-45,010-1995-8800,카페 투어
1150,이태윤,35,서울 흥덕구 123-45,010-1589-7743,유튜브 보기
1151,임예은,37,제주 해운대구 123-45,010-2135-5511,여행
1152,이지원,51,화성 중구 123-45,010-8996-3732,요리
1153,조서준,71,제주 중구 123-45,010-2080-7443,등산
1154,서소율,38,김해 덕양구 123-45,010-1688-4283,게임
1155,장서연,48,청주 서북구 123-45,010-4165-4303,영화감상
1156,신수빈,27,창원 강남구 123-45,010-4037-5430,영화감상
1157,윤지민,44,울산 유성구 123-45,010-9849-9395,일기 쓰기
1158,이수빈,53,천안 서구 123-45,010-6872-1157,뜨개질
1159,윤건우,53,울산 유성구 123-45,010-6291-6487,게임
1160,정수빈,43,고양 흥덕구 123-45,010-4567-3657,카페 투어
1161,강서연,48,전주 덕양구 123-45,010-4126-7910,카페 투어
1162,한태윤,20,청주 기흥구 123-45,010-4678-1036,요리
1163,강지후,57,울산 서구 123-45,010-3257-2112,일기 쓰기
1164,윤예은,45,고양 유성구 123-45,010-5267-2031,자전거 타기
1165,강지후,67,제주 흥덕구 123-45,010-8951-7829,등산
1166,김지후,61,포항 흥덕구 123-45,010-2699-2714,보드게임
1167,윤수빈,45,평택 덕진구 123-45,010-6631-4344,카페 투어
1168,정서준,51,창원 달서구 123-45,010-1034-3518,등산
1169,최민수,76,부산 덕진구 123-45,010-1045-3648,운동
1170,오건우,50,대전 남구 123-45,010-3669-1101,사진촬영
1171,장지안,66,남양주 성동구 123-45,010-2589-4471,요리
1172,임지후,45,제주 신제주 123-45,010-7514-3975,사진촬영
1173,임지후,76,대전 수성구 123-45,010-4878-4679,사진촬영
1174,신지민,21,울산 서구 123-45,010-1542-1998,운동
1175,신도윤,71,청주 동구 123-45,010-3827-5367,드로잉
1176,정민수,37,대전 진해구 123-45,010-8501-1842,운동
1177,김지원,40,성남 신제주 123-45,010-9835-6657,게임
1178,신유진,68,안산 흥덕구 123-45,010-7788-2253,사진촬영
1179,서예은,47,고양 분당구 123-45,010-2722-5327,뜨개질
1180,오현우,50,평택 서북구 123-45,010-5305-6447,요리
1181,장유진,58,고양 해운대구 123-45,010-2284-7904,일기 쓰기
1182,신서연,76,인천 분당구 123-45,010-2025-5673,영화감상
1183,임하윤,33,용인 강서구 123-45,010-3400-5230,카페 투어
1184,조은우,63,울산 장유동 123-45,010-9152-2005,음악감상
1185,오시우,74,창원 장유동 123-45,010-1578-6090,수영
1186,김지원,60,화성 해운대구 123-45,010-2620-1347,웹서핑
1187,오유진,34,대구 송파구 123-45,010-1903-5309,유튜브 보기
1188,김지민,65,성남 기흥구 123-45,010-1249-8085,여행
1189,조예린,58,부산 진해구 123-45,010-6747-3312,여행
1190,김민수,74,천안 팔달구 123-45,010-7620-6556,요리
1191,김지원,34,세종 남구 123-45,010-6021-1220,등산
1192,이시우,32,전주 송파구 123-45,010-1556-1839,자전거 타기
1193,조지후,28,광주 일산동구 123-45,010-4809-1714,자전거 타기
1194,김지원,28,울산 수성구 123-45,010-3059-2626,카페 투어
1195,정하윤,69,부산 서북구 123-45,010-6460-6666,요리
1196,박수빈,44,서울 서구 123-45,010-1408-4075,사진촬영
1197,윤예은,53,포항 달서구 123-45,010-7459-7863,독서
1198,한현우,31,청주 유성구 123-45,010-2184-8077,유튜브 보기
1199,조유진,27,서울 장유동 123-45,010-5674-1241,보드게임
1200,장예은,40,성남 서구 123-45,010-9663-7953,자전거 타기
1201,오예린,29,안양 기흥구 123-45,010-5376-3913,보드게임
1202,정지후,27,광주 중구 123-45,010-6923-5479,유튜브 보기
1203,조소율,51,대전 기흥구 123-45,010-6337-4959,일기 쓰기
1204,조하윤,46,안산 유성구 123-45,010-2624-2752,게임
1205,윤소율,48,성남 달서구 123-45,010-1690-4134,수영
1206,박지후,36,창원 해운대구 123-45,010-7188-3054,유튜브 보기
1207,강예은,70,전주 남구 123-45,010-5568-1885,보드게임
1208,윤하윤,24,광주 서북구 123-45,010-5043-6642,유튜브 보기
1209,최유진,46,성남 서구 123-45,010-2280-6687,음악감상
1210,정하윤,50,세종 중구 123-45,010-5339-8380,일기 쓰기
1211,정수빈,20,화성 서북구 123-45,010-1399-8203,독서
1212,이수빈,31,안산 서구 123-45,010-2657-7605,여행
1213,서도윤,26,안산 수성구 123-45,010-8170-9084,영화감상
1214,오지원,60,대구 중구 123-45,010-6488-3919,드로잉
1215,최유진,41,성남 성동구 123-45,010-2918-8521,영화감상
1216,신서준,70,용인 팔달구 123-45,010-8416-7050,자전거 타기
1217,최은우,77,천안 덕양구 123-45,010-5136-8188,음악감상
1218,장하윤,31,세종 일산동구 123-45,010-1892-1720,요리
1219,오민수,65,청주 남구 123-45,010-5357-2263,게임
1220,한소율,59,고양 기흥구 123-45,010-9185-8969,여행
1221,장지안,28,수원 성동구 123-45,010-6170-8521,독서
1222,최도윤,63,서울 강남구 123-45,010-3557-3486,유튜브 보기
1223,신도윤,75,용인 서북구 123-45,010-9932-2972,게임
1224,이하윤,48,세종 분당구 123-45,010-3580-4473,운동
1225,박예은,40,대전 진해구 123-45,010-9712-2417,요리
1226,조현우,24,남양주 신제주 123-45,010-2476-4507,자전거 타기
1227,임시우,36,수원 해운대구 123-45,010-3307-8081,운동
1228,서하은,31,광주 강남구 123-45,010-2666-4564,자전거 타기
1229,임서연,36,용인 중구 123-45,010-8650-1405,사진촬영
1230,김예은,62,대전 덕진구 123-45,010-2786-5189,수영
1231,신하은,40,고양 진해구 123-45,010-2594-2142,요리
1232,정지후,46,수원 강서구 123-45,010-5489-4824,수영
1233,윤하윤,55,인천 동구 123-45,010-1856-2293,일기 쓰기
1234,정예린,24,서울 신제주 123-45,010-2373-7829,카페 투어
1235,신예은,23,고양 북구 123-45,010-6425-5059,드로잉
1236,김예은,74,안양 북구 123-45,010-8779-5958,여행
1237,한수빈,48,청주 달서구 123-45,010-9650-6313,사진촬영
1238,최서연,31,전주 달서구 123-45,010-5111-1843,독서
1239,이지안,65,천안 성동구 123-45,010-5345-9088,유튜브 보기
1240,윤도윤,50,포항 동구 123-45,010-6246-4094,요리
1241,강예은,36,울산 덕진구 123-45,010-7569-8280,요리
1242,이은우,23,창원 기흥구 123-45,010-6782-9463,일기 쓰기
1243,신소율,66,포항 중구 123-45,010-2344-5140,요리
1244,김시우,72,고양 유성구 123-45,010-1516-4407,독서
1245,최시우,47,고양 덕양구 123-45,010-7363-7436,음악감상
1246,신태윤,48,광주 강남구 123-45,010-9156-9112,게임
1247,임은우,33,화성 덕양구 123-45,010-3167-1480,수영
1248,임지원,38,안산 수성구 123-45,010-3499-4963,웹서핑
1249,박예린,37,화성 중구 123-45,010-6234-3067,웹서핑
1250,조예은,26,남양주 수성구 123-45,010-5216-3032,독서
1251,서지원,79,성남 달서구 123-45,010-8007-5724,독서
1252,윤은우,33,안양 남구 123-45,010-4021-5712,수영
1253,최서준,21,청주 성동구 123-45,010-4828-5350,음악감상
1254,장은우,28,서울 동구 123-45,010-6161-7581,일기 쓰기
1255,김현우,56,청주 흥덕구 123-45,010-2502-3608,운동
1256,강지후,57,광주 달서구 123-45,010-4121-5959,사진촬영
1257,임서준,41,안산 중구 123-45,010-3315-5117,웹서핑
1258,조민수,76,제주 중구 123-45,010-6105-5008,사진촬영
1259,윤현우,20,안산 중구 123-45,010-8510-3988,유튜브 보기
1260,강하윤,30,안산 수성구 123-45,010-8287-4360,요리
1261,임하은,23,안양 강서구 123-45,010-6005-4783,유튜브 보기
1262,정하윤,48,고양 성북구 123-45,010-4447-3913,등산
1263,이도윤,34,세종 강남구 123-45,010-3102-5375,등산
1264,오도윤,75,대구 장유동 123-45,010-2527-1459,운동
1265,최은우,40,울산 수성구 123-45,010-1964-6118,운동
1266,임유진,57,제주 남구 123-45,010-1499-5783,보드게임
1267,정서연,60,창원 신제주 123-45,010-8565-3099,드로잉
1268,오민수,78,수원 장유동 123-45,010-7225-8687,수영
1269,임수빈,24,고양 일산동구 123-45,010-1703-3776,자전거 타기
1270,장지안,67,창원 달서구 123-45,010-6789-5692,웹서핑
1271,장지후,20,세종 북구 123-45,010-5637-6606,등산
1272,장서연,73,울산 흥덕구 123-45,010-3053-7294,보드게임
1273,장태윤,70,남양주 동구 123-45,010-4414-3302,운동
1274,윤지민,73,청주 흥덕구 123-45,010-3061-9598,뜨개질
1275,최서준,35,안양 북구 123-45,010-2269-9233,영화감상
1276,김하은,61,인천 신제주 123-45,010-1827-7414,자전거 타기
1277,임하윤,24,인천 성북구 123-45,010-5576-7056,자전거 타기
1278,김지원,65,인천 흥덕구 123-45,010-3507-1582,뜨개질
1279,조민수,69,남양주 북구 123-45,010-6629-6204,독서
1280,최예린,42,세종 해운대구 123-45,010-5883-3072,일기 쓰기
1281,박은우,28,성남 서북구 123-45,010-8047-7053,사진촬영
1282,이서연,61,울산 남구 123-45,010-6071-1076,카페 투어
1283,조시우,42,청주 장유동 123-45,010-6565-1790,드로잉
1284,이예린,47,성남 덕진구 123-45,010-6237-8875,보드게임
1285,한태윤,71,용인 남구 123-45,010-5202-9431,요리
1286,오지민,54,안양 일산동구 123-45,010-9610-2399,음악감상
1287,최지안,69,서울 서북구 123-45,010-4213-1457,유튜브 보기
1288,윤태윤,74,천안 서북구 123-45,010-3122-2089,요리
1289,최민수,37,대전 중구 123-45,010-6097-4908,음악감상
1290,장하윤,20,화성 서북구 123-45,010-9962-8225,자전거 타기
1291,강예은,51,성남 흥덕구 123-45,010-3317-7483,드로잉
1292,이지원,49,제주 강서구 123-45,010-5984-1792,게임
1293,조하은,21,수원 분당구 123-45,010-2005-4093,등산
1294,한시우,58,평택 북구 123-45,010-3184-8344,여행
1295,임태윤,24,수원 북구 123-45,010-9677-6037,유튜브 보기
1296,조민수,77,서울 덕양구 123-45,010-3952-4490,웹서핑
1297,서현우,61,광주 강서구 123-45,010-8180-1482,유튜브 보기
1298,이하은,66,대구 일산동구 123-45,010-1013-9901,사진촬영
1299,박현우,40,청주 해운대구 123-45,010-6237-6407,일기 쓰기
1300,윤예린,22,부산 달서구 123-45,010-6907-9269,영화감상
1301,장하은,51,평택 수성구 123-45,010-1559-3155,웹서핑
1302,윤지민,54,전주 진해구 123-45,010-5703-9696,운동
1303,최서준,55,울산 진해구 123-45,010-8926-5000,게임
1304,이서연,55,부산 팔달구 123-45,010-6944-5569,영화감상
1305,조하은,68,김해 유성구 123-45,010-4294-2311,자전거 타기
1306,강태윤,71,안양 강서구 123-45,010-5656-7113,웹서핑
1307,조지민,40,대전 성동구 123-45,010-6886-6578,일기 쓰기
1308,정지민,22,창원 송파구 123-45,010-6070-5256,드로잉
1309,조지원,24,고양 장유동 123-45,010-5290-3040,음악감상
1310,박건우,49,전주 동구 123-45,010-1023-3424,여행
1311,윤지민,53,김해 유성구 123-45,010-7479-3019,웹서핑
1312,이서준,29,세종 강서구 123-45,010-9047-5473,음악감상
1313,장예은,59,인천 서북구 123-45,010-9825-3012,영화감상
1314,박지민,32,용인 강서구 123-45,010-1171-2484,수영
1315,윤지민,28,평택 덕진구 123-45,010-3511-9324,수영
1316,서예린,65,남양주 일산동구 123-45,010-6082-1323,독서
1317,신수빈,49,전주 남구 123-45,010-7237-4324,여행
1318,한하윤,27,청주 북구 123-45,010-4150-6806,자전거 타기
1319,정하은,62,김해 수성구 123-45,010-6008-9613,카페 투어
1320,박유진,46,성남 수성구 123-45,010-8830-2727,게임
1321,장서연,53,대구 팔달구 123-45,010-9004-9120,게임
1322,신수빈,59,수원 서북구 123-45,010-4991-9254,수영
1323,김태윤,79,대전 유성구 123-45,010-2440-2125,게임
1324,오지후,52,포항 유성구 123-45,010-4701-3493,사진촬영
1325,강소율,56,서울 서북구 123-45,010-2360-9199,웹서핑
1326,정현우,57,제주 성동구 123-45,010-2174-7812,사진촬영
1327,조은우,34,울산 흥덕구 123-45,010-4265-8222,유튜브 보기
1328,오소율,22,평택 서북구 123-45,010-3246-3244,영화감상
1329,장시우,74,세종 덕진구 123-45,010-8216-7251,카페 투어
1330,윤하윤,30,평택 성북구 123-45,010-3395-3048,뜨개질
1331,신지민,57,청주 중구 123-45,010-2618-3614,요리
1332,장서준,34,전주 강서구 123-45,010-1305-2798,여행
1333,정민수,27,세종 성북구 123-45,010-2699-2778,자전거 타기
1334,서시우,53,제주 진해구 123-45,010-1798-5721,독서
1335,강도윤,30,수원 덕진구 123-45,010-6154-5134,뜨개질
1336,한지원,58,창원 강서구 123-45,010-5630-5553,음악감상
1337,장유진,23,고양 흥덕구 123-45,010-3923-6173,영화감상
1338,박예린,57,고양 흥덕구 123-45,010-8047-2872,게임
1339,장소율,54,대구 서구 123-45,010-9675-4502,일기 쓰기
1340,임은우,31,성남 신제주 123-45,010-5189-8494,등산
1341,오예린,65,안양 중구 123-45,010-6447-2716,보드게임
1342,강도윤,33,대전 성동구 123-45,010-4182-9733,유튜브 보기
1343,이지후,53,수원 덕진구 123-45,010-4964-5022,독서
1344,신도윤,77,안산 강남구 123-45,010-3935-4029,요리
1345,신지후,26,서울 해운대구 123-45,010-5047-4038,일기 쓰기
1346,정예은,74,대전 장유동 123-45,010-1995-5584,사진촬영
1347,박민수,46,광주 유성구 123-45,010-7789-8654,등산
1348,임예은,51,안산 달서구 123-45,010-6730-5150,독서
1349,윤은우,54,대전 남구 123-45,010-4411-3125,사진촬영
1350,최도윤,24,수원 서북구 123-45,010-4495-6897,게임
1351,윤소율,43,대전 동구 123-45,010-4598-5173,등산
1352,임건우,51,인천 일산동구 123-45,010-3191-8737,음악감상
1353,윤지후,45,광주 장유동 123-45,010-2283-3847,등산
1354,조지민,75,전주 강서구 123-45,010-5904-3191,운동
1355,조유진,58,광주 수성구 123-45,010-5823-3548,자전거 타기
1356,오소율,39,평택 중구 123-45,010-6918-5253,등산
1357,강소율,23,안양 남구 123-45,010-3783-9429,사진촬영
1358,박지후,59,수원 동구 123-45,010-3895-6412,독서
1359,이예린,64,포항 장유동 123-45,010-1576-7027,일기 쓰기
1360,신수빈,32,고양 장유동 123-45,010-8656-1819,독서
1361,정서준,35,화성 일산동구 123-45,010-7783-6983,자전거 타기
1362,정지원,63,천안 분당구 123-45,010-8589-7318,뜨개질
1363,오예린,57,서울 강남구 123-45,010-2722-5282,게임
1364,오태윤,70,전주 해운대구 123-45,010-1899-2371,수영
1365,임건우,27,서울 성동구 123-45,010-7604-9973,뜨개질
1366,조서연,29,대전 신제주 123-45,010-3320-4326,웹서핑
1367,윤소율,57,포항 달서구 123-45,010-5571-2105,보드게임
1368,신예린,45,인천 서구 123-45,010-7361-3037,등산
1369,이예린,77,청주 수성구 123-45,010-5780-9982,드로잉
1370,신민수,23,부산 서구 123-45,010-1178-4203,운동
1371,강유진,31,안산 송파구 123-45,010-7348-7103,사진촬영
1372,윤지원,36,포항 기흥구 123-45,010-7433-8993,영화감상
1373,임지안,50,대구 덕양구 123-45,010-5064-6948,자전거 타기
1374,한지원,26,수원 중구 123-45,010-7162-9839,독서
1375,오하은,25,안양 성동구 123-45,010-1566-4077,운동
1376,한지후,20,안산 분당구 123-45,010-5258-6070,자전거 타기
1377,조지후,65,고양 진해구 123-45,010-5889-8461,독서
1378,서지안,77,대구 서북구 123-45,010-5255-2240,웹서핑
1379,박지후,61,평택 해운대구 123-45,010-9647-3875,일기 쓰기
1380,이도윤,57,전주 성북구 123-45,010-1662-6454,등산
1381,강하윤,20,김해 기흥구 123-45,010-8205-6698,일기 쓰기
1382,장지후,70,수원 수성구 123-45,010-4123-9999,카페 투어
1383,한유진,28,화성 동구 123-45,010-5001-7001,카페 투어
1384,서수빈,51,수원 유성구 123-45,010-3452-3679,자전거 타기
1385,서수빈,73,대구 덕양구 123-45,010-3878-2187,뜨개질
1386,강은우,31,부산 덕진구 123-45,010-2949-3132,음악감상
1387,조태윤,58,제주 신제주 123-45,010-3714-4311,자전거 타기
1388,정지안,34,대구 강서구 123-45,010-6116-4706,수영
1389,김은우,50,광주 수성구 123-45,010-2987-8879,운동
1390,한지원,73,남양주 덕진구 123-45,010-1829-5007,음악감상
1391,이유진,78,남양주 서북구 123-45,010-6628-9780,음악감상
1392,이시우,62,인천 장유동 123-45,010-5358-7542,운동
1393,한서연,73,수원 진해구 123-45,010-3595-7312,드로잉
1394,장건우,68,광주 덕양구 123-45,010-1075-8808,영화감상
1395,한예은,58,서울 동구 123-45,010-3262-3274,카페 투어
1396,조서준,34,용인 수성구 123-45,010-8634-8853,영화감상
1397,강지원,58,전주 서구 123-45,010-7216-4372,보드게임
1398,서하은,56,포항 성동구 123-45,010-6983-3142,보드게임
1399,한하은,40,김해 송파구 123-45,010-1351-3239,영화감상
1400,강은우,31,평택 달서구 123-45,010-6312-4653,뜨개질
1401,최지원,67,안양 강서구 123-45,010-9809-3068,요리
1402,박서연,60,남양주 성북구 123-45,010-2297-2970,뜨개질
1403,신현우,33,세종 서구 123-45,010-2385-6244,요리
1404,임수빈,53,고양 팔달구 123-45,010-9512-1847,독서
1405,박지원,38,안양 동구 123-45,010-4318-1832,보드게임
1406,강도윤,42,제주 해운대구 123-45,010-9209-4604,수영
1407,신소율,53,안산 서북구 123-45,010-6227-7513,뜨개질
1408,장서준,56,포항 장유동 123-45,010-3266-6691,여행
1409,최예은,73,대전 성북구 123-45,010-8367-2375,웹서핑
1410,오지민,64,인천 동구 123-45,010-1895-3012,웹서핑
1411,오지민,79,안양 일산동구 123-45,010-9029-8085,수영
1412,박서연,63,대전 기흥구 123-45,010-8126-3561,뜨개질
1413,신서준,38,수원 기흥구 123-45,010-6332-7603,등산
1414,이서준,51,광주 강서구 123-45,010-8748-7978,카페 투어
1415,임소율,49,평택 장유동 123-45,010-4623-7658,자전거 타기
1416,이시우,56,김해 덕양구 123-45,010-9556-3185,뜨개질
1417,장하윤,50,청주 기흥구 123-45,010-7269-5002,일기 쓰기
1418,박예은,63,세종 송파구 123-45,010-5070-4173,수영
1419,정유진,41,남양주 남구 123-45,010-5057-5278,수영
1420,정민수,53,천안 북구 123-45,010-2237-9178,요리
1421,강서연,32,부산 일산동구 123-45,010-8218-2645,독서
1422,최지민,56,울산 해운대구 123-45,010-4918-5159,독서
1423,최지안,24,화성 덕양구 123-45,010-4596-8346,자전거 타기
1424,윤서연,75,김해 덕진구 123-45,010-1599-6509,영화감상
1425,조지민,22,포항 성북구 123-45,010-3899-9796,웹서핑
1426,정지후,69,창원 유성구 123-45,010-1333-5846,수영
1427,서건우,66,광주 수성구 123-45,010-4182-4918,독서
1428,한도윤,46,인천 유성구 123-45,010-5988-5802,유튜브 보기
1429,윤건우,26,포항 남구 123-45,010-4016-5535,드로잉
1430,최지민,23,남양주 기흥구 123-45,010-9497-3731,음악감상
1431,조시우,55,수원 강남구 123-45,010-7512-3633,운동
1432,한은우,26,천안 분당구 123-45,010-1730-8729,독서
1433,한하은,61,서울 동구 123-45,010-9490-4293,자전거 타기
1434,한소율,58,화성 해운대구 123-45,010-2348-6502,음악감상
1435,임민수,22,수원 강남구 123-45,010-3730-9253,사진촬영
1436,정예은,46,세종 장유동 123-45,010-8139-9154,카페 투어
1437,서유진,55,평택 수성구 123-45,010-6687-3696,수영
1438,한태윤,30,성남 중구 123-45,010-3805-7126,운동
1439,신예린,25,전주 성북구 123-45,010-3429-1424,자전거 타기
1440,강하윤,79,포항 수성구 123-45,010-3670-9988,운동
1441,최은우,64,화성 분당구 123-45,010-3425-4646,여행
1442,임서연,43,부산 해운대구 123-45,010-5931-8764,게임
1443,오현우,58,성남 남구 123-45,010-5183-7379,웹서핑
1444,이태윤,62,세종 서구 123-45,010-8066-9568,요리
1445,정건우,47,용인 장유동 123-45,010-4502-3472,영화감상
1446,장민수,44,안산 해운대구 123-45,010-6080-2393,카페 투어
1447,정지후,38,성남 분당구 123-45,010-8482-8006,운동
1448,임현우,20,화성 북구 123-45,010-9217-3046,운동
1449,오도윤,50,부산 덕진구 123-45,010-5936-4854,영화감상
1450,최건우,67,부산 북구 123-45,010-5747-4643,웹서핑
1451,장서연,76,서울 서북구 123-45,010-9100-4776,드로잉
1452,김건우,52,남양주 해운대구 123-45,010-3530-4766,음악감상
1453,이서연,55,고양 동구 123-45,010-1421-3823,웹서핑
1454,이건우,30,평택 달서구 123-45,010-3412-4498,영화감상
1455,오지안,54,광주 북구 123-45,010-6959-6819,영화감상
1456,임태윤,21,용인 성북구 123-45,010-3093-8584,유튜브 보기
1457,최건우,27,평택 일산동구 123-45,010-8639-6301,수영
1458,오예은,66,제주 중구 123-45,010-9307-2528,게임
1459,임지안,54,안양 강남구 123-45,010-4730-2077,보드게임
1460,임시우,70,창원 달서구 123-45,010-5442-3084,드로잉
1461,장예은,58,안양 성동구 123-45,010-9485-8558,일기 쓰기
1462,이예은,75,세종 남구 123-45,010-7576-6955,영화감상
1463,한민수,58,성남 강남구 123-45,010-5997-7383,자전거 타기
1464,조지민,52,안양 동구 123-45,010-5097-1361,보드게임
1465,신지민,23,창원 덕양구 123-45,010-7303-8755,게임
1466,임태윤,32,대구 동구 123-45,010-3811-4125,사진촬영
1467,정하은,24,남양주 덕양구 123-45,010-1632-2225,웹서핑
1468,서도윤,23,수원 송파구 123-45,010-9026-2240,사진촬영
1469,강현우,48,대전 성북구 123-45,010-5652-7636,자전거 타기
1470,강서연,74,창원 송파구 123-45,010-3124-6732,영화감상
1471,신하윤,69,울산 장유동 123-45,010-4650-2139,여행
1472,장은우,39,인천 일산동구 123-45,010-3181-2057,뜨개질
1473,강지후,55,인천 분당구 123-45,010-5774-4600,카페 투어
1474,김하은,30,성남 유성구 123-45,010-8307-5593,보드게임
1475,박도윤,72,안양 진해구 123-45,010-1285-5853,게임
1476,최지원,24,전주 서북구 123-45,010-7195-1572,유튜브 보기
1477,서민수,21,대구 장유동 123-45,010-5196-1633,독서
1478,정건우,66,포항 분당구 123-45,010-1832-8875,여행
1479,오지후,27,제주 북구 123-45,010-4288-3142,음악감상
1480,정은우,21,창원 흥덕구 123-45,010-1682-6664,여행
1481,서시우,74,인천 남구 123-45,010-8822-2605,뜨개질
1482,강지원,50,창원 강서구 123-45,010-4924-5404,사진촬영
1483,조서준,60,포항 중구 123-45,010-6788-3671,뜨개질
1484,최예린,39,고양 중구 123-45,010-6707-7799,웹서핑
1485,조하은,66,천안 장유동 123-45,010-3077-1741,등산
1486,이유진,64,인천 덕진구 123-45,010-3021-4586,웹서핑
1487,임도윤,40,천안 강남구 123-45,010-7199-3528,사진촬영
1488,한하윤,34,고양 수성구 123-45,010-6551-3095,웹서핑
1489,조지민,36,고양 덕진구 123-45,010-2295-4153,여행
1490,최서준,75,대구 수성구 123-45,010-6245-2950,요리
1491,오수빈,75,창원 강남구 123-45,010-4850-5313,뜨개질
1492,조민수,62,김해 강남구 123-45,010-6940-8025,운동
1493,김은우,57,천안 유성구 123-45,010-2333-5305,뜨개질
1494,김지원,38,대전 동구 123-45,010-3698-2144,수영
1495,최지원,65,고양 강서구 123-45,010-8285-6354,운동
1496,정수빈,59,창원 북구 123-45,010-1588-1413,자전거 타기
1497,한예린,30,안산 남구 123-45,010-8959-9012,요리
1498,이지후,58,성남 서구 123-45,010-9166-2472,요리
1499,박현우,29,울산 북구 123-45,010-5033-7258,자전거 타기
1500,윤지안,52,전주 덕진구 123-45,010-5653-3202,음악감상
1501,한도윤,48,인천 해운대구 123-45,010-1158-8748,보드게임
1502,김도윤,63,인천 동구 123-45,010-3183-7517,요리
1503,신유진,36,김해 신제주 123-45,010-9836-7290,보드게임
1504,서지민,79,인천 흥덕구 123-45,010-7513-8226,음악감상
1505,강은우,54,용인 동구 123-45,010-5664-6335,사진촬영
1506,강지민,48,서울 유성구 123-45,010-5735-9825,사진촬영
1507,강시우,79,대구 강남구 123-45,010-2351-1834,요리
1508,강태윤,78,수원 동구 123-45,010-7991-1667,사진촬영
1509,윤은우,79,천안 달서구 123-45,010-5127-6182,영화감상
1510,임예은,63,세종 서구 123-45,010-7485-7754,여행
1511,장시우,76,포항 강남구 123-45,010-9987-9394,웹서핑
1512,오하은,74,대전 흥덕구 123-45,010-4895-6598,자전거 타기
1513,한소율,26,고양 송파구 123-45,010-9409-2353,유튜브 보기
1514,정지안,30,성남 성북구 123-45,010-7617-4785,게임
1515,임예은,75,성남 강서구 123-45,010-9599-6058,독서
1516,오수빈,30,수원 장유동 123-45,010-2712-6907,카페 투어
1517,신지안,72,천안 분당구 123-45,010-4128-6263,운동
1518,윤지원,46,수원 신제주 123-45,010-9459-6286,여행
1519,이시우,74,용인 일산동구 123-45,010-5258-2569,요리
1520,김소율,72,인천 서구 123-45,010-8684-8906,일기 쓰기
1521,장건우,65,안산 남구 123-45,010-8579-4218,유튜브 보기
1522,장유진,67,성남 해운대구 123-45,010-1091-2208,요리
1523,한예린,39,창원 성동구 123-45,010-1254-3257,운동
1524,정지후,30,남양주 수성구 123-45,010-3962-3490,독서
1525,임서준,33,안산 진해구 123-45,010-6273-3104,일기 쓰기
1526,임현우,49,포항 동구 123-45,010-3577-8161,카페 투어
1527,장지민,24,용인 서북구 123-45,010-2090-2104,게임
1528,오수빈,69,포항 성북구 123-45,010-8450-1445,운동
1529,서건우,20,인천 북구 123-45,010-2172-2698,사진촬영
1530,장민수,32,포항 진해구 123-45,010-9357-3103,음악감상
1531,이지안,79,용인 달서구 123-45,010-4182-4679,자전거 타기
1532,오서준,45,세종 서구 123-45,010-3733-7137,등산
1533,신유진,49,남양주 서구 123-45,010-1451-2128,수영
1534,박도윤,79,성남 분당구 123-45,010-3927-1347,일기 쓰기
1535,이예린,48,고양 신제주 123-45,010-3466-9438,영화감상
1536,김하윤,34,수원 송파구 123-45,010-1145-2359,등산
1537,장지원,25,창원 일산동구 123-45,010-3038-8177,운동
1538,강서연,39,부산 송파구 123-45,010-9695-4325,웹서핑
1539,오서준,33,광주 덕양구 123-45,010-2558-5188,드로잉
1540,신민수,60,제주 해운대구 123-45,010-3935-4950,음악감상
1541,김민수,56,남양주 남구 123-45,010-1005-6447,독서
1542,강유진,60,용인 진해구 123-45,010-7517-3125,드로잉
1543,조지원,37,광주 분당구 123-45,010-1058-3859,독서
1544,장수빈,66,전주 성동구 123-45,010-3335-1176,음악감상
1545,윤현우,34,평택 송파구 123-45,010-1176-2424,게임
1546,조하윤,22,서울 서구 123-45,010-8002-6882,유튜브 보기
1547,장지안,63,고양 신제주 123-45,010-5246-4497,등산
1548,강수빈,49,광주 동구 123-45,010-5562-3651,등산
1549,최지민,47,평택 덕양구 123-45,010-9591-6717,유튜브 보기
1550,임서준,69,고양 흥덕구 123-45,010-1436-7925,운동
1551,조은우,44,청주 성북구 123-45,010-9386-8039,유튜브 보기
1552,강시우,29,고양 분당구 123-45,010-2974-9577,독서
1553,장서준,70,평택 일산동구 123-45,010-2970-4822,사진촬영
1554,김하은,36,남양주 기흥구 123-45,010-2093-4398,자전거 타기
1555,박건우,76,안양 해운대구 123-45,010-7958-3237,게임
1556,박민수,58,울산 해운대구 123-45,010-7989-5808,드로잉
1557,정소율,61,청주 진해구 123-45,010-9018-6051,등산
1558,서서준,64,청주 팔달구 123-45,010-3923-5333,여행
1559,임지원,70,성남 성북구 123-45,010-2122-4498,자전거 타기
1560,한서준,24,평택 중구 123-45,010-4397-5552,뜨개질
1561,임지안,26,세종 덕진구 123-45,010-1653-6139,게임
1562,이건우,22,포항 유성구 123-45,010-3632-6882,보드게임
1563,조하은,52,청주 분당구 123-45,010-8023-1120,보드게임
1564,조태윤,62,남양주 기흥구 123-45,010-5744-5907,드로잉
1565,윤민수,22,인천 달서구 123-45,010-3244-6640,게임
1566,이도윤,71,남양주 달서구 123-45,010-7834-7781,드로잉
1567,오지안,68,청주 동구 123-45,010-6019-9445,등산
1568,강예린,26,서울 수성구 123-45,010-7788-9784,유튜브 보기
1569,한도윤,45,부산 신제주 123-45,010-3608-1992,게임
1570,최하은,26,전주 일산동구 123-45,010-7899-5421,독서
1571,임태윤,71,성남 유성구 123-45,010-1152-5242,자전거 타기
1572,윤하윤,46,평택 강서구 123-45,010-3971-6518,여행
1573,임수빈,46,수원 일산동구 123-45,010-4311-3292,자전거 타기
1574,신현우,66,안산 중구 123-45,010-1874-2315,등산
1575,장지원,29,청주 달서구 123-45,010-6980-5399,음악감상
1576,신지원,23,인천 강서구 123-45,010-2716-2798,유튜브 보기
1577,장민수,70,서울 진해구 123-45,010-2067-3684,음악감상
1578,박유진,50,안산 북구 123-45,010-5327-3559,운동
1579,김예린,54,청주 성동구 123-45,010-5209-5619,자전거 타기
1580,한하윤,36,인천 동구 123-45,010-3663-2128,유튜브 보기
1581,윤시우,50,대구 신제주 123-45,010-4643-3967,웹서핑
1582,조지원,71,울산 송파구 123-45,010-8434-1369,게임
1583,오소율,26,대구 해운대구 123-45,010-7293-6032,사진촬영
1584,박예은,43,인천 흥덕구 123-45,010-9900-5972,운동
1585,한건우,68,대전 강남구 123-45,010-3414-1063,자전거 타기
1586,강현우,73,안양 신제주 123-45,010-9195-4617,여행
1587,신서연,28,청주 성동구 123-45,010-1138-3580,독서
1588,조예린,42,성남 강서구 123-45,010-6731-1073,요리
1589,최서준,36,부산 기흥구 123-45,010-9814-9242,자전거 타기
1590,윤시우,40,화성 팔달구 123-45,010-3986-3526,일기 쓰기
1591,한지후,49,안양 해운대구 123-45,010-5095-8632,등산
1592,오민수,66,김해 송파구 123-45,010-9908-2368,웹서핑
1593,서은우,56,포항 유성구 123-45,010-6650-8665,자전거 타기
1594,신유진,51,안산 강서구 123-45,010-4167-3137,사진촬영
1595,정서연,25,고양 기흥구 123-45,010-4268-1372,여행
1596,김현우,59,제주 달서구 123-45,010-8399-1073,여행
1597,최은우,35,남양주 달서구 123-45,010-3250-9076,카페 투어
1598,오건우,64,안양 덕양구 123-45,010-5850-9682,음악감상
1599,조소율,44,안양 신제주 123-45,010-8441-5640,등산
1600,신지민,25,안양 일산동구 123-45,010-2924-4364,보드게임
1601,최서연,52,화성 분당구 123-45,010-6622-9874,여행
1602,임시우,25,서울 수성구 123-45,010-6059-4977,음악감상
1603,박예린,22,안양 북구 123-45,010-3846-2860,웹서핑
1604,박지안,52,서울 진해구 123-45,010-1579-1465,자전거 타기
1605,임건우,40,포항 강남구 123-45,010-2758-4045,등산
1606,강서연,43,제주 성동구 123-45,010-7802-6190,요리
1607,조도윤,78,고양 일산동구 123-45,010-6467-3343,등산
1608,박수빈,71,안양 성북구 123-45,010-5517-7256,운동
1609,오서연,75,대구 성동구 123-45,010-2330-4459,운동
1610,서소율,54,고양 동구 123-45,010-8536-5376,카페 투어
1611,오현우,50,안산 진해구 123-45,010-6200-7754,게임
1612,한지원,23,포항 북구 123-45,010-2032-3200,카페 투어
1613,김은우,44,전주 달서구 123-45,010-9762-5341,운동
1614,신지민,69,포항 동구 123-45,010-5931-2945,요리
1615,최현우,36,용인 해운대구 123-45,010-7925-9645,자전거 타기
1616,박태윤,61,김해 서북구 123-45,010-8174-2186,카페 투어
1617,정수빈,73,인천 기흥구 123-45,010-9158-6035,영화감상
1618,임도윤,74,수원 서북구 123-45,010-1109-6959,영화감상
1619,조하은,77,창원 남구 123-45,010-1274-1920,카페 투어
1620,한소율,42,인천 서북구 123-45,010-5901-8150,유튜브 보기
1621,최하은,28,평택 동구 123-45,010-2838-7773,등산
1622,정도윤,43,광주 일산동구 123-45,010-6940-4299,여행
1623,임민수,20,용인 진해구 123-45,010-1256-9603,여행
1624,강지안,41,청주 기흥구 123-45,010-6927-5684,수영
1625,김태윤,66,성남 덕진구 123-45,010-8107-2138,운동
1626,서지안,69,안양 서구 123-45,010-6978-1732,자전거 타기
1627,정건우,23,평택 강서구 123-45,010-1165-8837,웹서핑
1628,장유진,61,안양 남구 123-45,010-5178-2500,드로잉
1629,신유진,43,광주 신제주 123-45,010-7179-3836,보드게임
1630,윤도윤,56,세종 신제주 123-45,010-6221-2148,웹서핑
1631,이은우,60,포항 진해구 123-45,010-9978-2119,독서
1632,최하은,41,안양 분당구 123-45,010-4496-2429,드로잉
1633,최서연,79,화성 달서구 123-45,010-3024-3153,사진촬영
1634,김도윤,52,남양주 유성구 123-45,010-3423-4553,카페 투어
1635,강유진,28,성남 신제주 123-45,010-7352-5369,독서
1636,윤현우,34,안산 유성구 123-45,010-8240-6121,보드게임
1637,장하윤,69,성남 분당구 123-45,010-2056-3802,영화감상
1638,조예은,60,전주 성동구 123-45,010-7247-4076,웹서핑
1639,한하은,79,부산 덕진구 123-45,010-5229-5019,카페 투어
1640,이시우,48,김해 달서구 123-45,010-8449-6414,요리
1641,윤예은,63,서울 기흥구 123-45,010-1909-8847,게임
1642,오예린,58,안산 덕진구 123-45,010-2109-4197,여행
1643,오예린,73,전주 남구 123-45,010-4931-9229,영화감상
1644,최예린,79,포항 서북구 123-45,010-6381-1965,뜨개질
1645,박지원,39,전주 일산동구 123-45,010-9429-9167,유튜브 보기
1646,임서연,28,안양 수성구 123-45,010-6105-4516,유튜브 보기
1647,윤민수,22,김해 수성구 123-45,010-1529-8206,카페 투어
1648,장현우,46,용인 서구 123-45,010-6739-5549,카페 투어
1649,최건우,34,전주 기흥구 123-45,010-7914-5836,게임
1650,신도윤,39,세종 강서구 123-45,010-4082-9753,웹서핑
1651,서수빈,73,수원 해운대구 123-45,010-5078-3048,자전거 타기
1652,강도윤,30,창원 강서구 123-45,010-2211-1600,일기 쓰기
1653,한현우,68,세종 덕진구 123-45,010-2107-5740,음악감상
1654,이민수,46,전주 송파구 123-45,010-8803-8515,영화감상
1655,한은우,75,천안 강남구 123-45,010-5316-5737,독서
1656,김하윤,68,용인 기흥구 123-45,010-3701-4132,보드게임
1657,이민수,72,대구 남구 123-45,010-2736-8656,사진촬영
1658,임시우,39,창원 서북구 123-45,010-3009-9995,영화감상
1659,윤건우,44,제주 강서구 123-45,010-4426-1306,등산
1660,김예은,22,전주 중구 123-45,010-5025-5282,수영
1661,정지원,64,화성 분당구 123-45,010-8512-4712,수영
1662,이태윤,72,대전 성동구 123-45,010-5661-7274,요리
1663,최민수,64,제주 북구 123-45,010-1576-8747,등산
1664,최도윤,28,서울 강서구 123-45,010-2752-2306,독서
1665,최건우,74,안산 성북구 123-45,010-4293-9691,뜨개질
1666,장지민,55,화성 중구 123-45,010-8935-1781,영화감상
1667,조현우,39,안양 달서구 123-45,010-5150-2099,수영
1668,신하은,60,김해 진해구 123-45,010-2664-3348,게임
1669,윤예린,23,대구 송파구 123-45,010-1454-3427,웹서핑
1670,강유진,74,대구 흥덕구 123-45,010-2687-5839,요리
1671,오민수,40,전주 서구 123-45,010-8980-8060,일기 쓰기
1672,이민수,36,대구 덕진구 123-45,010-4994-4368,일기 쓰기
1673,강지민,51,고양 장유동 123-45,010-9051-2942,카페 투어
1674,조은우,77,대구 동구 123-45,010-6526-4119,유튜브 보기
1675,박지안,21,대전 북구 123-45,010-7114-1908,게임
1676,최지민,30,평택 성북구 123-45,010-4423-8981,일기 쓰기
1677,한지원,58,대구 남구 123-45,010-9357-4077,웹서핑
1678,조수빈,22,안양 서구 123-45,010-4970-7644,여행
1679,신서연,68,평택 성북구 123-45,010-2816-2580,카페 투어
1680,신민수,68,부산 덕양구 123-45,010-4845-7924,요리
1681,임서준,27,대전 진해구 123-45,010-8626-4560,등산
1682,한지후,51,대구 중구 123-45,010-9060-4863,운동
1683,임예은,78,안양 송파구 123-45,010-6030-1364,드로잉
1684,신수빈,67,서울 흥덕구 123-45,010-3909-6053,자전거 타기
1685,윤도윤,28,고양 남구 123-45,010-1795-1471,등산
1686,한지민,50,안양 해운대구 123-45,010-3749-2272,독서
1687,최유진,42,광주 동구 123-45,010-8221-1131,등산
1688,임도윤,42,전주 유성구 123-45,010-9176-1808,영화감상
1689,박서준,23,전주 일산동구 123-45,010-7784-8545,영화감상
1690,오지민,21,수원 남구 123-45,010-6972-5023,드로잉
1691,신지원,62,서울 기흥구 123-45,010-4995-3411,유튜브 보기
1692,조도윤,63,용인 해운대구 123-45,010-1421-4517,드로잉
1693,서지후,53,안양 팔달구 123-45,010-3962-6104,카페 투어
1694,오도윤,69,서울 덕양구 123-45,010-9880-5387,영화감상
1695,임서준,72,성남 동구 123-45,010-3713-5850,수영
1696,임소율,64,수원 송파구 123-45,010-6635-1627,카페 투어
1697,신건우,45,안양 기흥구 123-45,010-7143-4050,여행
1698,한예린,49,안양 동구 123-45,010-1307-7221,사진촬영
1699,최서연,69,성남 덕진구 123-45,010-2952-8681,운동
1700,정서준,26,안양 신제주 123-45,010-8564-3707,여행
1701,서하윤,37,남양주 서구 123-45,010-4129-1248,게임
1702,신하윤,39,대구 송파구 123-45,010-8836-9806,운동
1703,장하윤,37,화성 강남구 123-45,010-7967-5024,드로잉
1704,한예린,37,세종 덕진구 123-45,010-4095-8445,보드게임
1705,조현우,63,포항 서구 123-45,010-8934-8842,운동
1706,정시우,69,광주 서북구 123-45,010-3731-3468,자전거 타기
1707,서소율,20,수원 수성구 123-45,010-2997-7886,웹서핑
1708,신서준,21,성남 남구 123-45,010-5100-7113,운동
1709,김지안,48,인천 덕진구 123-45,010-3024-9631,독서
1710,신태윤,52,고양 수성구 123-45,010-2471-9959,드로잉
1711,오예은,70,서울 신제주 123-45,010-8500-5861,수영
1712,조소율,21,광주 송파구 123-45,010-8203-4407,여행
1713,신하윤,76,창원 강남구 123-45,010-1542-9537,뜨개질
1714,장소율,68,평택 강서구 123-45,010-9522-8617,수영
1715,신지원,46,광주 덕양구 123-45,010-6611-1659,음악감상
1716,강태윤,63,천안 덕진구 123-45,010-1940-5071,수영
1717,정도윤,67,울산 유성구 123-45,010-1151-4830,음악감상
1718,신지후,69,울산 서구 123-45,010-9027-1896,사진촬영
1719,김지원,49,전주 신제주 123-45,010-3449-8881,일기 쓰기
1720,한서연,49,대전 장유동 123-45,010-7831-9272,요리
1721,조예은,61,천안 흥덕구 123-45,010-1965-2671,자전거 타기
1722,서도윤,47,남양주 송파구 123-45,010-9115-8910,운동
1723,한태윤,75,천안 북구 123-45,010-5352-4479,사진촬영
1724,최유진,36,대전 덕진구 123-45,010-9076-7531,수영
1725,한유진,77,전주 성북구 123-45,010-5007-3804,게임
1726,윤태윤,53,포항 덕양구 123-45,010-6592-9585,요리
1727,정시우,32,대구 유성구 123-45,010-9871-9757,수영
1728,조지안,36,안양 서구 123-45,010-6395-7720,독서
1729,정태윤,25,서울 남구 123-45,010-5053-1860,일기 쓰기
1730,오민수,60,남양주 분당구 123-45,010-6787-3738,사진촬영
1731,서예린,24,안양 성동구 123-45,010-6470-8675,게임
1732,조지민,76,용인 달서구 123-45,010-4652-4831,자전거 타기
1733,윤소율,67,안양 진해구 123-45,010-6095-1361,요리
1734,한예은,32,전주 장유동 123-45,010-1172-2072,드로잉
1735,최소율,34,인천 서북구 123-45,010-2133-5776,보드게임
1736,이하윤,22,창원 수성구 123-45,010-8232-1511,수영
1737,한도윤,39,김해 일산동구 123-45,010-6573-3641,유튜브 보기
1738,신서연,41,대구 흥덕구 123-45,010-5203-3109,일기 쓰기
1739,박도윤,27,세종 성동구 123-45,010-1524-4261,독서
1740,박하윤,68,대전 해운대구 123-45,010-4429-6226,게임
1741,오현우,27,제주 북구 123-45,010-8375-8693,웹서핑
1742,김서준,31,성남 동구 123-45,010-1089-4023,보드게임
1743,조시우,36,고양 동구 123-45,010-6291-7378,카페 투어
1744,최시우,51,대구 중구 123-45,010-4524-5558,음악감상
1745,윤예은,70,울산 남구 123-45,010-1373-3629,수영
1746,김소율,37,대전 강서구 123-45,010-2180-7111,카페 투어
1747,한하윤,62,창원 장유동 123-45,010-6763-1567,사진촬영
1748,정지민,79,남양주 장유동 123-45,010-7782-2748,영화감상
1749,강시우,59,포항 장유동 123-45,010-5888-1913,뜨개질
1750,박시우,68,용인 북구 123-45,010-3350-5021,웹서핑
1751,조수빈,60,안양 남구 123-45,010-2482-6084,뜨개질
1752,임지원,35,수원 흥덕구 123-45,010-5377-9388,드로잉
1753,최건우,75,김해 분당구 123-45,010-3222-7360,독서
1754,서시우,56,남양주 분당구 123-45,010-3613-7753,수영
1755,정도윤,57,전주 진해구 123-45,010-4745-2840,여행
1756,최시우,69,안산 흥덕구 123-45,010-9239-9421,웹서핑
1757,서건우,42,천안 송파구 123-45,010-2592-7676,보드게임
1758,신태윤,49,대구 동구 123-45,010-4043-2730,보드게임
1759,한현우,36,대전 서구 123-45,010-1993-3332,여행
1760,최도윤,27,광주 달서구 123-45,010-1975-9913,독서
1761,강서연,72,부산 신제주 123-45,010-3735-1451,뜨개질
1762,신유진,27,성남 팔달구 123-45,010-7319-4426,보드게임
1763,김소율,22,대구 장유동 123-45,010-9184-2944,음악감상
1764,조서준,38,대전 일산동구 123-45,010-2408-5046,일기 쓰기
1765,윤태윤,68,포항 중구 123-45,010-1529-2094,카페 투어
1766,장수빈,70,화성 진해구 123-45,010-6641-4735,운동
1767,장소율,31,안산 성동구 123-45,010-2960-5412,유튜브 보기
1768,정수빈,50,대전 기흥구 123-45,010-5116-8893,드로잉
1769,서지후,64,세종 팔달구 123-45,010-5144-3669,게임
1770,이건우,69,천안 기흥구 123-45,010-4424-1370,사진촬영
1771,오서준,59,성남 강남구 123-45,010-1943-1592,사진촬영
1772,한지원,51,남양주 서북구 123-45,010-5586-2110,사진촬영
1773,윤수빈,70,포항 해운대구 123-45,010-9891-5359,사진촬영
1774,장태윤,77,세종 성동구 123-45,010-6534-8699,독서
1775,윤유진,49,화성 수성구 123-45,010-7671-2227,뜨개질
1776,조건우,36,안양 덕진구 123-45,010-5290-9009,요리
1777,장민수,31,부산 서구 123-45,010-4833-3166,음악감상
1778,조지안,42,광주 분당구 123-45,010-7514-4441,게임
1779,박하윤,23,서울 분당구 123-45,010-8967-8415,웹서핑
1780,조민수,79,평택 팔달구 123-45,010-9148-5717,보드게임
1781,오시우,35,안양 달서구 123-45,010-3716-3280,여행
1782,김건우,48,천안 북구 123-45,010-4660-7438,등산
1783,장현우,23,제주 수성구 123-45,010-2030-2602,카페 투어
1784,장서연,26,제주 팔달구 123-45,010-4296-6252,유튜브 보기
1785,서현우,29,고양 성북구 123-45,010-5035-8710,드로잉
1786,윤현우,22,부산 분당구 123-45,010-4484-5648,운동
1787,조태윤,58,용인 팔달구 123-45,010-6350-5125,음악감상
1788,박서연,50,청주 남구 123-45,010-5086-5284,여행
1789,강시우,75,세종 서구 123-45,010-4966-9584,영화감상
1790,신서연,66,김해 성북구 123-45,010-5411-1152,독서
1791,강유진,24,천안 유성구 123-45,010-9558-8672,게임
1792,김서준,47,서울 팔달구 123-45,010-8086-9070,자전거 타기
1793,한건우,23,울산 달서구 123-45,010-8901-1149,유튜브 보기
1794,한서연,42,청주 서북구 123-45,010-5383-7614,자전거 타기
1795,이건우,29,광주 강서구 123-45,010-7806-7818,요리
1796,정수빈,40,광주 장유동 123-45,010-4313-8449,사진촬영
1797,강지안,50,울산 동구 123-45,010-7680-4311,뜨개질
1798,조하윤,39,성남 성북구 123-45,010-6489-7122,등산
1799,윤서준,60,창원 송파구 123-45,010-7158-2261,사진촬영
1800,오도윤,27,울산 유성구 123-45,010-2997-4455,요리
1801,신지민,40,창원 진해구 123-45,010-3895-6556,게임
1802,장하은,49,용인 강서구 123-45,010-7105-2347,등산
1803,최태윤,70,김해 유성구 123-45,010-7430-6511,보드게임
1804,김예린,70,부산 흥덕구 123-45,010-7819-7166,사진촬영
1805,조시우,73,용인 덕양구 123-45,010-1050-6957,유튜브 보기
1806,서서준,35,수원 기흥구 123-45,010-6520-4314,일기 쓰기
1807,윤지안,51,서울 팔달구 123-45,010-6119-3505,유튜브 보기
1808,이지원,70,대구 성북구 123-45,010-7212-7320,자전거 타기
1809,김은우,20,수원 덕양구 123-45,010-8633-9010,요리
1810,오하은,39,서울 팔달구 123-45,010-4236-4703,독서
1811,임지민,55,안양 서구 123-45,010-9935-2531,카페 투어
1812,강예린,71,인천 일산동구 123-45,010-2750-9771,보드게임
1813,박예린,62,전주 해운대구 123-45,010-6116-6563,드로잉
1814,이현우,39,용인 송파구 123-45,010-8975-6778,웹서핑
1815,윤지후,22,대전 덕진구 123-45,010-4575-8996,여행
1816,신예은,20,용인 서북구 123-45,010-1299-3960,게임
1817,임수빈,51,대전 유성구 123-45,010-6652-1815,음악감상
1818,박건우,56,성남 덕진구 123-45,010-5903-6691,드로잉
1819,조지후,60,청주 서구 123-45,010-3647-3894,카페 투어
1820,김현우,63,평택 팔달구 123-45,010-1633-4982,카페 투어
1821,조하윤,71,남양주 성북구 123-45,010-8839-2088,자전거 타기
1822,조지원,66,안양 북구 123-45,010-9942-3178,게임
1823,장예린,20,서울 수성구 123-45,010-8048-6103,등산
1824,김지안,58,수원 강서구 123-45,010-5978-3519,영화감상
1825,이태윤,22,세종 강남구 123-45,010-5031-7588,영화감상
1826,박현우,53,김해 중구 123-45,010-6691-5166,일기 쓰기
1827,조은우,59,성남 북구 123-45,010-4816-6160,수영
1828,정은우,54,울산 달서구 123-45,010-1309-1137,유튜브 보기
1829,이예은,36,대구 유성구 123-45,010-3258-3108,음악감상
1830,강태윤,76,성남 덕진구 123-45,010-6430-6864,수영
1831,정시우,61,창원 유성구 123-45,010-8209-9417,여행
1832,서지민,27,안양 일산동구 123-45,010-1818-4525,자전거 타기
1833,정현우,20,전주 팔달구 123-45,010-2770-8096,사진촬영
1834,한민수,64,천안 강남구 123-45,010-6726-1136,보드게임
1835,장소율,26,광주 덕진구 123-45,010-8233-8346,여행
1836,임지민,57,수원 동구 123-45,010-7841-4955,게임
1837,최은우,43,광주 달서구 123-45,010-8797-8583,유튜브 보기
1838,정지원,42,남양주 송파구 123-45,010-3525-9734,사진촬영
1839,최현우,73,천안 달서구 123-45,010-1578-3074,뜨개질
1840,임하은,31,광주 성북구 123-45,010-7001-7123,여행
1841,김현우,61,안산 덕양구 123-45,010-3021-1491,유튜브 보기
1842,한지원,36,세종 팔달구 123-45,010-7058-2994,사진촬영
1843,윤예린,56,안양 팔달구 123-45,010-3147-8546,드로잉
1844,한하윤,71,제주 장유동 123-45,010-5836-3540,여행
1845,조유진,38,안산 분당구 123-45,010-9801-4322,카페 투어
1846,강지민,50,남양주 송파구 123-45,010-1469-1371,독서
1847,김하은,65,서울 해운대구 123-45,010-1060-2362,사진촬영
1848,김은우,51,성남 기흥구 123-45,010-7866-6607,영화감상
1849,강예은,30,안양 덕진구 123-45,010-2249-3005,보드게임
1850,장서준,78,울산 중구 123-45,010-7118-3442,일기 쓰기
1851,강지후,53,부산 서구 123-45,010-4884-3242,자전거 타기
1852,강은우,64,안산 성북구 123-45,010-2057-1077,드로잉
1853,신서연,56,포항 강서구 123-45,010-5156-4052,수영
1854,윤예린,58,안산 장유동 123-45,010-5349-6439,독서
1855,박하은,40,창원 중구 123-45,010-3173-5490,등산
1856,김태윤,62,남양주 중구 123-45,010-4594-6355,유튜브 보기
1857,임서연,77,안산 강서구 123-45,010-1068-4326,영화감상
1858,정예은,67,대구 중구 123-45,010-7955-4410,드로잉
1859,박서준,61,인천 기흥구 123-45,010-9158-5298,웹서핑
1860,오지후,28,천안 진해구 123-45,010-1645-8436,뜨개질
1861,박지안,33,김해 일산동구 123-45,010-6208-5813,사진촬영
1862,윤은우,25,남양주 서북구 123-45,010-3174-5523,게임
1863,오시우,58,천안 덕진구 123-45,010-2823-3977,웹서핑
1864,오시우,52,대전 중구 123-45,010-7290-7431,카페 투어
1865,서서연,36,창원 중구 123-45,010-1016-5919,운동
1866,최수빈,56,광주 성동구 123-45,010-6463-1833,운동
1867,정지원,45,안산 서구 123-45,010-1065-2192,영화감상
1868,임지민,36,청주 덕진구 123-45,010-2362-5339,독서
1869,정서연,66,수원 유성구 123-45,010-5381-5333,유튜브 보기
1870,김수빈,52,남양주 달서구 123-45,010-3263-5286,음악감상
1871,신도윤,55,제주 진해구 123-45,010-5530-2495,뜨개질
1872,신지민,57,평택 성북구 123-45,010-1371-9977,독서
1873,김예린,42,부산 동구 123-45,010-9173-5935,보드게임
1874,강서연,48,인천 신제주 123-45,010-9460-6640,음악감상
1875,김태윤,32,창원 분당구 123-45,010-3315-1022,유튜브 보기
1876,최지후,43,서울 진해구 123-45,010-3583-6585,음악감상
1877,박지민,30,청주 서구 123-45,010-2481-3189,뜨개질
1878,이지후,30,용인 성북구 123-45,010-2624-4312,운동
1879,오지원,48,전주 장유동 123-45,010-2964-7333,카페 투어
1880,박예은,58,남양주 중구 123-45,010-5940-6755,유튜브 보기
1881,장서연,56,서울 덕양구 123-45,010-3305-9910,드로잉
1882,이지안,28,울산 송파구 123-45,010-4841-8301,유튜브 보기
1883,박예은,70,대구 북구 123-45,010-4238-4035,등산
1884,오태윤,61,김해 성동구 123-45,010-5604-3431,영화감상
1885,신은우,37,대전 덕양구 123-45,010-2166-4804,자전거 타기
1886,박지후,51,천안 신제주 123-45,010-3113-3497,자전거 타기
1887,서서준,32,안산 해운대구 123-45,010-3879-5161,등산
1888,서예린,29,대전 성북구 123-45,010-3182-9444,수영
1889,조현우,32,청주 북구 123-45,010-2030-4461,등산
1890,신도윤,50,창원 강남구 123-45,010-2655-3674,등산
1891,한하은,60,김해 달서구 123-45,010-2080-9327,드로잉
1892,장예린,30,창원 팔달구 123-45,010-5265-4212,웹서핑
1893,강지민,59,안양 분당구 123-45,010-3547-4290,보드게임
1894,강지민,75,대전 수성구 123-45,010-2434-7193,게임
1895,한지후,59,천안 기흥구 123-45,010-5714-8037,수영
1896,신현우,72,대구 해운대구 123-45,010-3895-1805,일기 쓰기
1897,오은우,44,천안 달서구 123-45,010-7579-7355,보드게임
1898,김지민,48,전주 덕양구 123-45,010-2332-5302,유튜브 보기
1899,임하은,33,화성 덕진구 123-45,010-9636-1147,일기 쓰기
1900,오민수,23,안산 강서구 123-45,010-6095-9880,자전거 타기
1901,김서연,37,창원 장유동 123-45,010-5512-7071,독서
1902,강도윤,74,대구 남구 123-45,010-8212-4065,드로잉
1903,신예린,29,광주 중구 123-45,010-2453-5865,영화감상
1904,정수빈,51,청주 달서구 123-45,010-7569-7748,일기 쓰기
1905,오하은,56,안양 덕진구 123-45,010-5105-1976,일기 쓰기
1906,박지후,33,평택 동구 123-45,010-8154-7506,영화감상
1907,김하윤,77,서울 팔달구 123-45,010-7151-7822,영화감상
1908,박수빈,55,청주 해운대구 123-45,010-1005-7539,드로잉
1909,정민수,69,김해 강남구 123-45,010-7869-4724,카페 투어
1910,박서연,61,천안 중구 123-45,010-2686-4928,독서
1911,한소율,47,부산 성동구 123-45,010-3769-1699,독서
1912,이소율,64,안양 덕양구 123-45,010-3771-2035,드로잉
1913,최민수,78,수원 달서구 123-45,010-3302-6092,유튜브 보기
1914,이은우,42,용인 강서구 123-45,010-4784-8060,등산
1915,윤지후,60,세종 동구 123-45,010-6723-4600,운동
1916,신하윤,70,인천 성동구 123-45,010-3219-7141,운동
1917,최지안,21,서울 강남구 123-45,010-5579-5208,게임
1918,박지후,75,안양 중구 123-45,010-3176-4215,요리
1919,김지후,72,안산 수성구 123-45,010-6181-9213,드로잉
1920,강하윤,29,부산 수성구 123-45,010-4917-2113,일기 쓰기
1921,윤민수,68,부산 성북구 123-45,010-2092-3087,등산
1922,최지안,69,김해 덕양구 123-45,010-2271-9590,수영
1923,신지원,62,안산 신제주 123-45,010-1527-4345,수영
1924,서지후,25,화성 수성구 123-45,010-5649-4791,웹서핑
1925,조태윤,77,인천 북구 123-45,010-7449-5867,뜨개질
1926,이현우,68,부산 신제주 123-45,010-6691-3740,음악감상
1927,신서연,28,평택 남구 123-45,010-4593-7694,웹서핑
1928,장예은,45,인천 분당구 123-45,010-3112-7207,요리
1929,김예은,53,제주 분당구 123-45,010-3706-7498,일기 쓰기
1930,김시우,56,광주 중구 123-45,010-3277-7336,게임
1931,윤은우,56,천안 서북구 123-45,010-9427-3538,사진촬영
1932,한서연,34,세종 송파구 123-45,010-9288-7208,뜨개질
1933,박현우,23,안양 진해구 123-45,010-9135-6357,독서
1934,정지민,65,인천 기흥구 123-45,010-6086-6937,웹서핑
1935,이시우,55,화성 서구 123-45,010-1293-1814,자전거 타기
1936,서예은,28,성남 신제주 123-45,010-4307-7763,보드게임
1937,임예린,33,안산 흥덕구 123-45,010-2992-9172,요리
1938,조예린,66,남양주 수성구 123-45,010-5620-3920,영화감상
1939,오소율,77,광주 흥덕구 123-45,010-4903-9274,운동
1940,한도윤,63,천안 성동구 123-45,010-1279-4728,사진촬영
1941,오지안,37,평택 성북구 123-45,010-7214-9791,웹서핑
1942,이민수,40,인천 해운대구 123-45,010-4833-9853,독서
1943,이지원,78,포항 남구 123-45,010-3417-1093,드로잉
1944,한서준,27,포항 성동구 123-45,010-1302-5543,드로잉
1945,정예은,44,청주 수성구 123-45,010-4719-1413,보드게임
1946,한하은,75,안산 중구 123-45,010-9427-9352,보드게임
1947,임지후,37,수원 진해구 123-45,010-6516-5801,등산
1948,장서준,55,서울 덕진구 123-45,010-6382-7304,여행
1949,김건우,42,화성 강서구 123-45,010-3108-9360,보드게임
1950,한예은,71,제주 강서구 123-45,010-4788-3688,사진촬영
1951,강민수,56,울산 신제주 123-45,010-4254-3740,여행
1952,강도윤,68,부산 흥덕구 123-45,010-9049-9690,웹서핑
1953,강현우,27,대구 남구 123-45,010-9502-1070,영화감상
1954,박시우,28,전주 동구 123-45,010-3515-2487,음악감상
1955,이은우,25,김해 성동구 123-45,010-9977-3447,사진촬영
1956,이시우,79,부산 팔달구 123-45,010-2742-2038,등산
1957,한하윤,26,제주 수성구 123-45,010-2395-8872,수영
1958,박지원,65,김해 해운대구 123-45,010-9423-2491,보드게임
1959,정태윤,33,평택 분당구 123-45,010-7707-7042,등산
1960,신현우,29,서울 장유동 123-45,010-1653-6500,드로잉
1961,최유진,69,천안 진해구 123-45,010-1573-1446,독서
1962,최시우,36,세종 강서구 123-45,010-2778-2333,등산
1963,장지안,72,수원 서북구 123-45,010-6150-1229,등산
1964,김지후,25,포항 수성구 123-45,010-6117-4652,카페 투어
1965,장지민,42,청주 동구 123-45,010-6499-4055,웹서핑
1966,김도윤,47,서울 수성구 123-45,010-2595-6460,음악감상
1967,임유진,29,인천 달서구 123-45,010-4528-4135,카페 투어
1968,박서연,58,청주 덕양구 123-45,010-9528-1886,독서
1969,조민수,66,천안 흥덕구 123-45,010-2084-1389,등산
1970,오수빈,35,남양주 강서구 123-45,010-1802-5746,드로잉
1971,임유진,42,안양 수성구 123-45,010-8747-6241,자전거 타기
1972,조유진,23,평택 서북구 123-45,010-3653-5482,사진촬영
1973,정지안,69,수원 중구 123-45,010-9458-7718,여행
1974,박유진,36,청주 흥덕구 123-45,010-2543-2646,카페 투어
1975,한예린,37,성남 기흥구 123-45,010-1158-9611,카페 투어
1976,최서준,73,울산 중구 123-45,010-1012-9839,카페 투어
1977,이지원,30,안산 중구 123-45,010-7500-3203,수영
1978,신도윤,25,수원 기흥구 123-45,010-9714-1503,음악감상
1979,장예은,71,대전 팔달구 123-45,010-6097-9197,드로잉
1980,박예린,76,대구 성북구 123-45,010-8573-2246,드로잉
1981,정수빈,39,창원 장유동 123-45,010-6234-9820,음악감상
1982,서예린,64,전주 진해구 123-45,010-2123-9246,여행
1983,김유진,60,전주 흥덕구 123-45,010-6348-1839,자전거 타기
1984,한시우,52,남양주 덕진구 123-45,010-3289-2807,보드게임
1985,서민수,46,화성 덕진구 123-45,010-6204-5736,카페 투어
1986,서지원,55,창원 덕양구 123-45,010-6331-7691,음악감상
1987,장민수,23,인천 기흥구 123-45,010-2911-1729,게임
1988,김건우,29,제주 서북구 123-45,010-1558-3282,웹서핑
1989,최시우,52,울산 덕진구 123-45,010-8866-1937,요리
1990,윤시우,31,천안 해운대구 123-45,010-1576-7541,게임
1991,이건우,38,제주 달서구 123-45,010-6002-4410,일기 쓰기
1992,강지민,50,고양 서북구 123-45,010-8461-3782,등산
1993,신현우,65,포항 강남구 123-45,010-6196-5525,독서
1994,오도윤,56,천안 송파구 123-45,010-3315-4086,요리
1995,서예린,43,포항 송파구 123-45,010-2285-7315,등산
1996,임은우,64,평택 수성구 123-45,010-1599-6309,뜨개질
1997,김유진,49,부산 일산동구 123-45,010-6546-4261,뜨개질
1998,서수빈,21,부산 수성구 123-45,010-9221-3500,요리
1999,윤하윤,35,대전 덕진구 123-45,010-5640-1460,영화감상
2000,정지안,27,성남 유성구 123-45,010-7714-6445,독서
2001,서시우,43,청주 일산동구 123-45,010-2324-9721,카페 투어
2002,한지민,32,창원 중구 123-45,010-4948-2312,독서
2003,김예은,54,서울 성동구 123-45,010-8931-6053,보드게임
2004,조건우,63,평택 성동구 123-45,010-8072-1663,운동
2005,최지원,68,부산 성동구 123-45,010-8082-8369,사진촬영
2006,이지후,63,평택 덕진구 123-45,010-4066-2170,보드게임
2007,신현우,52,창원 성북구 123-45,010-5935-1814,독서
2008,장수빈,40,김해 기흥구 123-45,010-8615-3555,영화감상
2009,신하윤,69,세종 팔달구 123-45,010-5125-6556,독서
2010,이지민,27,창원 송파구 123-45,010-4893-9842,운동
2011,서수빈,72,울산 일산동구 123-45,010-7946-3422,음악감상
2012,강하윤,45,세종 서구 123-45,010-6505-5064,수영
2013,한현우,27,화성 기흥구 123-45,010-2667-4220,음악감상
2014,한시우,60,고양 해운대구 123-45,010-9199-6983,웹서핑
2015,강시우,32,고양 서구 123-45,010-3405-7606,카페 투어
2016,최하은,56,대전 서북구 123-45,010-8116-1024,여행
2017,박하은,21,포항 서구 123-45,010-3678-3183,독서
2018,정지민,46,남양주 진해구 123-45,010-9966-8067,드로잉
2019,김태윤,74,고양 송파구 123-45,010-7273-3286,보드게임
2020,강서연,79,대구 기흥구 123-45,010-5274-6849,일기 쓰기
2021,최지안,50,김해 서북구 123-45,010-5572-4622,영화감상
2022,강서준,40,천안 기흥구 123-45,010-3628-4988,음악감상
2023,장하은,43,제주 수성구 123-45,010-1956-9662,등산
2024,신도윤,63,전주 송파구 123-45,010-4786-6380,수영
2025,정태윤,49,광주 수성구 123-45,010-2751-8369,수영
2026,한건우,71,수원 북구 123-45,010-8064-1227,음악감상
2027,조현우,46,대구 남구 123-45,010-6776-2126,운동
2028,오서준,47,대구 팔달구 123-45,010-7908-1505,일기 쓰기
2029,최은우,59,고양 동구 123-45,010-8525-5303,드로잉
2030,윤태윤,20,전주 장유동 123-45,010-4674-2152,보드게임
2031,조현우,21,대구 유성구 123-45,010-1340-6886,웹서핑
2032,정현우,29,천안 신제주 123-45,010-1344-1768,자전거 타기
2033,서지안,48,세종 성북구 123-45,010-2960-5498,카페 투어
2034,김하윤,48,제주 중구 123-45,010-6002-6714,뜨개질
2035,김태윤,62,서울 분당구 123-45,010-2167-7037,유튜브 보기
2036,장소율,27,포항 남구 123-45,010-4782-9600,웹서핑
2037,최서연,36,전주 남구 123-45,010-5567-1072,음악감상
2038,서지원,26,안양 덕진구 123-45,010-3576-6755,여행
2039,장시우,27,인천 서북구 123-45,010-7995-5564,게임
2040,신하윤,70,창원 동구 123-45,010-8590-6251,음악감상
2041,장지민,31,세종 분당구 123-45,010-3306-6570,독서
2042,정민수,37,청주 서북구 123-45,010-9676-5001,게임
2043,이소율,42,인천 송파구 123-45,010-8775-8035,보드게임
2044,임유진,22,부산 수성구 123-45,010-5888-1855,게임
2045,박지원,32,부산 북구 123-45,010-1352-3120,일기 쓰기
2046,박지후,24,수원 송파구 123-45,010-7958-9997,수영
2047,박하은,63,창원 송파구 123-45,010-3675-7138,여행
2048,윤건우,27,고양 수성구 123-45,010-5476-8437,운동
2049,장하은,20,청주 신제주 123-45,010-7635-6505,등산
2050,최예은,76,화성 중구 123-45,010-2134-7711,등산
2051,신시우,72,안산 덕양구 123-45,010-4311-6448,요리
2052,최지원,49,부산 흥덕구 123-45,010-4138-1373,음악감상
2053,박유진,35,창원 유성구 123-45,010-3994-5559,사진촬영
2054,오하은,41,창원 덕진구 123-45,010-3293-7927,수영
2055,임하윤,20,용인 유성구 123-45,010-1283-3127,보드게임
2056,장유진,75,포항 성동구 123-45,010-5339-9390,게임
2057,이시우,29,울산 팔달구 123-45,010-8485-2536,카페 투어
2058,이현우,47,울산 수성구 123-45,010-4041-6852,게임
2059,최예은,22,고양 성북구 123-45,010-9871-7757,여행
2060,이지안,58,천안 신제주 123-45,010-6293-9105,음악감상
2061,임시우,30,남양주 진해구 123-45,010-3381-8045,웹서핑
2062,윤유진,42,세종 성북구 123-45,010-3667-9743,웹서핑
2063,임태윤,63,안양 달서구 123-45,010-6339-3971,유튜브 보기
2064,정지민,70,안산 분당구 123-45,010-5129-3487,유튜브 보기
2065,박태윤,22,화성 덕양구 123-45,010-3936-1814,웹서핑
2066,서현우,65,인천 일산동구 123-45,010-7444-5048,게임
2067,이민수,23,청주 해운대구 123-45,010-3167-6825,여행
2068,오지안,43,세종 유성구 123-45,010-2728-3158,뜨개질
2069,정예은,64,세종 달서구 123-45,010-5087-7923,사진촬영
2070,장현우,46,평택 강서구 123-45,010-6090-2495,일기 쓰기
2071,조유진,30,고양 신제주 123-45,010-1516-6958,일기 쓰기
2072,정현우,45,용인 송파구 123-45,010-6648-9791,등산
2073,신은우,69,평택 달서구 123-45,010-7754-7339,일기 쓰기
2074,장예린,63,천안 북구 123-45,010-6007-6540,여행
2075,오지민,55,안양 서구 123-45,010-5296-5900,자전거 타기
2076,오은우,31,포항 중구 123-45,010-9203-2481,요리
2077,조지민,69,포항 덕양구 123-45,010-7306-4152,영화감상
2078,김예은,24,성남 기흥구 123-45,010-9882-4383,등산
2079,정수빈,35,청주 분당구 123-45,010-1332-7761,카페 투어
2080,이예린,51,부산 수성구 123-45,010-3616-7910,영화감상
2081,이현우,60,광주 기흥구 123-45,010-2557-5032,자전거 타기
2082,신지안,35,광주 성북구 123-45,010-6546-4951,영화감상
2083,윤지민,35,부산 수성구 123-45,010-2969-6310,자전거 타기
2084,박건우,31,용인 해운대구 123-45,010-3863-6412,게임
2085,최태윤,77,안산 흥덕구 123-45,010-4077-9540,일기 쓰기
2086,오태윤,59,서울 분당구 123-45,010-3049-2453,카페 투어
2087,김현우,29,광주 강남구 123-45,010-9694-3667,자전거 타기
2088,조은우,52,안양 수성구 123-45,010-3599-7908,음악감상
2089,한수빈,30,청주 강서구 123-45,010-5344-1124,운동
2090,이민수,43,수원 강서구 123-45,010-9190-4521,뜨개질
2091,김하윤,53,광주 중구 123-45,010-2514-1304,일기 쓰기
2092,한지원,37,천안 덕진구 123-45,010-5698-6206,드로잉
2093,이건우,37,대전 송파구 123-45,010-2592-1815,유튜브 보기
2094,윤건우,52,안산 강서구 123-45,010-8681-9139,음악감상
2095,이예은,57,고양 달서구 123-45,010-5119-2580,요리
2096,한은우,40,남양주 일산동구 123-45,010-6783-9930,뜨개질
2097,장유진,47,창원 일산동구 123-45,010-7732-2767,웹서핑
2098,오서연,74,대구 강남구 123-45,010-2754-4643,일기 쓰기
2099,신유진,71,안양 달서구 123-45,010-5412-3744,운동
2100,최시우,75,안양 강남구 123-45,010-4390-1895,등산
2101,임지후,40,남양주 기흥구 123-45,010-2659-6018,음악감상
2102,오수빈,25,광주 강서구 123-45,010-5785-8256,영화감상
2103,한서연,76,광주 덕양구 123-45,010-9512-1092,요리
2104,서하윤,56,평택 흥덕구 123-45,010-5271-3502,사진촬영
2105,오건우,63,평택 달서구 123-45,010-8719-3961,여행
2106,이유진,68,고양 서북구 123-45,010-2134-9555,드로잉
2107,임수빈,77,고양 성북구 123-45,010-8989-4344,운동
2108,윤도윤,29,수원 강남구 123-45,010-7394-8504,음악감상
2109,오하은,78,고양 성북구 123-45,010-2471-8876,일기 쓰기
2110,장은우,77,김해 강남구 123-45,010-2681-3236,수영
2111,서시우,31,안산 흥덕구 123-45,010-1394-4572,등산
2112,임유진,66,대전 흥덕구 123-45,010-2479-3539,일기 쓰기
2113,조민수,43,고양 북구 123-45,010-8923-8626,수영
2114,오수빈,74,대전 유성구 123-45,010-1914-3883,영화감상
2115,장하윤,37,용인 신제주 123-45,010-5727-6968,웹서핑
2116,김태윤,25,대구 팔달구 123-45,010-4391-4831,수영
2117,정하윤,79,안산 수성구 123-45,010-5067-5197,등산
2118,강시우,40,광주 성동구 123-45,010-8610-4896,독서
2119,이서준,25,창원 신제주 123-45,010-8436-3843,웹서핑
2120,이민수,68,대전 서구 123-45,010-2744-2798,등산
2121,장민수,66,천안 흥덕구 123-45,010-1575-4995,드로잉
2122,강지민,31,제주 강서구 123-45,010-2223-4098,게임
2123,한수빈,37,인천 북구 123-45,010-5185-4862,수영
2124,정지후,77,부산 강서구 123-45,010-5371-3366,자전거 타기
2125,조하은,27,대구 덕진구 123-45,010-2871-8709,등산
2126,신유진,58,청주 흥덕구 123-45,010-4194-7667,등산
2127,이은우,79,안산 중구 123-45,010-3390-3577,등산
2128,조은우,22,용인 유성구 123-45,010-8785-7192,게임
2129,윤서연,20,세종 덕양구 123-45,010-7827-3451,수영
2130,신서연,47,대전 남구 123-45,010-9876-6361,유튜브 보기
2131,장예은,52,수원 장유동 123-45,010-5612-5124,독서
2132,서지안,71,남양주 팔달구 123-45,010-6480-3444,자전거 타기
2133,박예린,31,울산 송파구 123-45,010-7228-8453,등산
2134,박시우,48,평택 성동구 123-45,010-5139-4365,여행
2135,조소율,71,대구 일산동구 123-45,010-4929-4295,게임
2136,신건우,42,전주 일산동구 123-45,010-4402-6250,등산
2137,서지안,45,전주 일산동구 123-45,010-6144-9530,유튜브 보기
2138,박지원,62,김해 강서구 123-45,010-3769-5910,등산
2139,강수빈,54,대구 해운대구 123-45,010-4334-4233,독서
2140,장하은,22,울산 신제주 123-45,010-8710-2786,독서
2141,임예린,22,제주 덕양구 123-45,010-1560-9156,보드게임
2142,박지후,77,안양 강남구 123-45,010-1069-1654,독서
2143,장하윤,59,포항 일산동구 123-45,010-3804-7435,사진촬영
2144,임건우,46,대전 성북구 123-45,010-4547-5883,드로잉
2145,최현우,38,대구 해운대구 123-45,010-2909-6617,드로잉
2146,박태윤,73,평택 장유동 123-45,010-8718-8603,여행
2147,윤건우,79,고양 기흥구 123-45,010-9297-9285,독서
2148,임민수,55,광주 신제주 123-45,010-4971-9727,여행
2149,이지후,49,울산 성동구 123-45,010-1141-5626,일기 쓰기
2150,신지민,61,안양 성동구 123-45,010-4454-7118,사진촬영
2151,박소율,42,김해 중구 123-45,010-6455-1287,영화감상
2152,서예은,65,안산 일산동구 123-45,010-7789-4620,운동
2153,오지원,26,용인 유성구 123-45,010-2890-6711,여행
2154,박지민,71,부산 덕양구 123-45,010-9388-6447,음악감상
2155,윤서연,40,전주 덕양구 123-45,010-2364-4529,게임
2156,서예린,64,서울 서구 123-45,010-5257-3987,독서
2157,장하윤,26,대구 달서구 123-45,010-6699-5823,뜨개질
2158,윤건우,25,김해 분당구 123-45,010-2384-9422,일기 쓰기
2159,조지민,25,창원 신제주 123-45,010-6866-2755,보드게임
2160,윤서연,31,천안 팔달구 123-45,010-7847-2603,웹서핑
2161,임소율,69,대구 성동구 123-45,010-4167-7964,여행
2162,정시우,52,대전 북구 123-45,010-4290-5299,운동
2163,장건우,24,서울 수성구 123-45,010-6248-2828,일기 쓰기
2164,조예은,48,부산 유성구 123-45,010-2479-6134,음악감상
2165,장유진,71,용인 일산동구 123-45,010-3272-1324,자전거 타기
2166,이도윤,47,인천 신제주 123-45,010-6634-7149,여행
2167,박현우,74,천안 진해구 123-45,010-2477-2661,독서
2168,정건우,29,남양주 동구 123-45,010-6521-7362,보드게임
2169,이서준,76,울산 장유동 123-45,010-2509-1144,드로잉
2170,정시우,68,전주 중구 123-45,010-4392-2934,자전거 타기
2171,장소율,63,세종 중구 123-45,010-3507-3894,사진촬영
2172,김예은,27,포항 중구 123-45,010-9861-7424,음악감상
2173,오소율,47,부산 남구 123-45,010-1286-3320,영화감상
2174,윤은우,41,용인 장유동 123-45,010-1756-6964,자전거 타기
2175,한수빈,75,전주 북구 123-45,010-2041-5679,운동
2176,최예린,57,평택 중구 123-45,010-6531-3576,드로잉
2177,장지안,61,세종 신제주 123-45,010-7531-8867,운동
2178,박하윤,56,안양 수성구 123-45,010-2438-5207,웹서핑
2179,윤소율,74,안산 동구 123-45,010-7159-2591,수영
2180,강현우,69,안산 진해구 123-45,010-2315-1426,여행
2181,신건우,62,남양주 성동구 123-45,010-6316-3387,등산
2182,장지안,27,수원 달서구 123-45,010-8527-7449,등산
2183,윤수빈,79,천안 덕진구 123-45,010-9461-6560,독서
2184,임민수,73,안양 동구 123-45,010-6445-5238,자전거 타기
2185,정은우,46,남양주 서북구 123-45,010-9233-3902,수영
2186,신수빈,66,포항 진해구 123-45,010-3629-7361,운동
2187,오지민,28,남양주 동구 123-45,010-2995-4400,독서
2188,조수빈,67,안양 유성구 123-45,010-4602-3859,카페 투어
2189,서수빈,41,화성 신제주 123-45,010-1786-6253,사진촬영
2190,이유진,79,대구 일산동구 123-45,010-8265-6270,사진촬영
2191,최지안,31,평택 수성구 123-45,010-9026-3512,수영
2192,신민수,77,인천 중구 123-45,010-6448-6026,뜨개질
2193,신지원,38,수원 장유동 123-45,010-8231-2400,요리
2194,강유진,45,창원 진해구 123-45,010-6476-8785,등산
2195,신지원,73,안양 강남구 123-45,010-7264-4184,웹서핑
2196,이민수,20,평택 팔달구 123-45,010-1329-5059,게임
2197,최수빈,31,안양 중구 123-45,010-5504-9959,운동
2198,정지안,63,고양 남구 123-45,010-6980-8474,음악감상
2199,신시우,57,용인 기흥구 123-45,010-4638-6055,뜨개질
2200,오서연,31,서울 수성구 123-45,010-5107-7702,보드게임
2201,박예린,58,부산 덕양구 123-45,010-3526-4129,카페 투어
2202,윤지안,34,전주 장유동 123-45,010-7179-4721,드로잉
2203,오하윤,69,창원 흥덕구 123-45,010-2524-7423,드로잉
2204,강서연,68,천안 덕양구 123-45,010-7560-2747,웹서핑
2205,윤하은,32,수원 신제주 123-45,010-6663-4464,독서
2206,이시우,46,화성 덕진구 123-45,010-3992-2029,영화감상
2207,박도윤,35,평택 해운대구 123-45,010-5051-6630,뜨개질
2208,오지민,49,성남 장유동 123-45,010-1911-7177,수영
2209,장하은,68,제주 서북구 123-45,010-4733-4706,영화감상
2210,조은우,30,고양 장유동 123-45,010-1018-6792,사진촬영
2211,김하윤,36,고양 수성구 123-45,010-5025-3213,운동
2212,강지안,31,울산 달서구 123-45,010-2135-2025,여행
2213,한유진,68,서울 강남구 123-45,010-2534-5112,영화감상
2214,임도윤,56,창원 송파구 123-45,010-2075-9984,독서
2215,김예린,32,울산 덕양구 123-45,010-1936-2524,운동
2216,한유진,42,고양 해운대구 123-45,010-1890-2979,영화감상
2217,오소율,22,인천 중구 123-45,010-1852-3898,운동
2218,김지후,34,평택 강남구 123-45,010-8658-1238,독서
2219,정지원,75,창원 서북구 123-45,010-6326-2803,독서
2220,이하윤,50,인천 해운대구 123-45,010-6583-3847,웹서핑
2221,서서준,27,울산 달서구 123-45,010-2845-5095,독서
2222,신도윤,65,제주 분당구 123-45,010-3783-8770,등산
2223,이민수,45,포항 중구 123-45,010-6581-7409,음악감상
2224,윤소율,54,천안 유성구 123-45,010-4534-1021,일기 쓰기
2225,윤서준,55,인천 장유동 123-45,010-4499-8857,뜨개질
2226,정서준,33,세종 달서구 123-45,010-4146-8683,음악감상
2227,조지안,33,광주 달서구 123-45,010-2140-4287,수영
2228,강건우,64,전주 해운대구 123-45,010-8047-4317,일기 쓰기
2229,김현우,70,김해 덕진구 123-45,010-1637-8222,일기 쓰기
2230,임유진,26,인천 기흥구 123-45,010-2891-3435,카페 투어
2231,강하은,20,전주 북구 123-45,010-8123-3805,보드게임
2232,정서연,58,제주 중구 123-45,010-5874-8830,드로잉
2233,김서연,68,김해 서북구 123-45,010-5907-4583,영화감상
2234,조지원,28,성남 덕진구 123-45,010-8146-6368,독서
2235,윤민수,70,남양주 분당구 123-45,010-1329-9915,게임
2236,최하은,33,포항 강남구 123-45,010-7519-7617,자전거 타기
2237,김시우,52,대구 유성구 123-45,010-6100-4452,사진촬영
2238,이예린,38,남양주 동구 123-45,010-4487-3179,요리
2239,한현우,75,김해 신제주 123-45,010-3080-7921,수영
2240,정건우,45,화성 유성구 123-45,010-5398-8550,사진촬영
2241,박소율,68,청주 진해구 123-45,010-9226-1460,여행
2242,오서연,73,용인 흥덕구 123-45,010-3706-2684,웹서핑
2243,한지원,27,인천 북구 123-45,010-8607-3015,뜨개질
2244,오하윤,69,광주 서북구 123-45,010-1144-3389,운동
2245,최건우,38,서울 수성구 123-45,010-1276-9129,등산
2246,장예은,53,안양 장유동 123-45,010-3043-9818,등산
2247,조예린,37,대구 남구 123-45,010-4358-2276,영화감상
2248,신서연,47,평택 흥덕구 123-45,010-4907-4477,카페 투어
2249,오하은,30,광주 성북구 123-45,010-7690-5025,뜨개질
2250,강지후,42,서울 덕진구 123-45,010-5723-1871,카페 투어
2251,김수빈,62,세종 강서구 123-45,010-6534-9601,웹서핑
2252,조건우,21,제주 동구 123-45,010-1448-8048,보드게임
2253,서예린,70,성남 유성구 123-45,010-3357-9677,등산
2254,신서준,44,창원 기흥구 123-45,010-9416-8785,자전거 타기
2255,임태윤,23,김해 수성구 123-45,010-2013-9542,게임
2256,윤유진,40,안산 성북구 123-45,010-4584-8988,유튜브 보기
2257,강서연,77,성남 송파구 123-45,010-1915-7661,게임
2258,최하은,42,용인 서북구 123-45,010-3012-6553,카페 투어
2259,정지민,33,창원 기흥구 123-45,010-2356-4003,음악감상
2260,이서준,76,포항 성동구 123-45,010-7809-2234,여행
2261,이민수,62,인천 성동구 123-45,010-8917-3441,사진촬영
2262,서예은,29,부산 서북구 123-45,010-5845-5127,요리
2263,윤태윤,39,안양 덕진구 123-45,010-6411-5776,등산
2264,이예린,72,평택 성북구 123-45,010-2301-8378,웹서핑
2265,조하윤,54,남양주 서북구 123-45,010-8899-6600,요리
2266,장소율,22,안산 장유동 123-45,010-7237-2971,게임
2267,강지안,24,전주 서구 123-45,010-2403-6468,카페 투어
2268,오지민,50,안양 중구 123-45,010-3218-2363,자전거 타기
2269,정소율,21,수원 달서구 123-45,010-4614-1612,사진촬영
2270,조예은,42,서울 성북구 123-45,010-3186-2276,영화감상
2271,박수빈,31,천안 흥덕구 123-45,010-5074-2112,보드게임
2272,한지후,60,전주 흥덕구 123-45,010-4706-2791,유튜브 보기
2273,장수빈,31,남양주 달서구 123-45,010-2260-5763,게임
2274,신수빈,20,창원 신제주 123-45,010-4678-8516,일기 쓰기
2275,이예린,69,고양 성북구 123-45,010-2385-6092,음악감상
2276,이유진,27,포항 달서구 123-45,010-7588-7076,운동
2277,정지안,39,용인 장유동 123-45,010-8255-4766,카페 투어
2278,이소율,35,인천 진해구 123-45,010-4912-2049,독서
2279,김시우,50,안산 강남구 123-45,010-4441-4144,드로잉
2280,장유진,35,포항 강남구 123-45,010-3904-5523,드로잉
2281,서하윤,27,평택 분당구 123-45,010-2229-4917,영화감상
2282,최도윤,46,평택 흥덕구 123-45,010-3768-3660,사진촬영
2283,윤서연,22,대구 일산동구 123-45,010-8633-5124,등산
2284,강예은,64,전주 수성구 123-45,010-3909-2556,음악감상
2285,임시우,49,인천 팔달구 123-45,010-5800-2863,등산
2286,조서연,38,대전 유성구 123-45,010-3878-4645,뜨개질
2287,오시우,49,전주 신제주 123-45,010-4264-5008,요리
2288,오지후,49,천안 흥덕구 123-45,010-5845-7719,웹서핑
2289,정지민,58,천안 신제주 123-45,010-2959-2910,여행
2290,신하윤,27,대구 송파구 123-45,010-5554-9027,요리
2291,정예린,38,수원 성북구 123-45,010-4624-1659,독서
2292,조지원,64,안양 강남구 123-45,010-3095-2907,여행
2293,서하윤,38,창원 송파구 123-45,010-3521-8712,일기 쓰기
2294,신태윤,21,인천 서북구 123-45,010-9324-6112,뜨개질
2295,김소율,26,포항 서북구 123-45,010-8448-4526,카페 투어
2296,강시우,75,부산 성북구 123-45,010-3331-7906,드로잉
2297,장은우,32,청주 팔달구 123-45,010-6680-2046,카페 투어
2298,조하은,75,제주 진해구 123-45,010-6932-7626,영화감상
2299,강지안,73,안산 중구 123-45,010-2456-1177,여행
2300,조지원,31,전주 달서구 123-45,010-6138-5850,드로잉
2301,박태윤,50,성남 흥덕구 123-45,010-5379-9040,드로잉
2302,최예은,67,화성 장유동 123-45,010-8338-6650,등산
2303,정서연,39,청주 달서구 123-45,010-1280-4836,음악감상
2304,박소율,44,성남 기흥구 123-45,010-2314-2996,게임
2305,최수빈,70,평택 수성구 123-45,010-5010-6941,독서
2306,박지후,75,고양 강남구 123-45,010-8950-2080,수영
2307,최지민,60,안산 덕양구 123-45,010-1072-7542,요리
2308,정서준,25,천안 강서구 123-45,010-3412-4952,뜨개질
2309,장예은,21,평택 달서구 123-45,010-2181-1887,웹서핑
2310,강현우,76,제주 성북구 123-45,010-1160-5540,독서
2311,최지원,35,제주 기흥구 123-45,010-7896-8993,수영
2312,윤예린,32,창원 유성구 123-45,010-3896-3749,드로잉
2313,윤태윤,27,광주 서북구 123-45,010-5948-8364,수영
2314,윤태윤,70,고양 신제주 123-45,010-2041-2397,드로잉
2315,최민수,21,김해 팔달구 123-45,010-3568-2467,수영
2316,한예은,67,평택 유성구 123-45,010-7447-9469,운동
2317,최지원,48,세종 서북구 123-45,010-4351-9981,사진촬영
2318,윤지안,72,천안 송파구 123-45,010-1879-2980,일기 쓰기
2319,오예린,70,세종 성동구 123-45,010-3584-3669,유튜브 보기
2320,임태윤,39,안산 해운대구 123-45,010-2495-7078,게임
2321,김지원,23,인천 신제주 123-45,010-1110-4466,드로잉
2322,강태윤,56,천안 흥덕구 123-45,010-2716-5434,요리
2323,신지원,46,광주 분당구 123-45,010-5656-1351,영화감상
2324,한소율,52,청주 남구 123-45,010-5386-7201,게임
2325,박태윤,65,고양 덕양구 123-45,010-2698-6899,유튜브 보기
2326,장하윤,76,고양 강남구 123-45,010-4270-4020,요리
2327,최도윤,33,대전 서구 123-45,010-4480-4152,웹서핑
2328,정은우,37,광주 남구 123-45,010-2446-8278,일기 쓰기
2329,신지원,78,수원 흥덕구 123-45,010-4265-1479,수영
2330,오은우,33,제주 수성구 123-45,010-3943-6429,운동
2331,최현우,55,청주 중구 123-45,010-7201-1370,영화감상
2332,박하은,36,안산 남구 123-45,010-1453-1636,보드게임
2333,한예린,50,부산 북구 123-45,010-4412-7064,뜨개질
2334,윤예은,67,고양 성동구 123-45,010-1885-5628,영화감상
2335,김지안,47,서울 일산동구 123-45,010-9641-2883,수영
2336,정민수,71,평택 강서구 123-45,010-3933-1725,요리
2337,조수빈,37,대구 팔달구 123-45,010-4492-3324,뜨개질
2338,장하은,58,포항 서구 123-45,010-7466-4776,유튜브 보기
2339,박하윤,74,부산 분당구 123-45,010-1378-5692,카페 투어
2340,이지민,27,수원 일산동구 123-45,010-3328-1111,드로잉
2341,이태윤,67,대전 송파구 123-45,010-3535-4588,영화감상
2342,이서연,65,제주 덕진구 123-45,010-9733-7082,드로잉
2343,오지원,52,수원 진해구 123-45,010-2434-6149,보드게임
2344,윤현우,52,남양주 덕진구 123-45,010-8061-6483,요리
2345,윤예린,39,대구 팔달구 123-45,010-6559-4000,운동
2346,정하은,54,용인 팔달구 123-45,010-3718-7946,일기 쓰기
2347,김예은,77,안양 동구 123-45,010-6051-2494,음악감상
2348,김지민,54,대구 북구 123-45,010-3004-9113,영화감상
2349,최민수,22,세종 수성구 123-45,010-4027-4895,등산
2350,박시우,79,평택 달서구 123-45,010-2669-8584,사진촬영
2351,윤수빈,44,남양주 수성구 123-45,010-8915-7086,등산
2352,강서연,25,울산 강서구 123-45,010-6013-2161,수영
2353,조소율,32,울산 분당구 123-45,010-2082-1659,웹서핑
2354,정도윤,25,남양주 서북구 123-45,010-2746-3100,유튜브 보기
2355,신하윤,31,청주 해운대구 123-45,010-7932-1406,웹서핑
2356,조지안,48,김해 동구 123-45,010-5624-4442,유튜브 보기
2357,최건우,33,울산 서구 123-45,010-3158-8562,보드게임
2358,윤지민,31,안산 강남구 123-45,010-5397-2949,뜨개질
2359,윤지후,32,제주 유성구 123-45,010-9221-2287,운동
2360,최수빈,28,인천 달서구 123-45,010-5357-4589,자전거 타기
2361,오민수,37,서울 강남구 123-45,010-4830-2533,유튜브 보기
2362,서소율,31,광주 팔달구 123-45,010-3982-6708,영화감상
2363,오현우,36,김해 덕양구 123-45,010-1118-4678,뜨개질
2364,장유진,21,천안 성북구 123-45,010-3180-5355,유튜브 보기
2365,신민수,31,인천 흥덕구 123-45,010-4890-2316,웹서핑
2366,신예린,67,수원 유성구 123-45,010-4309-5841,웹서핑
2367,김서준,79,세종 동구 123-45,010-5639-2886,웹서핑
2368,강예린,39,전주 북구 123-45,010-3045-2378,유튜브 보기
2369,최서준,68,세종 성북구 123-45,010-3882-4775,여행
2370,최서준,53,창원 성동구 123-45,010-5938-3396,드로잉
2371,김시우,61,안산 강남구 123-45,010-2552-4638,일기 쓰기
2372,오서준,49,제주 팔달구 123-45,010-6584-8650,운동
2373,장수빈,64,안양 유성구 123-45,010-9030-2197,드로잉
2374,최지후,79,안산 서북구 123-45,010-6109-1077,운동
2375,김도윤,57,청주 서북구 123-45,010-5305-2941,웹서핑
2376,서은우,45,화성 분당구 123-45,010-3414-8821,영화감상
2377,장서준,27,인천 남구 123-45,010-9774-4919,드로잉
2378,윤하윤,29,고양 해운대구 123-45,010-8047-3171,유튜브 보기
2379,장현우,24,인천 진해구 123-45,010-6330-6764,카페 투어
2380,신민수,25,대전 신제주 123-45,010-7829-5585,뜨개질
2381,이민수,49,안산 강서구 123-45,010-8002-3933,독서
2382,한민수,37,용인 성북구 123-45,010-9422-1088,음악감상
2383,임지안,46,화성 덕진구 123-45,010-1507-3891,사진촬영
2384,서민수,74,안양 서구 123-45,010-9878-6063,독서
2385,임지원,49,대전 분당구 123-45,010-8354-1815,영화감상
2386,서예린,77,수원 유성구 123-45,010-2355-2890,여행
2387,장하윤,59,수원 해운대구 123-45,010-8164-2690,드로잉
2388,윤예은,68,김해 덕양구 123-45,010-3058-7727,요리
2389,강예은,33,창원 서북구 123-45,010-1614-2333,뜨개질
2390,임시우,23,수원 송파구 123-45,010-2951-4458,사진촬영
2391,김하은,31,울산 성북구 123-45,010-1382-9489,음악감상
2392,한수빈,63,화성 강서구 123-45,010-5544-4169,일기 쓰기
2393,강서준,27,광주 중구 123-45,010-1855-6767,드로잉
2394,박건우,69,광주 유성구 123-45,010-9529-3559,게임
2395,한건우,41,성남 신제주 123-45,010-7919-6895,운동
2396,김예은,70,용인 강남구 123-45,010-8031-9565,보드게임
2397,임서연,68,김해 동구 123-45,010-6059-5356,유튜브 보기
2398,신예린,68,용인 강남구 123-45,010-9088-8851,보드게임
2399,한건우,23,용인 서북구 123-45,010-3984-3173,드로잉
2400,강서준,30,울산 성동구 123-45,010-5361-9746,자전거 타기
2401,최소율,44,수원 신제주 123-45,010-2428-6389,여행
2402,최지후,67,대전 덕양구 123-45,010-6846-7804,독서
2403,최서준,43,고양 진해구 123-45,010-7770-8476,요리
2404,서지민,47,고양 흥덕구 123-45,010-4125-4666,사진촬영
2405,조서연,30,창원 신제주 123-45,010-3144-7810,음악감상
2406,한소율,72,안산 수성구 123-45,010-1770-1315,음악감상
2407,임하윤,22,대전 송파구 123-45,010-1683-6001,보드게임
2408,조민수,25,용인 송파구 123-45,010-2130-5859,카페 투어
2409,윤민수,59,부산 일산동구 123-45,010-3305-3683,자전거 타기
2410,이수빈,57,광주 덕양구 123-45,010-2740-7632,독서
2411,오지후,52,화성 송파구 123-45,010-4349-3911,등산
2412,이도윤,64,천안 강서구 123-45,010-3866-8750,카페 투어
2413,윤지민,68,청주 성북구 123-45,010-3293-5423,웹서핑
2414,강지후,67,수원 성동구 123-45,010-3387-5819,요리
2415,최지안,24,안양 강남구 123-45,010-2535-4645,운동
2416,정지민,32,화성 서구 123-45,010-1804-4882,보드게임
2417,최예은,23,수원 남구 123-45,010-1870-2568,카페 투어
2418,임시우,34,제주 서구 123-45,010-7257-3132,수영
2419,박유진,28,포항 강서구 123-45,010-8832-9298,게임
2420,한하은,68,울산 신제주 123-45,010-6632-3153,운동
2421,이지후,64,남양주 성북구 123-45,010-6315-7772,자전거 타기
2422,정지원,66,성남 일산동구 123-45,010-2645-9410,등산
2423,임은우,46,서울 일산동구 123-45,010-1442-2855,독서
2424,이유진,29,남양주 성동구 123-45,010-5486-2113,뜨개질
2425,이시우,73,용인 중구 123-45,010-3588-6044,보드게임
2426,오수빈,67,서울 수성구 123-45,010-8296-6847,사진촬영
2427,장도윤,71,세종 유성구 123-45,010-6316-5652,독서
2428,임지원,79,안양 성북구 123-45,010-6950-6131,사진촬영
2429,임예린,64,안산 강서구 123-45,010-4632-2280,유튜브 보기
2430,오예은,40,대구 진해구 123-45,010-7168-6521,뜨개질
2431,서현우,75,대구 서구 123-45,010-1390-4609,독서
2432,박하은,46,성남 강서구 123-45,010-7593-6695,사진촬영
2433,한지민,55,청주 일산동구 123-45,010-5841-6496,뜨개질
2434,윤민수,66,제주 성동구 123-45,010-3670-9864,게임
2435,이지안,29,안산 송파구 123-45,010-4048-3301,수영
2436,윤지후,30,서울 수성구 123-45,010-7429-8717,드로잉
2437,한현우,40,포항 서북구 123-45,010-3822-4291,유튜브 보기
2438,조현우,69,제주 강서구 123-45,010-2426-2198,일기 쓰기
2439,박현우,59,김해 유성구 123-45,010-5586-4658,운동
2440,서지민,78,광주 성동구 123-45,010-3459-4925,일기 쓰기
2441,정지원,32,용인 장유동 123-45,010-4399-6922,음악감상
2442,박수빈,41,대구 기흥구 123-45,010-8277-4194,음악감상
2443,이하은,63,대전 유성구 123-45,010-5820-4494,요리
2444,장건우,67,창원 수성구 123-45,010-2595-2166,등산
2445,정수빈,58,창원 남구 123-45,010-2077-6997,등산
2446,한하은,66,고양 덕양구 123-45,010-8277-5643,여행
2447,조도윤,62,천안 달서구 123-45,010-8014-4442,자전거 타기
2448,장지후,25,안양 일산동구 123-45,010-2270-5945,게임
2449,조하은,36,전주 해운대구 123-45,010-3110-2244,뜨개질
2450,오수빈,47,안산 일산동구 123-45,010-5163-4690,게임
2451,이예은,72,안산 성북구 123-45,010-9880-1558,요리
2452,임예린,72,포항 해운대구 123-45,010-6594-3814,뜨개질
2453,신서준,32,울산 장유동 123-45,010-2435-1975,뜨개질
2454,오하은,49,서울 남구 123-45,010-1192-3903,유튜브 보기
2455,정소율,25,제주 중구 123-45,010-9347-1249,일기 쓰기
2456,장유진,72,서울 강남구 123-45,010-5129-2517,뜨개질
2457,오지원,71,세종 서구 123-45,010-4204-7694,영화감상
2458,박하윤,76,김해 진해구 123-45,010-2763-5898,음악감상
2459,윤도윤,36,창원 팔달구 123-45,010-4557-8277,운동
2460,조유진,48,평택 서구 123-45,010-2418-2382,보드게임
2461,임지안,73,고양 서구 123-45,010-6322-2952,유튜브 보기
2462,오예린,44,남양주 달서구 123-45,010-1027-6178,영화감상
2463,서수빈,71,화성 덕진구 123-45,010-6103-8752,사진촬영
2464,조은우,50,성남 분당구 123-45,010-6452-3088,요리
2465,강서준,42,남양주 남구 123-45,010-1835-3422,드로잉
2466,서서준,57,청주 장유동 123-45,010-5354-2137,게임
2467,서지원,44,김해 팔달구 123-45,010-3562-2211,사진촬영
2468,신지후,20,평택 서구 123-45,010-4209-9436,드로잉
2469,강지후,57,성남 유성구 123-45,010-1313-2200,음악감상
2470,장도윤,70,포항 해운대구 123-45,010-4791-8517,여행
2471,오민수,20,대구 기흥구 123-45,010-2188-3006,드로잉
2472,임지원,23,평택 흥덕구 123-45,010-7344-6883,등산
2473,박은우,28,창원 동구 123-45,010-4002-3966,독서
2474,한예은,57,청주 장유동 123-45,010-6601-9183,카페 투어
2475,김시우,67,수원 서구 123-45,010-9991-3609,뜨개질
2476,정시우,42,창원 중구 123-45,010-6497-1466,카페 투어
2477,서예은,73,창원 북구 123-45,010-3600-1215,웹서핑
2478,한은우,48,울산 신제주 123-45,010-2802-2119,요리
2479,신예은,56,안산 동구 123-45,010-8890-4147,일기 쓰기
2480,강예은,79,울산 남구 123-45,010-7988-4348,사진촬영
2481,김은우,37,김해 동구 123-45,010-8786-8173,등산
2482,한소율,56,평택 기흥구 123-45,010-4321-2660,등산
2483,이도윤,21,안산 강남구 123-45,010-4788-7333,일기 쓰기
2484,윤하윤,20,용인 분당구 123-45,010-2889-4808,등산
2485,서서준,64,안산 분당구 123-45,010-1455-9574,자전거 타기
2486,강소율,49,평택 기흥구 123-45,010-4302-4264,사진촬영
2487,최태윤,60,부산 달서구 123-45,010-6343-3000,자전거 타기
2488,윤하은,78,창원 해운대구 123-45,010-6952-6245,요리
2489,박하은,29,제주 분당구 123-45,010-2953-3579,드로잉
2490,박예린,62,대전 강서구 123-45,010-7641-8041,카페 투어
2491,조태윤,58,천안 서북구 123-45,010-2586-9865,보드게임
2492,강지후,69,용인 해운대구 123-45,010-5913-8180,드로잉
2493,김건우,74,광주 흥덕구 123-45,010-4607-5700,뜨개질
2494,박예은,37,광주 달서구 123-45,010-2147-2920,영화감상
2495,서지원,35,남양주 진해구 123-45,010-9069-4235,자전거 타기
2496,조지민,57,전주 팔달구 123-45,010-1188-9485,자전거 타기
2497,박유진,29,대구 송파구 123-45,010-1889-3801,음악감상
2498,장건우,64,천안 신제주 123-45,010-5378-3485,요리
2499,서예린,26,용인 동구 123-45,010-5560-9301,뜨개질
2500,박은우,26,부산 북구 123-45,010-5945-5152,수영
2501,신지원,23,고양 서구 123-45,010-1327-8169,등산
2502,윤예은,48,성남 분당구 123-45,010-5575-3135,영화감상
2503,정유진,33,전주 성북구 123-45,010-8739-8374,여행
2504,장수빈,63,안산 남구 123-45,010-4033-6828,운동
2505,조서준,48,평택 진해구 123-45,010-7825-2141,웹서핑
2506,신지후,53,안산 일산동구 123-45,010-5962-5464,운동
2507,장태윤,78,세종 북구 123-45,010-7806-2119,사진촬영
2508,박소율,73,광주 강남구 123-45,010-6514-4979,자전거 타기
2509,강지원,24,청주 분당구 123-45,010-7807-3709,운동
2510,서하은,30,전주 성동구 123-45,010-7444-5110,뜨개질
2511,최은우,74,안양 기흥구 123-45,010-1873-2088,일기 쓰기
2512,정서연,72,청주 진해구 123-45,010-6669-9955,영화감상
2513,한하은,42,수원 달서구 123-45,010-3377-6449,게임
2514,장현우,25,대전 팔달구 123-45,010-7907-7602,드로잉
2515,김하은,77,제주 흥덕구 123-45,010-5037-6953,자전거 타기
2516,서도윤,56,안양 기흥구 123-45,010-1227-4461,운동
2517,최유진,64,광주 분당구 123-45,010-2624-8361,운동
2518,윤예린,28,창원 서북구 123-45,010-5457-2356,유튜브 보기
2519,박서준,31,창원 흥덕구 123-45,010-1376-3202,웹서핑
2520,한지안,65,안산 성동구 123-45,010-7666-2625,음악감상
2521,윤유진,32,용인 성동구 123-45,010-5546-4261,드로잉
2522,신유진,40,대전 서북구 123-45,010-1644-1908,뜨개질
2523,강태윤,39,울산 북구 123-45,010-6115-5514,수영
2524,한지원,22,부산 팔달구 123-45,010-8380-3854,운동
2525,박유진,67,성남 성동구 123-45,010-8432-5620,뜨개질
2526,서예은,49,전주 일산동구 123-45,010-7238-6609,운동
2527,정민수,27,고양 북구 123-45,010-3767-1618,여행
2528,조지안,25,제주 해운대구 123-45,010-9744-2982,게임
2529,한유진,32,용인 장유동 123-45,010-2715-5959,보드게임
2530,윤하은,27,용인 송파구 123-45,010-6222-3237,요리
2531,이소율,61,김해 성북구 123-45,010-9986-4899,보드게임
2532,신은우,64,안양 덕진구 123-45,010-3581-5727,카페 투어
2533,강수빈,21,천안 해운대구 123-45,010-3809-5758,보드게임
2534,김지민,61,대구 중구 123-45,010-4028-4918,수영
2535,윤유진,62,제주 신제주 123-45,010-3950-6858,뜨개질
2536,신예린,44,창원 서북구 123-45,010-2469-3090,유튜브 보기
2537,한현우,64,수원 장유동 123-45,010-6116-2313,음악감상
2538,장지원,44,남양주 동구 123-45,010-6303-9365,보드게임
2539,장유진,61,성남 강남구 123-45,010-1745-4122,자전거 타기
2540,임민수,56,인천 강남구 123-45,010-5127-2031,운동
2541,강서연,30,안양 신제주 123-45,010-4947-1271,등산
2542,김예은,37,안산 수성구 123-45,010-9913-3946,카페 투어
2543,이소율,20,성남 해운대구 123-45,010-7445-8130,수영
2544,서하윤,38,전주 동구 123-45,010-4027-6326,게임
2545,김은우,75,평택 장유동 123-45,010-1597-6938,일기 쓰기
2546,정하윤,30,대전 덕진구 123-45,010-6169-2380,일기 쓰기
2547,임서준,69,제주 서구 123-45,010-7337-4513,드로잉
2548,정서준,68,서울 신제주 123-45,010-9857-3638,사진촬영
2549,한하윤,31,평택 팔달구 123-45,010-9116-4968,수영
2550,서지원,47,대구 서북구 123-45,010-1367-2277,게임
2551,윤지안,22,성남 서북구 123-45,010-5924-5952,자전거 타기
2552,장지안,55,성남 강남구 123-45,010-9753-7985,일기 쓰기
2553,한예린,26,성남 달서구 123-45,010-5463-7370,게임
2554,신서연,26,대구 신제주 123-45,010-5251-7059,웹서핑
2555,박건우,49,용인 성북구 123-45,010-5392-2551,수영
2556,김하은,59,용인 북구 123-45,010-9067-2501,수영
2557,정지안,67,안양 흥덕구 123-45,010-8046-1040,뜨개질
2558,박시우,73,남양주 진해구 123-45,010-4014-6575,자전거 타기
2559,강소율,71,창원 덕양구 123-45,010-8140-4998,수영
2560,조도윤,20,인천 덕양구 123-45,010-7599-8211,사진촬영
2561,이서준,59,포항 강서구 123-45,010-1025-4994,사진촬영
2562,조지후,37,광주 기흥구 123-45,010-4598-2257,등산
2563,윤하윤,43,인천 진해구 123-45,010-1320-7868,요리
2564,신은우,30,대구 해운대구 123-45,010-5366-3723,음악감상
2565,오지원,59,광주 유성구 123-45,010-8008-4831,요리
2566,윤지안,74,전주 덕진구 123-45,010-9092-6425,일기 쓰기
2567,정지민,47,안산 일산동구 123-45,010-5764-8323,일기 쓰기
2568,이지안,76,고양 성동구 123-45,010-5134-5532,카페 투어
2569,임도윤,76,평택 해운대구 123-45,010-2051-2808,여행
2570,박태윤,56,인천 동구 123-45,010-1104-6982,여행
2571,최태윤,25,수원 기흥구 123-45,010-6520-2177,게임
2572,윤도윤,51,포항 흥덕구 123-45,010-8048-2488,카페 투어
2573,윤현우,65,김해 기흥구 123-45,010-3962-9533,운동
2574,정하은,67,광주 강서구 123-45,010-6923-8489,유튜브 보기
2575,강지안,74,인천 진해구 123-45,010-4317-2599,유튜브 보기
2576,임현우,36,안양 기흥구 123-45,010-2541-9093,사진촬영
2577,장현우,77,김해 덕양구 123-45,010-5925-4734,등산
2578,최도윤,78,수원 덕진구 123-45,010-4819-5859,보드게임
2579,오수빈,74,용인 장유동 123-45,010-5169-7341,음악감상
2580,최건우,20,고양 강서구 123-45,010-1723-9668,웹서핑
2581,박현우,59,인천 성북구 123-45,010-2180-6723,요리
2582,오지안,79,제주 강남구 123-45,010-3514-2353,카페 투어
2583,장예린,33,부산 덕진구 123-45,010-7701-6346,등산
2584,오태윤,58,남양주 팔달구 123-45,010-9924-5189,웹서핑
2585,박서연,36,전주 해운대구 123-45,010-5880-2236,수영
2586,서예린,36,성남 중구 123-45,010-6174-6358,음악감상
2587,이지원,50,안산 분당구 123-45,010-3593-1840,음악감상
2588,이예은,61,창원 덕진구 123-45,010-7918-4983,유튜브 보기
2589,한도윤,40,평택 중구 123-45,010-3391-7592,사진촬영
2590,정은우,22,창원 신제주 123-45,010-3953-6913,운동
2591,박지원,54,청주 강서구 123-45,010-3438-3005,영화감상
2592,이소율,60,인천 분당구 123-45,010-9467-2964,수영
2593,오은우,75,서울 흥덕구 123-45,010-8299-5000,요리
2594,이태윤,36,고양 해운대구 123-45,010-9450-4641,게임
2595,한시우,50,고양 덕양구 123-45,010-5810-7538,자전거 타기
2596,박서연,60,남양주 팔달구 123-45,010-8010-3234,영화감상
2597,최지안,48,제주 진해구 123-45,010-1634-9484,영화감상
2598,박태윤,36,화성 신제주 123-45,010-8480-8519,수영
2599,신예은,72,안산 강남구 123-45,010-1199-2095,독서
2600,한예은,21,울산 진해구 123-45,010-8739-6714,게임
2601,조예린,41,포항 진해구 123-45,010-9646-4492,사진촬영
2602,오지원,36,전주 장유동 123-45,010-5077-8179,등산
2603,신지민,36,안산 강서구 123-45,010-6611-2916,수영
2604,최도윤,31,전주 남구 123-45,010-8758-1444,등산
2605,이현우,68,부산 진해구 123-45,010-1565-5591,등산
2606,박시우,25,부산 흥덕구 123-45,010-9952-4837,게임
2607,서지안,28,김해 북구 123-45,010-3968-1824,유튜브 보기
2608,최유진,37,울산 유성구 123-45,010-4690-1816,수영
2609,조시우,70,안양 남구 123-45,010-4073-1399,유튜브 보기
2610,이지후,67,제주 기흥구 123-45,010-6337-1597,음악감상
2611,서지후,54,인천 신제주 123-45,010-1709-4068,게임
2612,김서준,40,대전 수성구 123-45,010-6305-5413,보드게임
2613,윤도윤,35,서울 기흥구 123-45,010-2297-8722,보드게임
2614,장지민,70,고양 강남구 123-45,010-2840-6682,음악감상
2615,임민수,44,용인 남구 123-45,010-5954-2713,독서
2616,한태윤,29,안양 서북구 123-45,010-4891-7332,드로잉
2617,윤민수,62,화성 강남구 123-45,010-2813-1953,사진촬영
2618,이하은,77,울산 일산동구 123-45,010-1125-3901,드로잉
2619,조예린,60,창원 강서구 123-45,010-5734-7476,독서
2620,오건우,42,평택 장유동 123-45,010-7414-3862,수영
2621,서지민,45,천안 유성구 123-45,010-2716-5604,요리
2622,한지후,22,포항 남구 123-45,010-3768-2718,보드게임
2623,한하윤,62,용인 유성구 123-45,010-4371-9432,웹서핑
2624,오하윤,39,포항 진해구 123-45,010-3059-2873,보드게임
2625,조은우,26,남양주 진해구 123-45,010-3248-4307,여행
2626,강지민,55,용인 진해구 123-45,010-2026-2949,여행
2627,서유진,28,인천 남구 123-45,010-2864-4772,일기 쓰기
2628,오지원,50,안산 강남구 123-45,010-8226-1893,일기 쓰기
2629,박지후,42,전주 신제주 123-45,010-2632-9045,웹서핑
2630,조서준,21,성남 송파구 123-45,010-1441-6298,게임
2631,정예린,25,창원 팔달구 123-45,010-2429-7039,사진촬영
2632,최하윤,49,세종 중구 123-45,010-6763-4268,드로잉
2633,한은우,41,김해 달서구 123-45,010-1844-2459,독서
2634,윤하윤,52,청주 팔달구 123-45,010-2702-5516,웹서핑
2635,강도윤,68,대구 일산동구 123-45,010-1963-4666,카페 투어
2636,한예은,62,대구 성동구 123-45,010-9735-6228,영화감상
2637,윤지민,62,대전 장유동 123-45,010-2773-9005,사진촬영
2638,조민수,40,성남 일산동구 123-45,010-3482-9317,유튜브 보기
2639,서서연,62,성남 덕양구 123-45,010-3112-3437,요리
2640,신시우,35,광주 강서구 123-45,010-1420-9127,카페 투어
2641,이현우,71,인천 서구 123-45,010-1753-6795,카페 투어
2642,임은우,72,안산 장유동 123-45,010-1667-8459,드로잉
2643,장서연,71,포항 성동구 123-45,010-1973-5256,운동
2644,서지안,32,화성 성동구 123-45,010-8084-1435,음악감상
2645,강태윤,26,부산 분당구 123-45,010-3641-6061,등산
2646,윤소율,29,제주 송파구 123-45,010-7595-4591,여행
2647,장지원,46,성남 중구 123-45,010-3858-4915,영화감상
2648,임서연,43,세종 진해구 123-45,010-2901-3744,웹서핑
2649,박지후,68,고양 기흥구 123-45,010-5205-4851,유튜브 보기
2650,신서연,47,세종 흥덕구 123-45,010-7352-7016,드로잉
2651,김지후,77,고양 진해구 123-45,010-2760-5557,유튜브 보기
2652,윤현우,27,세종 서북구 123-45,010-1033-9000,드로잉
2653,조지안,53,용인 흥덕구 123-45,010-5966-2404,뜨개질
2654,장시우,30,성남 수성구 123-45,010-9172-7088,뜨개질
2655,서서준,42,울산 신제주 123-45,010-4421-3911,요리
2656,조건우,43,포항 덕양구 123-45,010-5623-3033,사진촬영
2657,장예린,49,남양주 덕양구 123-45,010-9586-7009,보드게임
2658,한시우,26,창원 송파구 123-45,010-2806-3813,보드게임
2659,신현우,62,부산 흥덕구 123-45,010-3266-1130,독서
2660,임도윤,68,울산 동구 123-45,010-2726-1261,수영
2661,신서연,72,부산 신제주 123-45,010-7019-7610,게임
2662,강민수,54,평택 팔달구 123-45,010-5917-1321,여행
2663,이예은,57,서울 강남구 123-45,010-2936-6715,게임
2664,강지민,74,청주 서북구 123-45,010-8152-8754,등산
2665,윤서준,33,포항 성동구 123-45,010-8127-7271,카페 투어
2666,서하은,76,화성 일산동구 123-45,010-2923-8858,수영
2667,박수빈,59,천안 일산동구 123-45,010-9822-5757,드로잉
2668,서지민,33,평택 성동구 123-45,010-1924-2937,독서
2669,윤예린,57,천안 덕양구 123-45,010-4992-2639,독서
2670,오예린,74,제주 장유동 123-45,010-5455-8024,영화감상
2671,장예은,20,창원 남구 123-45,010-4227-8999,요리
2672,최서연,68,세종 북구 123-45,010-9978-5585,등산
2673,윤은우,36,천안 동구 123-45,010-1445-3788,카페 투어
2674,강지민,57,평택 중구 123-45,010-2289-6773,사진촬영
2675,오하윤,27,포항 흥덕구 123-45,010-2673-2768,카페 투어
2676,임은우,57,인천 남구 123-45,010-7002-7596,카페 투어
2677,오건우,58,세종 수성구 123-45,010-5461-6068,영화감상
2678,신은우,41,고양 장유동 123-45,010-5489-2711,수영
2679,이유진,65,청주 서북구 123-45,010-9663-2281,독서
2680,강도윤,50,울산 진해구 123-45,010-7132-7520,보드게임
2681,조지원,71,고양 남구 123-45,010-6538-2792,자전거 타기
2682,박소율,29,용인 강남구 123-45,010-1031-1800,음악감상
2683,김시우,74,화성 흥덕구 123-45,010-9381-6642,요리
2684,서수빈,32,부산 서구 123-45,010-6720-6494,일기 쓰기
2685,임예린,74,남양주 중구 123-45,010-9851-2088,뜨개질
2686,서은우,62,고양 서북구 123-45,010-4643-9350,여행
2687,김건우,70,울산 해운대구 123-45,010-6763-2771,사진촬영
2688,한지민,70,용인 남구 123-45,010-2334-5006,영화감상
2689,박시우,40,성남 덕양구 123-45,010-2792-4972,요리
2690,최민수,49,고양 수성구 123-45,010-5966-5561,드로잉
2691,이서연,41,용인 남구 123-45,010-4425-3243,수영
2692,한건우,78,광주 진해구 123-45,010-2990-5432,음악감상
2693,한지민,25,고양 덕양구 123-45,010-8969-6043,뜨개질
2694,장건우,24,천안 기흥구 123-45,010-6390-5987,유튜브 보기
2695,한도윤,42,대전 진해구 123-45,010-1967-1988,요리
2696,임서연,43,대전 서북구 123-45,010-3153-3036,운동
2697,이하윤,25,서울 일산동구 123-45,010-1438-1790,영화감상
2698,오수빈,48,남양주 팔달구 123-45,010-1756-4299,뜨개질
2699,오시우,27,광주 유성구 123-45,010-8901-7052,웹서핑
2700,강지안,36,천안 신제주 123-45,010-5805-4665,보드게임
2701,서예은,68,평택 덕진구 123-45,010-4239-5357,드로잉
2702,임지안,76,서울 유성구 123-45,010-3585-5056,뜨개질
2703,김은우,38,고양 달서구 123-45,010-7259-4604,수영
2704,오서연,70,대전 일산동구 123-45,010-3308-4288,웹서핑
2705,이민수,33,광주 강서구 123-45,010-8860-2936,뜨개질
2706,김서준,22,화성 남구 123-45,010-1683-6403,자전거 타기
2707,임서준,60,용인 수성구 123-45,010-3753-3932,독서
2708,한하은,25,용인 진해구 123-45,010-5540-6761,보드게임
2709,강은우,26,창원 진해구 123-45,010-1238-6375,요리
2710,한태윤,60,제주 서구 123-45,010-5468-8372,일기 쓰기
2711,장태윤,56,안산 송파구 123-45,010-5311-4675,게임
2712,조은우,72,부산 성북구 123-45,010-7831-1524,게임
2713,이지안,25,남양주 덕진구 123-45,010-3523-8874,음악감상
2714,임현우,23,안양 서북구 123-45,010-8410-1347,여행
2715,이예린,60,세종 서구 123-45,010-1078-8363,등산
2716,서시우,57,포항 서북구 123-45,010-5723-3673,등산
2717,윤서준,63,인천 분당구 123-45,010-4620-5520,운동
2718,한지후,67,인천 남구 123-45,010-4895-1367,뜨개질
2719,강하은,50,부산 장유동 123-45,010-7412-1106,운동
2720,강민수,26,인천 덕진구 123-45,010-1442-9655,보드게임
2721,김예은,75,안산 수성구 123-45,010-3346-5522,사진촬영
2722,오유진,56,제주 강남구 123-45,010-1754-6522,사진촬영
2723,한지후,47,고양 성동구 123-45,010-2355-9441,뜨개질
2724,이하은,28,세종 송파구 123-45,010-5731-6271,드로잉
2725,강지후,31,청주 진해구 123-45,010-1963-5904,수영
2726,오시우,57,천안 유성구 123-45,010-8570-7090,등산
2727,신지원,71,대전 팔달구 123-45,010-2697-5952,음악감상
2728,박소율,31,평택 유성구 123-45,010-6477-9210,수영
2729,박서연,25,울산 신제주 123-45,010-8025-4882,운동
2730,최지민,43,세종 덕양구 123-45,010-2377-4936,드로잉
2731,최지안,54,포항 기흥구 123-45,010-4912-3647,유튜브 보기
2732,임태윤,71,대전 중구 123-45,010-9090-6509,유튜브 보기
2733,장건우,59,대구 해운대구 123-45,010-9459-9719,뜨개질
2734,조예린,62,청주 장유동 123-45,010-2886-4508,수영
2735,정수빈,64,세종 성동구 123-45,010-5686-5885,일기 쓰기
2736,윤지안,71,포항 서구 123-45,010-5121-6099,카페 투어
2737,장은우,79,포항 분당구 123-45,010-2712-8337,운동
2738,신하은,50,대전 중구 123-45,010-8793-5677,일기 쓰기
2739,정시우,64,안산 일산동구 123-45,010-4461-9611,뜨개질
2740,한은우,57,창원 송파구 123-45,010-9410-3723,자전거 타기
2741,김시우,57,남양주 북구 123-45,010-3146-2774,일기 쓰기
2742,임하윤,35,고양 분당구 123-45,010-6778-1901,보드게임
2743,조은우,35,남양주 팔달구 123-45,010-8052-1426,음악감상
2744,정예린,59,창원 해운대구 123-45,010-1709-2084,일기 쓰기
2745,김수빈,59,남양주 북구 123-45,010-7640-3423,사진촬영
2746,최지후,61,서울 분당구 123-45,010-8201-6522,사진촬영
2747,임시우,41,안양 팔달구 123-45,010-7331-3279,영화감상
2748,한현우,74,수원 팔달구 123-45,010-6986-1399,웹서핑
2749,오현우,27,대전 중구 123-45,010-4986-2028,독서
2750,장유진,67,평택 서구 123-45,010-6638-8469,게임
2751,김수빈,42,김해 수성구 123-45,010-6314-3013,웹서핑
2752,김지원,46,포항 중구 123-45,010-5426-3076,요리
2753,서예린,51,서울 신제주 123-45,010-2192-3757,여행
2754,최지원,78,창원 북구 123-45,010-4881-4326,카페 투어
2755,김지민,22,인천 장유동 123-45,010-6001-9051,뜨개질
2756,임하윤,62,화성 북구 123-45,010-4427-2107,뜨개질
2757,조하은,61,안산 강서구 123-45,010-3250-4825,유튜브 보기
2758,정서준,66,부산 강남구 123-45,010-5939-2260,운동
2759,장하은,32,성남 성북구 123-45,010-4376-4704,영화감상
2760,정지후,56,용인 남구 123-45,010-5838-7603,카페 투어
2761,임지후,66,수원 해운대구 123-45,010-6600-9105,독서
2762,한예린,27,화성 달서구 123-45,010-7266-3329,보드게임
2763,한지후,38,화성 분당구 123-45,010-3567-2869,드로잉
2764,신건우,34,창원 일산동구 123-45,010-5260-3566,독서
2765,정건우,37,전주 강남구 123-45,010-5130-7589,뜨개질
2766,최민수,49,남양주 덕양구 123-45,010-6536-1475,드로잉
2767,서하은,62,수원 중구 123-45,010-1990-8634,카페 투어
2768,임서준,21,남양주 기흥구 123-45,010-5667-3578,뜨개질
2769,한수빈,68,대전 서구 123-45,010-3480-2853,음악감상
2770,오하은,39,수원 덕양구 123-45,010-4867-8691,카페 투어
2771,한지후,49,포항 서북구 123-45,010-4741-3367,수영
2772,최현우,57,서울 기흥구 123-45,010-3092-1880,영화감상
2773,이지민,57,화성 서구 123-45,010-7202-1897,운동
2774,김소율,42,포항 흥덕구 123-45,010-6132-2161,영화감상
2775,박지안,78,안양 진해구 123-45,010-5597-5628,웹서핑
2776,김은우,33,인천 장유동 123-45,010-3480-7528,독서
2777,조은우,77,창원 동구 123-45,010-6601-8537,뜨개질
2778,장서준,31,창원 해운대구 123-45,010-2884-9885,음악감상
2779,강예은,43,대전 강남구 123-45,010-1084-7024,영화감상
2780,최지민,23,화성 유성구 123-45,010-3990-7002,보드게임
2781,한은우,44,안양 기흥구 123-45,010-1891-1476,뜨개질
2782,임수빈,79,천안 진해구 123-45,010-9122-7751,영화감상
2783,강태윤,78,안양 수성구 123-45,010-5947-3588,카페 투어
2784,박은우,77,포항 성북구 123-45,010-5229-1597,여행
2785,최예린,34,창원 신제주 123-45,010-1810-3771,일기 쓰기
2786,서하윤,65,남양주 일산동구 123-45,010-8829-3766,수영
2787,윤건우,48,고양 성동구 123-45,010-8843-2937,음악감상
2788,정하윤,68,수원 팔달구 123-45,010-4791-6034,등산
2789,서예은,54,울산 동구 123-45,010-7004-4366,수영
2790,조하은,52,고양 동구 123-45,010-4207-2059,웹서핑
2791,신지안,61,성남 성북구 123-45,010-6946-5572,사진촬영
2792,조지안,72,고양 중구 123-45,010-3715-8081,자전거 타기
2793,정소율,34,화성 서북구 123-45,010-6107-6325,카페 투어
2794,오은우,75,서울 서북구 123-45,010-4135-2878,여행
2795,박하은,37,부산 해운대구 123-45,010-7346-5584,영화감상
2796,이지후,69,수원 성동구 123-45,010-3257-8930,수영
2797,정하윤,20,전주 중구 123-45,010-5965-6295,운동
2798,신예은,51,평택 서구 123-45,010-2245-3287,유튜브 보기
2799,김현우,40,전주 흥덕구 123-45,010-1882-1484,일기 쓰기
2800,박유진,54,제주 강남구 123-45,010-1657-3357,뜨개질
2801,서도윤,25,창원 동구 123-45,010-7876-8582,게임
2802,신태윤,56,창원 수성구 123-45,010-4617-1541,사진촬영
2803,신지원,37,제주 성북구 123-45,010-1305-9831,운동
2804,정지원,41,남양주 해운대구 123-45,010-7067-2793,수영
2805,정지민,25,용인 해운대구 123-45,010-4351-2072,음악감상
2806,임예린,46,창원 흥덕구 123-45,010-9243-7482,유튜브 보기
2807,신서연,73,화성 기흥구 123-45,010-6889-3378,수영
2808,오서준,64,인천 기흥구 123-45,010-6623-6488,등산
2809,박지원,79,수원 흥덕구 123-45,010-9350-1310,게임
2810,한지원,60,대전 남구 123-45,010-1403-3300,보드게임
2811,정수빈,20,대구 기흥구 123-45,010-2817-3157,게임
2812,오은우,56,세종 북구 123-45,010-2445-6576,사진촬영
2813,박소율,77,울산 서구 123-45,010-3584-5424,운동
2814,조서준,52,광주 남구 123-45,010-6521-3308,웹서핑
2815,장하윤,38,청주 수성구 123-45,010-3025-1160,보드게임
2816,박하윤,25,안산 북구 123-45,010-6565-2850,보드게임
2817,이시우,49,남양주 분당구 123-45,010-7911-9662,웹서핑
2818,김예린,32,세종 강남구 123-45,010-4541-8242,여행
2819,최예은,23,인천 유성구 123-45,010-7593-7426,요리
2820,박하윤,62,제주 진해구 123-45,010-3535-4150,사진촬영
2821,임도윤,44,울산 덕진구 123-45,010-6706-5391,드로잉
2822,서태윤,37,대전 일산동구 123-45,010-9088-4118,운동
2823,서하윤,54,세종 달서구 123-45,010-9657-3653,자전거 타기
2824,박예린,29,평택 흥덕구 123-45,010-9052-8971,드로잉
2825,장하윤,58,세종 중구 123-45,010-5793-3868,일기 쓰기
2826,최지원,75,전주 분당구 123-45,010-1232-8375,유튜브 보기
2827,최시우,76,수원 진해구 123-45,010-9729-1119,음악감상
2828,서유진,64,청주 덕양구 123-45,010-8098-2931,웹서핑
2829,장수빈,75,평택 중구 123-45,010-5445-6701,뜨개질
2830,신하은,25,안산 동구 123-45,010-4030-1806,음악감상
2831,김건우,74,세종 남구 123-45,010-2073-3993,요리
2832,박예은,68,천안 수성구 123-45,010-2034-3764,보드게임
2833,신서준,70,제주 덕양구 123-45,010-9380-5850,웹서핑
2834,서태윤,65,인천 장유동 123-45,010-7987-6324,등산
2835,임지안,37,인천 진해구 123-45,010-8169-9331,게임
2836,서수빈,77,화성 서북구 123-45,010-3277-1559,요리
2837,윤서준,52,남양주 북구 123-45,010-9303-4163,뜨개질
2838,서도윤,45,화성 동구 123-45,010-3821-3958,뜨개질
2839,서수빈,36,남양주 송파구 123-45,010-2178-2004,뜨개질
2840,강지민,47,화성 일산동구 123-45,010-7849-9524,등산
2841,장하윤,46,광주 성동구 123-45,010-2902-3840,게임
2842,최소율,54,대전 팔달구 123-45,010-6238-3095,독서
2843,윤수빈,50,용인 중구 123-45,010-6010-1542,유튜브 보기
2844,최지원,53,천안 장유동 123-45,010-8064-9986,일기 쓰기
2845,김태윤,21,광주 동구 123-45,010-1010-5736,등산
2846,신지민,60,세종 덕진구 123-45,010-3853-5006,수영
2847,정서준,58,포항 덕진구 123-45,010-3258-5591,보드게임
2848,강태윤,76,청주 서북구 123-45,010-8681-2627,등산
2849,윤시우,44,화성 강서구 123-45,010-4977-1756,운동
2850,윤서연,47,광주 남구 123-45,010-9265-4546,뜨개질
2851,정서준,21,고양 강서구 123-45,010-4731-5384,카페 투어
2852,오현우,52,부산 서북구 123-45,010-6371-3781,등산
2853,박수빈,22,고양 서구 123-45,010-1605-2996,자전거 타기
2854,이은우,30,대전 북구 123-45,010-5060-9996,뜨개질
2855,이수빈,27,제주 강남구 123-45,010-3451-3041,웹서핑
2856,윤민수,69,포항 성동구 123-45,010-3096-5369,드로잉
2857,윤서연,42,대전 서북구 123-45,010-2372-2600,사진촬영
2858,한태윤,35,부산 강서구 123-45,010-7501-2684,수영
2859,조지안,60,인천 흥덕구 123-45,010-1660-2570,영화감상
2860,박하은,35,용인 성북구 123-45,010-4959-4431,수영
2861,최지민,45,인천 일산동구 123-45,010-3512-7135,요리
2862,윤시우,48,수원 중구 123-45,010-6068-1130,웹서핑
2863,한은우,59,남양주 수성구 123-45,010-5045-4794,사진촬영
2864,장지원,70,제주 해운대구 123-45,010-6048-8895,유튜브 보기
2865,이건우,47,성남 서구 123-45,010-7936-7755,유튜브 보기
2866,박지후,74,성남 성동구 123-45,010-5225-9134,등산
2867,정지민,66,용인 강서구 123-45,010-1509-5962,수영
2868,오지원,69,평택 성북구 123-45,010-6435-8040,유튜브 보기
2869,윤지안,28,평택 분당구 123-45,010-3307-9730,일기 쓰기
2870,신지안,72,수원 동구 123-45,010-7116-1455,뜨개질
2871,오서연,51,제주 덕양구 123-45,010-6174-2371,웹서핑
2872,오소율,57,천안 달서구 123-45,010-3872-8500,카페 투어
2873,윤수빈,28,안산 덕진구 123-45,010-8435-2221,드로잉
2874,장하윤,28,김해 해운대구 123-45,010-5101-1134,일기 쓰기
2875,조소율,71,수원 동구 123-45,010-1607-6275,등산
2876,박하은,30,세종 남구 123-45,010-2095-9793,독서
2877,강예은,58,울산 팔달구 123-45,010-5647-6508,사진촬영
2878,오지민,60,울산 일산동구 123-45,010-4292-5403,요리
2879,정서연,42,제주 덕양구 123-45,010-9128-6210,일기 쓰기
2880,정은우,68,수원 강서구 123-45,010-2520-7560,유튜브 보기
2881,최은우,43,용인 달서구 123-45,010-7719-7919,수영
2882,윤하윤,22,대전 분당구 123-45,010-4945-8310,요리
2883,정현우,60,인천 장유동 123-45,010-9201-4138,일기 쓰기
2884,정소율,70,수원 유성구 123-45,010-3548-5792,유튜브 보기
2885,김예은,79,창원 분당구 123-45,010-3875-4509,드로잉
2886,정수빈,56,부산 남구 123-45,010-6837-2559,유튜브 보기
2887,장서준,56,청주 서구 123-45,010-8810-4601,사진촬영
2888,한소율,22,수원 일산동구 123-45,010-3793-1371,운동
2889,박시우,62,세종 수성구 123-45,010-1555-9847,등산
2890,한지안,46,세종 흥덕구 123-45,010-1654-4669,보드게임
2891,정수빈,47,대구 서구 123-45,010-3619-5032,음악감상
2892,박현우,58,포항 성북구 123-45,010-5320-8527,유튜브 보기
2893,최예은,68,제주 강남구 123-45,010-2647-2693,웹서핑
2894,조하은,66,김해 강남구 123-45,010-1837-2818,음악감상
2895,서은우,73,전주 성동구 123-45,010-1740-2215,운동
2896,박현우,23,남양주 서구 123-45,010-1410-4846,독서
2897,임소율,33,창원 수성구 123-45,010-2791-9391,영화감상
2898,조예은,39,전주 성북구 123-45,010-5275-5068,게임
2899,김예은,78,포항 동구 123-45,010-1806-7054,등산
2900,정지민,77,안산 일산동구 123-45,010-6789-5798,운동
2901,박현우,20,안산 덕진구 123-45,010-7540-1637,뜨개질
2902,한유진,68,화성 강서구 123-45,010-4302-1532,운동
2903,장시우,58,천안 성북구 123-45,010-6591-8573,여행
2904,한유진,52,서울 달서구 123-45,010-2939-1743,보드게임
2905,박은우,50,제주 기흥구 123-45,010-7196-9551,사진촬영
2906,장지후,50,대구 서구 123-45,010-6240-1513,여행
2907,오수빈,57,김해 서북구 123-45,010-6856-6683,요리
2908,장예은,71,광주 성북구 123-45,010-2482-6859,보드게임
2909,최하은,39,대전 기흥구 123-45,010-1976-6068,유튜브 보기
2910,이서준,77,고양 분당구 123-45,010-1320-5365,카페 투어
2911,김현우,58,대구 달서구 123-45,010-8346-3882,운동
2912,윤하은,75,서울 강서구 123-45,010-8564-6976,영화감상
2913,장지후,47,인천 서북구 123-45,010-9617-5245,자전거 타기
2914,윤시우,76,용인 송파구 123-45,010-3061-8862,수영
2915,임서연,78,부산 팔달구 123-45,010-2251-7784,요리
2916,장지민,57,인천 강서구 123-45,010-4008-5280,사진촬영
2917,임하윤,45,인천 유성구 123-45,010-3765-5026,게임
2918,신현우,61,서울 기흥구 123-45,010-2129-7134,운동
2919,윤지민,29,청주 북구 123-45,010-4445-6661,게임
2920,임건우,30,천안 분당구 123-45,010-4622-1073,보드게임
2921,임유진,67,대전 서구 123-45,010-5822-2707,음악감상
2922,윤하윤,50,고양 장유동 123-45,010-9939-6891,웹서핑
2923,강지원,63,천안 기흥구 123-45,010-3318-3603,운동
2924,오지원,29,화성 서북구 123-45,010-2662-7780,게임
2925,오예은,39,포항 북구 123-45,010-2099-6471,사진촬영
2926,윤시우,44,남양주 유성구 123-45,010-2819-4501,요리
2927,강유진,71,용인 분당구 123-45,010-9408-3585,드로잉
2928,한민수,65,제주 진해구 123-45,010-2832-7944,음악감상
2929,이서연,42,용인 덕양구 123-45,010-8659-5856,보드게임
2930,윤수빈,35,남양주 장유동 123-45,010-7385-1454,수영
2931,오태윤,31,제주 장유동 123-45,010-5770-4470,여행
2932,한서연,73,제주 유성구 123-45,010-1052-1463,웹서핑
2933,최도윤,51,수원 유성구 123-45,010-9016-1980,보드게임
2934,신은우,55,수원 진해구 123-45,010-9397-1820,등산
2935,윤현우,29,창원 신제주 123-45,010-9139-6707,뜨개질
2936,신현우,38,포항 서구 123-45,010-8226-2351,사진촬영
2937,김서연,60,세종 서북구 123-45,010-8129-2924,영화감상
2938,신소율,76,울산 일산동구 123-45,010-3831-5793,드로잉
2939,강서준,74,화성 장유동 123-45,010-3701-6864,등산
2940,최도윤,72,전주 해운대구 123-45,010-2706-5281,독서
2941,조건우,24,포항 덕진구 123-45,010-4710-5280,요리
2942,오지민,49,포항 기흥구 123-45,010-3183-8987,웹서핑
2943,박소율,70,성남 분당구 123-45,010-3391-5933,요리
2944,조지원,55,광주 성동구 123-45,010-5524-4973,웹서핑
2945,서태윤,26,창원 장유동 123-45,010-1615-1064,유튜브 보기
2946,정건우,47,광주 송파구 123-45,010-6093-1299,일기 쓰기
2947,박지후,56,용인 진해구 123-45,010-1825-2417,수영
2948,윤지민,35,부산 분당구 123-45,010-1232-9571,보드게임
2949,김은우,55,평택 달서구 123-45,010-6988-8643,드로잉
2950,한지원,62,광주 유성구 123-45,010-2418-9816,일기 쓰기
2951,한예은,22,고양 신제주 123-45,010-1835-7550,사진촬영
2952,김서준,35,화성 신제주 123-45,010-8062-8571,수영
2953,이하은,71,전주 수성구 123-45,010-6117-3274,등산
2954,정유진,78,창원 기흥구 123-45,010-5300-1212,보드게임
2955,윤유진,54,청주 유성구 123-45,010-3237-5610,운동
2956,조예린,24,대구 북구 123-45,010-2695-8820,사진촬영
2957,오건우,77,용인 진해구 123-45,010-5042-4565,웹서핑
2958,김하윤,51,화성 수성구 123-45,010-5724-4509,게임
2959,김서준,69,대전 강남구 123-45,010-6759-9766,여행
2960,박서준,22,대전 성동구 123-45,010-7025-1055,유튜브 보기
2961,장소율,23,성남 성북구 123-45,010-7483-4476,일기 쓰기
2962,이유진,20,수원 덕진구 123-45,010-2499-2388,요리
2963,오현우,51,인천 강서구 123-45,010-6882-5538,사진촬영
2964,조지후,65,창원 흥덕구 123-45,010-3934-5596,드로잉
2965,장지원,79,평택 달서구 123-45,010-1912-5855,유튜브 보기
2966,장건우,42,화성 송파구 123-45,010-7575-3881,웹서핑
2967,서예린,24,화성 강남구 123-45,010-7300-7333,수영
2968,정하윤,41,성남 해운대구 123-45,010-9980-2187,웹서핑
2969,임하윤,30,용인 장유동 123-45,010-1482-1902,카페 투어
2970,이서연,61,울산 서구 123-45,010-2890-2604,뜨개질
2971,정서준,79,제주 유성구 123-45,010-3622-7681,자전거 타기
2972,신하은,33,인천 강남구 123-45,010-2709-3388,웹서핑
2973,이시우,36,대전 해운대구 123-45,010-1559-2472,드로잉
2974,이소율,61,평택 신제주 123-45,010-4058-5596,음악감상
2975,장도윤,26,남양주 신제주 123-45,010-8977-1692,등산
2976,임시우,23,청주 덕양구 123-45,010-4880-5646,운동
2977,정서연,49,고양 남구 123-45,010-9961-8470,운동
2978,장수빈,78,고양 강서구 123-45,010-4985-7715,카페 투어
2979,김민수,47,고양 서구 123-45,010-1403-1135,여행
2980,정소율,73,청주 북구 123-45,010-6700-1531,수영
2981,임서연,73,울산 덕양구 123-45,010-1254-7224,일기 쓰기
2982,서예린,76,광주 분당구 123-45,010-1182-2471,수영
2983,윤지후,59,부산 서구 123-45,010-3462-4898,영화감상
2984,정지후,68,인천 진해구 123-45,010-5059-4193,유튜브 보기
2985,강도윤,31,안양 흥덕구 123-45,010-1688-3414,독서
2986,김지민,62,성남 팔달구 123-45,010-2449-3961,수영
2987,조도윤,46,세종 성동구 123-45,010-9088-2917,요리
2988,장서준,59,대구 덕양구 123-45,010-2132-9976,등산
2989,김지원,36,청주 분당구 123-45,010-4957-1071,등산
2990,서시우,41,인천 강남구 123-45,010-4034-6937,유튜브 보기
2991,장하윤,75,대구 북구 123-45,010-8507-1087,여행
2992,박지후,32,포항 덕양구 123-45,010-7471-9506,요리
2993,강태윤,52,대전 덕진구 123-45,010-7511-6117,독서
2994,김지안,69,서울 강서구 123-45,010-2097-8734,운동
2995,강민수,52,용인 기흥구 123-45,010-7622-5353,웹서핑
2996,윤하윤,61,남양주 팔달구 123-45,010-3148-1062,운동
2997,서지후,51,제주 장유동 123-45,010-3477-2590,게임
2998,한민수,54,세종 일산동구 123-45,010-7086-8578,요리
2999,윤유진,75,고양 송파구 123-45,010-6785-8084,독서
3000,한민수,75,김해 남구 123-45,010-4915-8579,뜨개질
3001,김시우,20,평택 덕양구 123-45,010-5199-9883,운동
3002,박예린,31,인천 남구 123-45,010-6593-8275,보드게임
3003,신민수,29,청주 서구 123-45,010-3331-1694,영화감상
3004,이지민,46,남양주 서구 123-45,010-7508-2042,자전거 타기
3005,최하윤,33,세종 진해구 123-45,010-7236-1740,요리
3006,조서준,70,고양 일산동구 123-45,010-3194-8290,요리
3007,장현우,54,대전 중구 123-45,010-3814-6791,운동
3008,최소율,54,창원 성동구 123-45,010-3343-4091,일기 쓰기
3009,신지원,64,천안 신제주 123-45,010-4366-4561,음악감상
3010,오시우,57,인천 송파구 123-45,010-2217-5207,뜨개질
3011,최지원,73,대구 덕양구 123-45,010-3465-8033,뜨개질
3012,한지민,67,대구 기흥구 123-45,010-2357-9718,자전거 타기
3013,윤서준,38,대전 유성구 123-45,010-7044-2329,유튜브 보기
3014,조지민,49,서울 신제주 123-45,010-7366-1425,수영
3015,정지후,28,화성 송파구 123-45,010-3500-3498,여행
3016,이하은,76,안양 분당구 123-45,010-3860-6802,웹서핑
3017,임태윤,23,화성 송파구 123-45,010-1478-4685,일기 쓰기
3018,신은우,34,서울 중구 123-45,010-9634-7002,독서
3019,정유진,45,화성 신제주 123-45,010-5351-8619,요리
3020,서민수,22,대전 신제주 123-45,010-6685-9577,카페 투어
3021,정지안,43,수원 중구 123-45,010-1093-3317,요리
3022,서민수,31,광주 강남구 123-45,010-6691-6880,음악감상
3023,강도윤,45,광주 장유동 123-45,010-2363-5412,보드게임
3024,최예은,49,울산 강남구 123-45,010-9881-1393,자전거 타기
3025,강유진,33,안산 덕양구 123-45,010-5455-5873,사진촬영
3026,정하은,70,용인 해운대구 123-45,010-2891-9820,뜨개질
3027,강지민,24,포항 달서구 123-45,010-7934-4781,일기 쓰기
3028,박은우,33,남양주 남구 123-45,010-4406-9955,유튜브 보기
3029,임예린,43,서울 서구 123-45,010-1421-2049,웹서핑
3030,조수빈,37,천안 기흥구 123-45,010-7872-5238,사진촬영
3031,박지원,54,세종 해운대구 123-45,010-1073-1518,사진촬영
3032,조태윤,22,청주 강남구 123-45,010-7742-7623,여행
3033,신태윤,47,울산 성북구 123-45,010-3759-4661,뜨개질
3034,임하윤,45,인천 성동구 123-45,010-8420-8902,뜨개질
3035,윤현우,50,천안 장유동 123-45,010-5309-4534,게임
3036,서도윤,51,인천 남구 123-45,010-2279-8573,드로잉
3037,윤도윤,30,남양주 강남구 123-45,010-6222-7180,사진촬영
3038,신유진,22,청주 동구 123-45,010-6301-8932,여행
3039,장유진,66,수원 흥덕구 123-45,010-8384-4791,게임
3040,신지원,38,수원 중구 123-45,010-3395-7636,뜨개질
3041,오태윤,35,화성 남구 123-45,010-2776-2431,여행
3042,이하은,68,서울 강서구 123-45,010-3501-1103,유튜브 보기
3043,조예린,40,창원 기흥구 123-45,010-4723-9207,보드게임
3044,최예린,33,남양주 신제주 123-45,010-2913-4765,영화감상
3045,강예은,36,서울 송파구 123-45,010-3071-3822,게임
3046,김현우,74,서울 송파구 123-45,010-5451-5008,보드게임
3047,오태윤,65,전주 기흥구 123-45,010-1199-6750,유튜브 보기
3048,서예린,69,고양 진해구 123-45,010-4409-2496,등산
3049,임시우,63,용인 분당구 123-45,010-4737-2185,여행
3050,조은우,70,용인 달서구 123-45,010-8799-5431,사진촬영
3051,박건우,69,고양 덕양구 123-45,010-9971-3046,음악감상
3052,김하윤,49,대전 북구 123-45,010-6602-5253,독서
3053,강지민,53,서울 서구 123-45,010-5624-3167,운동
3054,정예은,38,김해 신제주 123-45,010-1409-2668,여행
3055,정건우,63,고양 서북구 123-45,010-5574-6302,게임
3056,윤태윤,31,수원 일산동구 123-45,010-7734-7812,보드게임
3057,김건우,26,화성 달서구 123-45,010-7027-2074,여행
3058,이건우,55,성남 중구 123-45,010-7361-9742,자전거 타기
3059,최지후,61,포항 분당구 123-45,010-1298-2149,등산
3060,신지안,41,성남 동구 123-45,010-6956-3604,자전거 타기
3061,장예린,78,대전 성동구 123-45,010-1457-5792,영화감상
3062,정시우,68,제주 흥덕구 123-45,010-9183-3727,등산
3063,오지민,61,평택 서구 123-45,010-4878-3268,자전거 타기
3064,장서연,33,안산 팔달구 123-45,010-2940-6647,자전거 타기
3065,오하은,73,울산 덕양구 123-45,010-2876-1866,카페 투어
3066,조서연,67,세종 동구 123-45,010-1851-2813,요리
3067,강하은,48,성남 기흥구 123-45,010-6266-8763,음악감상
3068,한현우,21,안양 서북구 123-45,010-7503-9075,여행
3069,정소율,26,수원 성북구 123-45,010-9995-1656,웹서핑
3070,윤서준,54,용인 서구 123-45,010-1093-5849,음악감상
3071,한도윤,62,창원 강남구 123-45,010-1398-5554,자전거 타기
3072,이예은,57,안양 성동구 123-45,010-4979-8145,독서
3073,조건우,31,안산 북구 123-45,010-4438-6178,유튜브 보기
3074,신서준,50,평택 기흥구 123-45,010-2317-8499,카페 투어
3075,김소율,66,대구 북구 123-45,010-5122-2984,요리
3076,장예은,55,안양 서구 123-45,010-4385-6233,음악감상
3077,최민수,74,세종 유성구 123-45,010-4045-6799,뜨개질
3078,이지원,31,광주 해운대구 123-45,010-1147-1851,자전거 타기
3079,정도윤,66,안산 성동구 123-45,010-8038-1447,영화감상
3080,조현우,69,평택 덕양구 123-45,010-9185-1834,여행
3081,장서준,47,남양주 장유동 123-45,010-2408-5776,뜨개질
3082,장예은,57,부산 동구 123-45,010-2424-9808,음악감상
3083,임서준,72,서울 분당구 123-45,010-4194-8293,보드게임
3084,오도윤,37,창원 덕진구 123-45,010-1828-1798,카페 투어
3085,정수빈,24,광주 팔달구 123-45,010-8799-4717,사진촬영
3086,강지안,76,성남 해운대구 123-45,010-2202-4163,독서
3087,장예은,77,인천 강서구 123-45,010-3318-1387,게임
3088,오민수,61,화성 서구 123-45,010-6744-2627,뜨개질
3089,윤서준,64,대전 진해구 123-45,010-5706-4582,수영
3090,조지후,75,울산 서구 123-45,010-3219-3597,보드게임
3091,신건우,57,용인 달서구 123-45,010-2426-1553,수영
3092,이지원,41,대구 신제주 123-45,010-7511-9874,자전거 타기
3093,윤유진,46,전주 강서구 123-45,010-6066-2451,운동
3094,오태윤,44,남양주 동구 123-45,010-1961-2372,수영
3095,장지안,36,창원 기흥구 123-45,010-5910-2662,운동
3096,임도윤,63,화성 해운대구 123-45,010-5223-3283,자전거 타기
3097,한소율,47,성남 덕양구 123-45,010-5029-3060,게임
3098,김수빈,53,수원 동구 123-45,010-7366-8872,영화감상
3099,서현우,37,용인 성동구 123-45,010-8683-6244,독서
3100,서수빈,74,대구 분당구 123-45,010-7658-4413,유튜브 보기
3101,강현우,55,전주 성북구 123-45,010-9500-4728,요리
3102,김서준,71,화성 달서구 123-45,010-8048-3139,드로잉
3103,서하윤,58,인천 남구 123-45,010-6567-4177,게임
3104,신소율,61,광주 강서구 123-45,010-1574-9714,수영
3105,신서연,74,청주 남구 123-45,010-9296-5128,드로잉
3106,박지원,29,세종 기흥구 123-45,010-1145-1259,일기 쓰기
3107,정하은,57,창원 서북구 123-45,010-3908-2462,유튜브 보기
3108,김지후,73,화성 분당구 123-45,010-4181-2752,수영
3109,박예은,55,인천 송파구 123-45,010-3447-6356,자전거 타기
3110,정시우,57,안산 강서구 123-45,010-2704-2513,영화감상
3111,최도윤,39,용인 강남구 123-45,010-5960-3219,사진촬영
3112,강소율,26,포항 일산동구 123-45,010-5902-2448,수영
3113,조민수,44,안산 서북구 123-45,010-5971-1556,운동
3114,윤태윤,65,안산 덕양구 123-45,010-1989-2997,등산
3115,최예린,71,인천 달서구 123-45,010-5965-1456,게임
3116,이지후,68,수원 송파구 123-45,010-3841-2610,유튜브 보기
3117,윤시우,31,남양주 달서구 123-45,010-7331-6295,요리
3118,박예린,42,세종 송파구 123-45,010-3248-6463,카페 투어
3119,김수빈,35,수원 흥덕구 123-45,010-9609-6996,뜨개질
3120,윤지민,70,수원 일산동구 123-45,010-3622-5398,수영
3121,윤태윤,25,제주 서구 123-45,010-1438-5959,등산
3122,임예린,44,남양주 강남구 123-45,010-5177-4479,웹서핑
3123,박하윤,73,인천 수성구 123-45,010-4798-1320,여행
3124,박수빈,57,포항 신제주 123-45,010-6013-9091,음악감상
3125,정수빈,74,광주 강서구 123-45,010-6190-8354,일기 쓰기
3126,박하윤,39,포항 동구 123-45,010-6688-5268,게임
3127,신은우,47,인천 덕진구 123-45,010-6651-7029,자전거 타기
3128,김지원,54,전주 덕진구 123-45,010-2302-2323,요리
3129,임예린,45,김해 달서구 123-45,010-6930-5873,등산
3130,김하은,71,청주 수성구 123-45,010-1141-4175,자전거 타기
3131,신하윤,27,수원 기흥구 123-45,010-3504-4305,웹서핑
3132,윤시우,47,안산 진해구 123-45,010-8457-5148,게임
3133,한서연,72,창원 장유동 123-45,010-3986-8260,유튜브 보기
3134,한수빈,71,광주 신제주 123-45,010-5880-8128,여행
3135,강수빈,25,인천 덕양구 123-45,010-5141-2220,일기 쓰기
3136,서건우,64,창원 송파구 123-45,010-4662-4903,드로잉
3137,서지원,53,서울 일산동구 123-45,010-1830-5915,수영
3138,강하윤,20,서울 유성구 123-45,010-8929-4711,영화감상
3139,임서연,79,성남 달서구 123-45,010-6794-2736,일기 쓰기
3140,신지후,59,대전 수성구 123-45,010-7317-4883,게임
3141,김서연,57,성남 기흥구 123-45,010-6990-9821,웹서핑
3142,임수빈,54,제주 덕진구 123-45,010-4296-7860,수영
3143,정현우,76,창원 수성구 123-45,010-6447-1395,사진촬영
3144,오태윤,22,부산 장유동 123-45,010-6039-2666,보드게임
3145,한지원,76,남양주 수성구 123-45,010-3138-5851,게임
3146,조건우,65,대구 강남구 123-45,010-7438-3862,요리
3147,장하은,23,대구 수성구 123-45,010-8764-4630,드로잉
3148,임서준,31,안양 기흥구 123-45,010-9354-9250,음악감상
3149,이지후,22,고양 팔달구 123-45,010-6930-6229,유튜브 보기
3150,한민수,65,제주 서북구 123-45,010-3793-2127,등산
3151,강유진,29,성남 흥덕구 123-45,010-9625-9225,독서
3152,신지민,40,전주 강서구 123-45,010-4079-7989,자전거 타기
3153,윤지후,54,전주 강남구 123-45,010-2470-3835,사진촬영
3154,정수빈,29,수원 흥덕구 123-45,010-6714-1717,등산
3155,강소율,22,제주 기흥구 123-45,010-5126-2316,요리
3156,오태윤,38,수원 성북구 123-45,010-1711-5353,영화감상
3157,장민수,73,대전 성동구 123-45,010-1078-9597,등산
3158,최유진,70,대전 강서구 123-45,010-7842-7513,일기 쓰기
3159,장지안,74,김해 성북구 123-45,010-3811-2463,수영
3160,오은우,28,김해 해운대구 123-45,010-5657-7166,웹서핑
3161,서서연,23,대전 남구 123-45,010-2059-2867,요리
3162,윤예린,76,청주 팔달구 123-45,010-6192-5051,운동
3163,윤현우,32,고양 일산동구 123-45,010-2209-3809,사진촬영
3164,최건우,24,고양 신제주 123-45,010-3380-3142,운동
3165,강유진,76,화성 신제주 123-45,010-5627-1580,뜨개질
3166,강서준,27,세종 신제주 123-45,010-9299-9450,유튜브 보기
3167,장건우,77,전주 신제주 123-45,010-9294-3084,뜨개질
3168,박지후,24,부산 덕진구 123-45,010-1954-9344,웹서핑
3169,정서연,52,고양 남구 123-45,010-2520-4329,영화감상
3170,박지후,31,전주 강서구 123-45,010-1149-1719,웹서핑
3171,오유진,38,수원 서구 123-45,010-1492-4670,독서
3172,박태윤,73,세종 장유동 123-45,010-1506-7723,요리
3173,임유진,79,천안 북구 123-45,010-8152-3290,카페 투어
3174,정현우,31,포항 덕진구 123-45,010-5173-7219,여행
3175,조지안,57,수원 신제주 123-45,010-6209-5839,자전거 타기
3176,강유진,67,울산 강서구 123-45,010-9539-9816,웹서핑
3177,박지후,32,평택 해운대구 123-45,010-5389-4759,영화감상
3178,강하은,65,청주 신제주 123-45,010-3251-4964,게임
3179,박예은,62,남양주 기흥구 123-45,010-6071-3913,등산
3180,정하은,54,용인 진해구 123-45,010-2847-7815,독서
3181,오태윤,72,김해 중구 123-45,010-4309-2151,웹서핑
3182,김예은,47,광주 수성구 123-45,010-3782-6786,자전거 타기
3183,박민수,67,세종 강남구 123-45,010-2613-6403,웹서핑
3184,오예린,29,창원 강서구 123-45,010-7365-8727,독서
3185,서하윤,47,김해 서구 123-45,010-8746-8772,영화감상
3186,강소율,46,서울 북구 123-45,010-4544-5175,운동
3187,오서준,22,포항 서구 123-45,010-9122-8636,보드게임
3188,오유진,58,광주 덕양구 123-45,010-3549-5986,수영
3189,조지안,45,평택 강남구 123-45,010-5443-4508,음악감상
3190,정지후,26,포항 진해구 123-45,010-5368-4201,여행
3191,조서연,48,광주 서구 123-45,010-8872-4597,뜨개질
3192,김은우,55,수원 팔달구 123-45,010-8767-4606,운동
3193,한민수,58,대전 유성구 123-45,010-8360-7136,자전거 타기
3194,김수빈,34,부산 일산동구 123-45,010-4463-6594,영화감상
3195,서도윤,70,전주 서북구 123-45,010-7278-3086,운동
3196,최서준,21,안산 성북구 123-45,010-1371-2492,여행
3197,조하윤,33,고양 신제주 123-45,010-1440-3552,운동
3198,장서준,68,화성 분당구 123-45,010-2787-8664,일기 쓰기
3199,한민수,65,천안 신제주 123-45,010-9276-2559,뜨개질
3200,김지민,76,남양주 동구 123-45,010-8162-3364,일기 쓰기
3201,한도윤,71,전주 서북구 123-45,010-8077-7004,웹서핑
3202,임지원,26,제주 수성구 123-45,010-1517-2844,요리
3203,장민수,60,대구 성동구 123-45,010-8482-6591,수영
3204,서지원,71,화성 동구 123-45,010-4690-3134,독서
3205,강지후,32,청주 장유동 123-45,010-3646-8859,요리
3206,이태윤,65,용인 송파구 123-45,010-5277-1453,일기 쓰기
3207,한하윤,57,안양 신제주 123-45,010-7728-3344,등산
3208,장예린,64,세종 기흥구 123-45,010-6652-3530,독서
3209,최수빈,48,안양 서북구 123-45,010-3667-2374,운동
3210,박민수,73,평택 팔달구 123-45,010-9908-7165,수영
3211,임지안,78,광주 동구 123-45,010-6830-3400,사진촬영
3212,서하윤,49,세종 분당구 123-45,010-2264-2399,요리
3213,조하윤,27,대전 중구 123-45,010-7717-1389,드로잉
3214,한건우,49,남양주 분당구 123-45,010-5696-9770,요리
3215,장건우,37,김해 덕진구 123-45,010-6516-8392,독서
3216,이건우,55,화성 덕양구 123-45,010-1191-8478,게임
3217,한시우,72,창원 덕진구 123-45,010-4746-3632,음악감상
3218,이현우,51,인천 팔달구 123-45,010-1146-4181,영화감상
3219,오지후,39,안산 분당구 123-45,010-1266-6376,유튜브 보기
3220,박지원,74,남양주 강서구 123-45,010-5007-8623,영화감상
3221,강민수,65,안산 성북구 123-45,010-1227-2951,웹서핑
3222,임지원,49,광주 송파구 123-45,010-1747-8430,일기 쓰기
3223,장소율,55,평택 남구 123-45,010-3777-9223,일기 쓰기
3224,강예린,37,안산 덕진구 123-45,010-2578-1274,자전거 타기
3225,조서준,36,창원 서구 123-45,010-1312-1546,여행
3226,한건우,72,김해 강서구 123-45,010-1665-3901,여행
3227,서태윤,35,세종 일산동구 123-45,010-6423-6231,영화감상
3228,박은우,38,창원 송파구 123-45,010-4911-1527,수영
3229,신지후,78,제주 해운대구 123-45,010-9370-3504,요리
3230,정수빈,20,고양 덕양구 123-45,010-1054-9865,운동
3231,박유진,49,고양 기흥구 123-45,010-1797-1510,요리
3232,강현우,55,남양주 기흥구 123-45,010-7765-9061,자전거 타기
3233,서지원,75,울산 서구 123-45,010-6215-3266,운동
3234,임소율,73,광주 유성구 123-45,010-3513-8948,웹서핑
3235,한건우,42,서울 달서구 123-45,010-6476-6829,영화감상
3236,이서연,77,부산 성북구 123-45,010-1350-7446,사진촬영
3237,이하윤,46,세종 덕양구 123-45,010-2417-9392,카페 투어
3238,서지후,50,용인 서북구 123-45,010-3858-6892,웹서핑
3239,임유진,42,대전 강남구 123-45,010-7714-6308,여행
3240,윤하윤,72,청주 덕양구 123-45,010-3089-3368,웹서핑
3241,서현우,28,성남 장유동 123-45,010-6222-2794,유튜브 보기
3242,최지민,52,천안 팔달구 123-45,010-9352-5562,운동
3243,신시우,33,세종 장유동 123-45,010-4521-1419,사진촬영
3244,박지원,76,전주 진해구 123-45,010-6854-6100,카페 투어
3245,최지안,74,남양주 성동구 123-45,010-8096-2271,운동
3246,최지민,52,평택 기흥구 123-45,010-6245-6174,게임
3247,서서연,75,전주 진해구 123-45,010-2584-4521,자전거 타기
3248,김태윤,20,수원 덕진구 123-45,010-3501-2337,보드게임
3249,강지안,26,성남 중구 123-45,010-1950-1513,운동
3250,조현우,51,대구 유성구 123-45,010-5464-8599,여행
3251,김도윤,27,인천 서북구 123-45,010-2038-6095,요리
3252,윤예린,42,김해 동구 123-45,010-8566-5825,보드게임
3253,윤건우,36,부산 기흥구 123-45,010-5679-9022,여행
3254,박민수,28,전주 장유동 123-45,010-2689-6295,여행
3255,이서연,42,대전 중구 123-45,010-5773-4974,운동
3256,최소율,52,성남 남구 123-45,010-1801-4498,카페 투어
3257,정지후,42,창원 수성구 123-45,010-1397-8191,유튜브 보기
3258,신예은,26,대전 유성구 123-45,010-6048-6836,요리
3259,최건우,72,청주 수성구 123-45,010-5356-8340,수영
3260,장도윤,47,대구 강남구 123-45,010-1710-1109,유튜브 보기
3261,조소율,38,고양 흥덕구 123-45,010-8127-2300,요리
3262,강서준,28,창원 강남구 123-45,010-6582-4919,게임
3263,한도윤,61,창원 달서구 123-45,010-1571-4033,웹서핑
3264,장은우,31,고양 서구 123-45,010-6477-3530,운동
3265,이도윤,78,안산 서구 123-45,010-8413-6213,여행
3266,장시우,67,화성 흥덕구 123-45,010-3849-6128,영화감상
3267,오은우,69,평택 중구 123-45,010-1186-3015,뜨개질
3268,조서연,39,제주 분당구 123-45,010-2966-6753,독서
3269,강예린,68,포항 성북구 123-45,010-9479-6449,등산
3270,신서준,63,제주 기흥구 123-45,010-9858-9630,드로잉
3271,김지민,79,김해 강남구 123-45,010-8649-7292,등산
3272,김지후,57,남양주 분당구 123-45,010-4561-4425,카페 투어
3273,조건우,33,용인 기흥구 123-45,010-9765-1113,음악감상
3274,강수빈,72,용인 서북구 123-45,010-4065-1715,여행
3275,정하은,49,울산 동구 123-45,010-1624-7833,보드게임
3276,신예린,31,대구 일산동구 123-45,010-4327-5012,등산
3277,장유진,56,성남 덕진구 123-45,010-7927-2429,유튜브 보기
3278,조건우,46,안산 흥덕구 123-45,010-7911-9093,웹서핑
3279,강시우,25,수원 팔달구 123-45,010-8759-4654,여행
3280,정민수,46,화성 성북구 123-45,010-7774-9864,독서
3281,서예린,51,김해 유성구 123-45,010-6069-9741,뜨개질
3282,최도윤,20,화성 수성구 123-45,010-7746-7757,등산
3283,장민수,56,제주 북구 123-45,010-2383-5427,게임
3284,임지안,30,성남 해운대구 123-45,010-5168-7454,음악감상
3285,신도윤,36,평택 서구 123-45,010-6512-3049,웹서핑
3286,장지민,48,안양 중구 123-45,010-7444-5123,수영
3287,박예은,33,용인 장유동 123-45,010-5806-2408,드로잉
3288,정지민,46,천안 남구 123-45,010-2451-9374,유튜브 보기
3289,서태윤,24,청주 덕진구 123-45,010-8558-7401,사진촬영
3290,임지안,24,화성 강남구 123-45,010-2787-7959,보드게임
3291,신태윤,54,천안 일산동구 123-45,010-6557-4508,여행
3292,박지안,48,세종 송파구 123-45,010-9017-8568,영화감상
3293,윤민수,67,제주 강서구 123-45,010-9192-1500,사진촬영
3294,강서준,49,안산 해운대구 123-45,010-1313-1153,독서
3295,박현우,49,청주 기흥구 123-45,010-2077-5225,일기 쓰기
3296,서소율,26,김해 강서구 123-45,010-1009-3099,카페 투어
3297,임서연,29,광주 흥덕구 123-45,010-2383-1939,수영
3298,박지원,34,용인 팔달구 123-45,010-5005-1712,자전거 타기
3299,오유진,79,수원 성동구 123-45,010-4092-5709,음악감상
3300,정도윤,33,대구 분당구 123-45,010-6250-1920,사진촬영
3301,정태윤,69,평택 해운대구 123-45,010-1009-9894,영화감상
3302,윤하은,61,포항 해운대구 123-45,010-4527-4765,드로잉
3303,임지민,64,대구 서북구 123-45,010-1476-7160,등산
3304,신민수,33,성남 남구 123-45,010-4550-7567,여행
3305,임은우,25,김해 진해구 123-45,010-2008-4661,일기 쓰기
3306,정시우,28,남양주 북구 123-45,010-5526-8024,여행
3307,장수빈,36,고양 수성구 123-45,010-3851-2972,자전거 타기
3308,이유진,58,평택 유성구 123-45,010-3628-3232,보드게임
3309,정소율,35,평택 분당구 123-45,010-3923-6655,드로잉
3310,신유진,56,서울 팔달구 123-45,010-7404-7857,자전거 타기
3311,장소율,23,천안 팔달구 123-45,010-9523-7120,수영
3312,서유진,44,수원 분당구 123-45,010-7492-1691,게임
3313,신민수,36,안양 성북구 123-45,010-4817-2182,보드게임
3314,강건우,77,대전 덕양구 123-45,010-7936-5752,독서
3315,신유진,28,제주 일산동구 123-45,010-4779-2699,요리
3316,장은우,62,포항 덕양구 123-45,010-3062-8607,운동
3317,장예은,64,제주 유성구 123-45,010-6204-7128,수영
3318,최시우,55,울산 중구 123-45,010-1186-9012,자전거 타기
3319,임현우,44,화성 일산동구 123-45,010-6354-8158,수영
3320,신서준,37,안양 남구 123-45,010-1938-1998,운동
3321,임민수,66,광주 유성구 123-45,010-4043-3270,카페 투어
3322,서예린,37,평택 팔달구 123-45,010-5898-8134,자전거 타기
3323,장도윤,79,대구 분당구 123-45,010-9970-7833,보드게임
3324,임수빈,73,부산 남구 123-45,010-8776-9998,웹서핑
3325,장예린,36,김해 성동구 123-45,010-6046-7736,등산
3326,강지민,29,대구 신제주 123-45,010-2497-2662,여행
3327,정소율,21,인천 장유동 123-45,010-9026-9180,일기 쓰기
3328,장현우,50,남양주 덕진구 123-45,010-2840-8632,영화감상
3329,조하은,72,김해 장유동 123-45,010-2837-3542,요리
3330,한소율,33,안양 달서구 123-45,010-6925-5564,뜨개질
3331,한현우,38,대구 수성구 123-45,010-2906-1006,요리
3332,윤지안,75,수원 서북구 123-45,010-7915-3508,운동
3333,윤소율,51,고양 달서구 123-45,010-3256-5823,유튜브 보기
3334,박건우,50,성남 진해구 123-45,010-9039-8624,요리
3335,정예린,65,울산 유성구 123-45,010-6674-4241,카페 투어
3336,박지민,70,안산 서구 123-45,010-2999-2121,사진촬영
3337,강수빈,29,인천 달서구 123-45,010-6663-5300,운동
3338,조예린,64,안양 장유동 123-45,010-1447-2281,독서
3339,장건우,63,서울 강남구 123-45,010-2146-5699,일기 쓰기
3340,신소율,45,천안 분당구 123-45,010-4005-8089,유튜브 보기
3341,한예은,34,울산 수성구 123-45,010-1794-3581,사진촬영
3342,오서연,38,창원 성동구 123-45,010-1438-3329,수영
3343,장지민,69,세종 해운대구 123-45,010-1586-7013,자전거 타기
3344,김예린,73,제주 중구 123-45,010-8366-3146,보드게임
3345,최시우,49,성남 달서구 123-45,010-3905-4162,카페 투어
3346,한시우,58,창원 해운대구 123-45,010-5282-9910,유튜브 보기
3347,정지후,72,인천 남구 123-45,010-5939-5239,드로잉
3348,윤민수,34,제주 흥덕구 123-45,010-2192-1845,사진촬영
3349,오지후,31,서울 일산동구 123-45,010-7932-7355,등산
3350,김지원,66,광주 해운대구 123-45,010-1165-9825,일기 쓰기
3351,정시우,23,광주 남구 123-45,010-9899-5784,요리
3352,김수빈,40,세종 달서구 123-45,010-5277-7698,유튜브 보기
3353,장예은,49,포항 진해구 123-45,010-2564-3128,음악감상
3354,임유진,67,성남 기흥구 123-45,010-9557-2457,등산
3355,한도윤,29,인천 팔달구 123-45,010-5843-4410,사진촬영
3356,이건우,62,제주 서구 123-45,010-6699-9496,보드게임
3357,장서준,37,서울 강남구 123-45,010-7631-4568,사진촬영
3358,강서준,45,청주 성북구 123-45,010-1076-1312,카페 투어
3359,강서연,61,세종 송파구 123-45,010-6900-5227,자전거 타기
3360,이지후,65,천안 성북구 123-45,010-8684-9457,유튜브 보기
3361,박하윤,43,고양 강남구 123-45,010-6486-6116,유튜브 보기
3362,임시우,36,평택 해운대구 123-45,010-3089-7012,등산
3363,정도윤,20,수원 남구 123-45,010-3340-7772,웹서핑
3364,오하은,69,안산 강서구 123-45,010-1439-3379,유튜브 보기
3365,강예은,29,청주 남구 123-45,010-3930-1564,카페 투어
3366,신예린,55,성남 일산동구 123-45,010-1411-9838,웹서핑
3367,오예은,54,세종 북구 123-45,010-8725-2629,드로잉
3368,조도윤,78,서울 남구 123-45,010-2388-1183,웹서핑
3369,신서준,37,부산 성북구 123-45,010-8210-1360,운동
3370,임서연,68,전주 강남구 123-45,010-6540-9118,자전거 타기
3371,이수빈,27,용인 덕양구 123-45,010-1525-8574,자전거 타기
3372,박지안,68,남양주 덕양구 123-45,010-2170-2445,카페 투어
3373,장태윤,60,전주 진해구 123-45,010-4021-6303,독서
3374,임지민,61,남양주 유성구 123-45,010-1491-2836,웹서핑
3375,한민수,67,청주 중구 123-45,010-5430-8430,드로잉
3376,장은우,47,김해 팔달구 123-45,010-3875-3557,등산
3377,임하윤,62,천안 해운대구 123-45,010-5813-1779,독서
3378,이은우,39,수원 북구 123-45,010-2960-8864,자전거 타기
3379,김예린,25,용인 성동구 123-45,010-8343-1679,보드게임
3380,이예린,74,광주 동구 123-45,010-5038-2798,유튜브 보기
3381,한은우,59,천안 진해구 123-45,010-7713-7826,영화감상
3382,최현우,30,화성 해운대구 123-45,010-4091-5889,유튜브 보기
3383,윤유진,54,제주 기흥구 123-45,010-7384-5151,게임
3384,최하은,70,전주 서북구 123-45,010-9179-9338,게임
3385,이건우,63,세종 달서구 123-45,010-4064-4605,웹서핑
3386,최지원,77,세종 유성구 123-45,010-4012-7256,독서
3387,신건우,38,창원 중구 123-45,010-8888-1567,사진촬영
3388,이하은,31,창원 성북구 123-45,010-5267-2159,등산
3389,한도윤,77,성남 성북구 123-45,010-7428-1860,드로잉
3390,윤지민,53,용인 서북구 123-45,010-5299-7661,유튜브 보기
3391,이지안,57,전주 성동구 123-45,010-4641-3230,일기 쓰기
3392,윤지민,21,김해 일산동구 123-45,010-3020-6438,보드게임
3393,박현우,62,울산 북구 123-45,010-3580-7991,여행
3394,임하은,43,용인 성동구 123-45,010-4977-6920,요리
3395,윤서준,35,성남 분당구 123-45,010-4642-6334,일기 쓰기
3396,박하은,76,대구 흥덕구 123-45,010-1535-5630,드로잉
3397,오지안,27,광주 북구 123-45,010-8744-6981,드로잉
3398,정서준,25,울산 일산동구 123-45,010-2820-9969,요리
3399,김예린,31,인천 유성구 123-45,010-4339-3189,여행
3400,김지민,51,고양 진해구 123-45,010-1964-5617,요리
3401,장현우,21,대구 남구 123-45,010-3360-2703,보드게임
3402,정서연,55,안양 해운대구 123-45,010-5285-3095,게임
3403,신도윤,62,평택 달서구 123-45,010-5164-3460,요리
3404,한태윤,23,창원 흥덕구 123-45,010-3836-2629,드로잉
3405,최도윤,27,안산 강남구 123-45,010-4085-7381,요리
3406,조지원,27,전주 성북구 123-45,010-1045-7244,음악감상
3407,강서연,40,울산 덕진구 123-45,010-8766-6467,웹서핑
3408,정도윤,76,포항 성동구 123-45,010-2965-3788,뜨개질
3409,이지후,76,광주 유성구 123-45,010-4021-8127,등산
3410,이서준,44,용인 수성구 123-45,010-5986-4174,보드게임
3411,신지원,21,포항 강남구 123-45,010-8703-2578,뜨개질
3412,서수빈,78,안양 분당구 123-45,010-8313-6564,뜨개질
3413,한유진,59,세종 동구 123-45,010-5489-3637,운동
3414,장유진,37,청주 달서구 123-45,010-6678-1302,웹서핑
3415,김도윤,77,천안 성동구 123-45,010-7056-1353,자전거 타기
3416,장하은,25,부산 중구 123-45,010-4590-5245,일기 쓰기
3417,조지안,57,안산 기흥구 123-45,010-7793-6031,웹서핑
3418,서은우,75,제주 서북구 123-45,010-3975-8628,일기 쓰기
3419,최예린,64,고양 동구 123-45,010-6818-3399,등산
3420,김소율,64,전주 유성구 123-45,010-6958-1081,게임
3421,정예은,54,수원 송파구 123-45,010-7918-3708,유튜브 보기
3422,임유진,70,화성 달서구 123-45,010-9343-4575,일기 쓰기
3423,최지민,33,성남 수성구 123-45,010-1499-4750,카페 투어
3424,조현우,53,고양 흥덕구 123-45,010-3791-1135,일기 쓰기
3425,정민수,42,포항 일산동구 123-45,010-3062-1029,게임
3426,박서준,69,창원 강서구 123-45,010-9301-6848,보드게임
3427,조지안,45,수원 강서구 123-45,010-6756-9788,드로잉
3428,최하윤,50,청주 강서구 123-45,010-1683-8590,여행
3429,조유진,52,포항 남구 123-45,010-5411-2402,수영
3430,신민수,34,울산 송파구 123-45,010-3512-4112,웹서핑
3431,임도윤,20,청주 강서구 123-45,010-8230-7482,일기 쓰기
3432,서예은,20,전주 북구 123-45,010-4905-7983,여행
3433,정건우,58,서울 흥덕구 123-45,010-3595-7659,수영
3434,최지안,35,포항 강서구 123-45,010-3394-3077,드로잉
3435,서수빈,58,남양주 기흥구 123-45,010-3312-9223,드로잉
3436,조예은,46,서울 성동구 123-45,010-2481-9506,웹서핑
3437,윤현우,54,안산 동구 123-45,010-1928-4447,드로잉
3438,오수빈,73,용인 성동구 123-45,010-9042-5879,유튜브 보기
3439,강건우,50,인천 해운대구 123-45,010-8305-8453,독서
3440,김지안,22,부산 신제주 123-45,010-8115-7934,자전거 타기
3441,정하은,53,포항 북구 123-45,010-7473-9304,여행
3442,최소율,20,용인 성북구 123-45,010-8536-5704,영화감상
3443,최지안,78,제주 동구 123-45,010-3731-8802,음악감상
3444,임지원,62,고양 성북구 123-45,010-5495-5701,요리
3445,오수빈,31,안양 강서구 123-45,010-3741-7884,카페 투어
3446,신예은,28,남양주 북구 123-45,010-2404-3390,등산
3447,임유진,64,서울 덕진구 123-45,010-8861-1719,운동
3448,한하은,39,부산 서구 123-45,010-2989-5285,영화감상
3449,박유진,39,평택 팔달구 123-45,010-1462-5732,영화감상
3450,김하윤,77,인천 해운대구 123-45,010-6158-7435,요리
3451,한예은,69,전주 덕양구 123-45,010-2111-1772,여행
3452,한시우,49,제주 신제주 123-45,010-2717-1359,게임
3453,박유진,35,대구 수성구 123-45,010-5811-8440,드로잉
3454,임서준,50,천안 진해구 123-45,010-9222-8381,요리
3455,조서연,57,김해 진해구 123-45,010-6417-7417,등산
3456,조건우,56,남양주 분당구 123-45,010-1247-9179,등산
3457,정하윤,49,청주 기흥구 123-45,010-4180-1560,사진촬영
3458,서태윤,28,대구 팔달구 123-45,010-3773-4429,수영
3459,김서연,60,대구 흥덕구 123-45,010-6394-4229,수영
3460,조하은,76,인천 강서구 123-45,010-1827-7353,수영
3461,장태윤,62,화성 기흥구 123-45,010-2177-6691,웹서핑
3462,정지원,39,성남 남구 123-45,010-9201-2130,요리
3463,박건우,29,창원 신제주 123-45,010-4877-4138,뜨개질
3464,임지안,52,창원 덕진구 123-45,010-4690-9145,게임
3465,임은우,34,성남 강서구 123-45,010-8858-2322,독서
3466,조현우,31,남양주 기흥구 123-45,010-6579-4158,드로잉
3467,서태윤,37,청주 흥덕구 123-45,010-1679-9422,뜨개질
3468,신수빈,33,광주 덕진구 123-45,010-7050-3402,자전거 타기
3469,최하윤,36,포항 분당구 123-45,010-9031-8061,웹서핑
3470,최건우,28,안양 덕양구 123-45,010-9964-6071,게임
3471,장예린,60,천안 강남구 123-45,010-6529-6250,드로잉
3472,임하은,55,세종 송파구 123-45,010-7037-2093,드로잉
3473,장예은,62,남양주 덕양구 123-45,010-9648-9404,게임
3474,서지안,45,화성 송파구 123-45,010-9858-2782,사진촬영
3475,서서준,22,용인 남구 123-45,010-1675-9678,카페 투어
3476,윤지민,50,성남 북구 123-45,010-5529-4306,독서
3477,김하은,50,남양주 성동구 123-45,010-8182-6663,사진촬영
3478,장지원,27,용인 유성구 123-45,010-5983-9787,운동
3479,정하윤,75,화성 분당구 123-45,010-6277-1345,게임
3480,윤도윤,62,안양 덕양구 123-45,010-6856-7785,유튜브 보기
3481,조예은,33,화성 서북구 123-45,010-3015-7806,음악감상
3482,오지원,47,청주 동구 123-45,010-7273-2006,웹서핑
3483,강지후,54,세종 흥덕구 123-45,010-3712-4013,음악감상
3484,신현우,70,천안 신제주 123-45,010-9792-1322,드로잉
3485,신건우,51,부산 흥덕구 123-45,010-1052-7920,등산
3486,오지민,70,수원 달서구 123-45,010-8114-1942,게임
3487,오하은,77,남양주 북구 123-45,010-3874-9560,뜨개질
3488,오소율,48,전주 유성구 123-45,010-4331-1900,음악감상
3489,임하은,40,안양 남구 123-45,010-1110-4678,등산
3490,장현우,31,제주 덕진구 123-45,010-8873-1221,유튜브 보기
3491,김지후,42,서울 덕진구 123-45,010-6037-2755,여행
3492,강수빈,50,천안 강남구 123-45,010-4448-2785,여행
3493,최유진,72,부산 신제주 123-45,010-2219-3408,여행
3494,임지후,57,성남 강서구 123-45,010-7597-2353,유튜브 보기
3495,최태윤,22,김해 성북구 123-45,010-8991-3718,카페 투어
3496,정지후,45,천안 중구 123-45,010-9566-4199,일기 쓰기
3497,장유진,78,창원 일산동구 123-45,010-9397-8790,뜨개질
3498,한서준,59,서울 유성구 123-45,010-8320-1435,보드게임
3499,이민수,69,제주 동구 123-45,010-9210-8153,웹서핑
3500,최수빈,52,안산 달서구 123-45,010-7791-9647,뜨개질
3501,임지민,51,제주 강서구 123-45,010-4107-1087,독서
3502,신소율,26,김해 신제주 123-45,010-9521-5451,뜨개질
3503,박서준,78,성남 성북구 123-45,010-9148-3955,자전거 타기
3504,조수빈,29,김해 해운대구 123-45,010-7978-5824,운동
3505,한소율,59,서울 달서구 123-45,010-4028-6757,독서
3506,박하은,66,천안 서구 123-45,010-6664-8504,사진촬영
3507,장예은,67,안산 서북구 123-45,010-5711-6070,독서
3508,김도윤,42,화성 분당구 123-45,010-4431-9012,요리
3509,조하은,22,대구 동구 123-45,010-6522-7302,게임
3510,조하은,43,대전 진해구 123-45,010-5125-4052,유튜브 보기
3511,임예은,74,창원 성북구 123-45,010-5018-4328,드로잉
3512,정태윤,56,용인 기흥구 123-45,010-3902-7841,웹서핑
3513,정도윤,56,울산 팔달구 123-45,010-8468-4115,독서
3514,장지민,44,수원 강남구 123-45,010-6568-5437,자전거 타기
3515,신지후,44,광주 서북구 123-45,010-1869-5218,카페 투어
3516,이지민,67,세종 분당구 123-45,010-1127-1832,여행
3517,최시우,44,용인 신제주 123-45,010-1890-3708,등산
3518,신유진,79,포항 흥덕구 123-45,010-5265-1588,독서
3519,오서준,65,안양 일산동구 123-45,010-8584-6275,운동
3520,이현우,35,대구 성북구 123-45,010-3291-4625,수영
3521,윤민수,23,고양 분당구 123-45,010-2100-5481,카페 투어
3522,오예린,50,창원 강남구 123-45,010-3312-7089,등산
3523,오지민,52,대구 성동구 123-45,010-8163-9461,운동
3524,최수빈,40,안양 성동구 123-45,010-3024-2212,카페 투어
3525,장시우,45,창원 송파구 123-45,010-4786-2417,등산
3526,정서준,42,천안 유성구 123-45,010-1182-8876,음악감상
3527,한민수,67,남양주 달서구 123-45,010-8286-1318,요리
3528,윤민수,65,화성 송파구 123-45,010-4711-9473,운동
3529,강현우,42,김해 강남구 123-45,010-1924-7389,여행
3530,서소율,75,화성 장유동 123-45,010-5329-2236,등산
3531,조예은,56,화성 남구 123-45,010-7153-6279,보드게임
3532,김지안,67,제주 중구 123-45,010-4649-7871,게임
3533,김소율,54,인천 성동구 123-45,010-7634-5621,사진촬영
3534,오태윤,24,성남 성동구 123-45,010-1194-2346,여행
3535,강유진,68,인천 북구 123-45,010-9644-8896,카페 투어
3536,윤시우,71,포항 덕진구 123-45,010-5116-7759,음악감상
3537,장도윤,68,세종 중구 123-45,010-8556-2225,뜨개질
3538,윤지원,47,김해 유성구 123-45,010-4666-5734,여행
3539,오건우,23,제주 달서구 123-45,010-6087-5305,카페 투어
3540,정지후,62,포항 서구 123-45,010-5377-3377,게임
3541,김지안,22,안양 일산동구 123-45,010-1242-4897,유튜브 보기
3542,박민수,30,인천 신제주 123-45,010-2311-5048,독서
3543,장민수,77,제주 성북구 123-45,010-1794-2530,드로잉
3544,오태윤,31,화성 성북구 123-45,010-8841-9549,운동
3545,서지안,54,평택 분당구 123-45,010-2997-1989,웹서핑
3546,서하윤,34,부산 북구 123-45,010-7219-3824,카페 투어
3547,조시우,53,남양주 송파구 123-45,010-2294-9482,일기 쓰기
3548,신지후,72,청주 진해구 123-45,010-6203-1219,등산
3549,최현우,37,부산 성동구 123-45,010-1803-2436,운동
3550,오수빈,39,고양 장유동 123-45,010-6389-8182,영화감상
3551,최서연,29,서울 해운대구 123-45,010-5025-1659,등산
3552,신서연,43,평택 북구 123-45,010-7070-9218,등산
3553,최지안,22,성남 유성구 123-45,010-3861-4831,수영
3554,이도윤,33,울산 강남구 123-45,010-1804-8129,유튜브 보기
3555,임하윤,63,수원 성북구 123-45,010-3717-4675,게임
3556,신유진,62,세종 남구 123-45,010-3268-9731,게임
3557,서지안,35,광주 북구 123-45,010-3356-4582,자전거 타기
3558,윤건우,71,대전 덕진구 123-45,010-7898-7794,여행
3559,신하윤,52,울산 유성구 123-45,010-5240-6803,드로잉
3560,박소율,26,인천 장유동 123-45,010-7372-2062,요리
3561,신건우,54,세종 기흥구 123-45,010-1151-4753,게임
3562,윤소율,79,창원 서구 123-45,010-9086-1657,운동
3563,장지안,68,고양 강서구 123-45,010-1220-7898,영화감상
3564,한태윤,35,화성 성동구 123-45,010-5870-8635,웹서핑
3565,서은우,69,광주 해운대구 123-45,010-4093-7759,자전거 타기
3566,강수빈,39,전주 수성구 123-45,010-8696-4086,뜨개질
3567,정하윤,38,고양 강서구 123-45,010-4728-7170,일기 쓰기
3568,조서연,76,부산 북구 123-45,010-3466-6226,독서
3569,윤소율,38,평택 팔달구 123-45,010-4480-3138,게임
3570,임예은,64,수원 수성구 123-45,010-6344-5033,보드게임
3571,임도윤,52,세종 팔달구 123-45,010-8515-5713,뜨개질
3572,조민수,58,용인 일산동구 123-45,010-1848-6267,게임
3573,서지원,49,김해 성동구 123-45,010-3823-9312,게임
3574,임지민,73,천안 강서구 123-45,010-9022-2105,사진촬영
3575,신지원,32,김해 덕양구 123-45,010-4855-6512,일기 쓰기
3576,강도윤,62,남양주 강남구 123-45,010-6152-8005,보드게임
3577,최소율,52,김해 기흥구 123-45,010-7081-5522,게임
3578,최지후,32,천안 장유동 123-45,010-5242-4495,뜨개질
3579,한지후,39,성남 성북구 123-45,010-4931-6135,드로잉
3580,한건우,26,전주 흥덕구 123-45,010-3730-3577,보드게임
3581,최건우,37,안산 송파구 123-45,010-3968-2432,요리
3582,오서준,79,창원 동구 123-45,010-4964-5283,뜨개질
3583,조현우,37,세종 남구 123-45,010-4679-3038,카페 투어
3584,한서준,78,울산 서구 123-45,010-3382-1775,요리
3585,이현우,54,전주 중구 123-45,010-3107-4290,뜨개질
3586,강소율,48,포항 신제주 123-45,010-6828-2669,수영
3587,서은우,73,대구 분당구 123-45,010-9947-7260,게임
3588,장소율,72,대전 강남구 123-45,010-7660-2439,카페 투어
3589,이유진,21,용인 서구 123-45,010-1106-5695,등산
3590,윤지후,41,김해 신제주 123-45,010-8995-3205,영화감상
3591,한현우,69,평택 분당구 123-45,010-2335-6267,일기 쓰기
3592,윤도윤,46,광주 동구 123-45,010-5261-9832,독서
3593,강예린,63,김해 서구 123-45,010-3789-5672,웹서핑
3594,강예린,42,포항 수성구 123-45,010-1535-9562,수영
3595,김시우,59,창원 일산동구 123-45,010-6123-5569,수영
3596,장예린,74,성남 동구 123-45,010-5631-3804,수영
3597,서도윤,35,수원 분당구 123-45,010-5661-5829,수영
3598,강지원,77,제주 유성구 123-45,010-7505-2534,여행
3599,장도윤,64,평택 강남구 123-45,010-3343-2871,자전거 타기
3600,조도윤,62,포항 성북구 123-45,010-6203-5321,드로잉
3601,최서연,35,창원 수성구 123-45,010-9744-1358,보드게임
3602,신은우,64,인천 서북구 123-45,010-2642-4031,보드게임
3603,장민수,24,대구 성동구 123-45,010-9707-4925,운동
3604,서예은,54,청주 강서구 123-45,010-8554-7008,영화감상
3605,최건우,77,평택 성북구 123-45,010-5207-4107,뜨개질
3606,임예은,53,안산 일산동구 123-45,010-1432-8318,뜨개질
3607,김서준,75,서울 북구 123-45,010-5144-4906,드로잉
3608,신예은,52,창원 강남구 123-45,010-1546-1537,자전거 타기
3609,한은우,50,대전 흥덕구 123-45,010-5202-9812,일기 쓰기
3610,임수빈,54,천안 덕양구 123-45,010-3813-8314,자전거 타기
3611,김수빈,68,인천 달서구 123-45,010-9028-1808,유튜브 보기
3612,강현우,71,안산 흥덕구 123-45,010-5189-9771,유튜브 보기
3613,김유진,70,부산 성동구 123-45,010-7634-2024,유튜브 보기
3614,임유진,44,안산 송파구 123-45,010-4168-8525,음악감상
3615,이수빈,53,안산 강남구 123-45,010-1720-2277,여행
3616,한지안,46,전주 서북구 123-45,010-9474-7624,카페 투어
3617,김하은,65,제주 일산동구 123-45,010-2317-7952,사진촬영
3618,장지후,66,광주 성동구 123-45,010-2864-9573,수영
3619,정유진,48,창원 송파구 123-45,010-8797-3314,유튜브 보기
3620,오지후,26,서울 해운대구 123-45,010-7144-2430,카페 투어
3621,강태윤,62,전주 장유동 123-45,010-3053-9156,카페 투어
3622,서유진,70,고양 서북구 123-45,010-1183-2435,게임
3623,조지민,66,용인 흥덕구 123-45,010-2745-1271,요리
3624,김지민,31,고양 해운대구 123-45,010-4089-4110,음악감상
3625,최수빈,31,전주 중구 123-45,010-3320-4548,웹서핑
3626,장은우,34,김해 유성구 123-45,010-8924-9511,일기 쓰기
3627,조하은,38,인천 기흥구 123-45,010-6342-5924,일기 쓰기
3628,오서준,37,대구 유성구 123-45,010-8948-9704,사진촬영
3629,서건우,38,수원 성북구 123-45,010-8352-3927,수영
3630,김유진,51,안양 남구 123-45,010-6567-5017,자전거 타기
3631,김태윤,42,서울 일산동구 123-45,010-1507-9096,독서
3632,최현우,43,고양 남구 123-45,010-6809-9140,수영
3633,이소율,32,안산 서구 123-45,010-8828-7447,드로잉
3634,한수빈,73,인천 송파구 123-45,010-1808-4289,등산
3635,정지민,32,대구 강남구 123-45,010-3143-1269,카페 투어
3636,박지안,59,고양 흥덕구 123-45,010-6744-9697,보드게임
3637,서시우,45,제주 서북구 123-45,010-2107-4914,영화감상
3638,장지원,52,광주 일산동구 123-45,010-2559-6550,등산
3639,이지원,50,평택 덕양구 123-45,010-5140-2505,영화감상
3640,박예린,63,세종 동구 123-45,010-9737-9009,요리
3641,임서연,20,대전 흥덕구 123-45,010-3071-9953,뜨개질
3642,정태윤,48,대구 팔달구 123-45,010-2180-1377,자전거 타기
3643,조서준,46,수원 장유동 123-45,010-2297-1293,사진촬영
3644,한은우,44,천안 동구 123-45,010-1524-3362,일기 쓰기
3645,강민수,75,안양 성북구 123-45,010-6279-7844,유튜브 보기
3646,임유진,60,평택 해운대구 123-45,010-9015-1466,카페 투어
3647,이서연,33,성남 신제주 123-45,010-1166-6704,일기 쓰기
3648,정건우,73,성남 장유동 123-45,010-4057-3861,뜨개질
3649,박현우,72,안양 분당구 123-45,010-7203-4451,요리
3650,정민수,29,화성 북구 123-45,010-2088-3401,여행
3651,최하윤,54,평택 진해구 123-45,010-2747-3396,일기 쓰기
3652,신예린,52,전주 분당구 123-45,010-4201-8033,등산
3653,최유진,56,남양주 서북구 123-45,010-3371-1757,등산
3654,오지안,79,천안 해운대구 123-45,010-8176-3118,여행
3655,박소율,51,세종 성동구 123-45,010-2488-7447,여행
3656,서시우,48,평택 동구 123-45,010-6338-6992,수영
3657,최민수,35,창원 기흥구 123-45,010-5455-6171,일기 쓰기
3658,임서연,70,세종 덕진구 123-45,010-4197-8137,독서
3659,최지후,38,대구 강남구 123-45,010-7589-7290,요리
3660,신유진,52,대전 해운대구 123-45,010-6765-9200,여행
3661,박민수,25,광주 강남구 123-45,010-3111-6150,수영
3662,강지원,22,천안 신제주 123-45,010-5128-6633,요리
3663,강예린,48,김해 장유동 123-45,010-2394-2941,사진촬영
3664,오소율,29,창원 흥덕구 123-45,010-4531-3779,등산
3665,강지원,29,대구 장유동 123-45,010-7443-1035,사진촬영
3666,정소율,30,전주 진해구 123-45,010-9554-6671,운동
3667,오시우,77,전주 일산동구 123-45,010-3536-2072,웹서핑
3668,이은우,27,김해 일산동구 123-45,010-5362-9431,자전거 타기
3669,최지후,44,창원 송파구 123-45,010-8540-1061,독서
3670,최지안,35,대구 기흥구 123-45,010-3345-7363,일기 쓰기
3671,강시우,25,김해 중구 123-45,010-4789-2707,웹서핑
3672,강예은,57,평택 강남구 123-45,010-6204-7516,등산
3673,윤민수,23,부산 해운대구 123-45,010-3168-1043,자전거 타기
3674,윤예은,37,성남 성북구 123-45,010-6055-9013,독서
3675,조소율,31,부산 분당구 123-45,010-2682-7989,독서
3676,조도윤,73,대구 해운대구 123-45,010-9983-3212,일기 쓰기
3677,서건우,23,대구 동구 123-45,010-3080-3452,뜨개질
3678,오현우,76,대전 흥덕구 123-45,010-1451-8740,사진촬영
3679,오현우,44,전주 팔달구 123-45,010-6192-2416,음악감상
3680,박지후,49,평택 성북구 123-45,010-5077-9350,등산
3681,강수빈,39,남양주 서북구 123-45,010-2245-7577,수영
3682,윤수빈,20,안산 강남구 123-45,010-9516-8785,요리
3683,윤도윤,57,창원 성북구 123-45,010-6509-5138,독서
3684,강지후,62,고양 신제주 123-45,010-4541-2113,등산
3685,서지후,78,김해 성동구 123-45,010-1309-4898,여행
3686,김도윤,61,대전 해운대구 123-45,010-8684-1045,일기 쓰기
3687,윤서준,48,수원 기흥구 123-45,010-1507-5124,음악감상
3688,조현우,52,포항 신제주 123-45,010-2951-4574,드로잉
3689,박도윤,75,전주 달서구 123-45,010-3674-8175,자전거 타기
3690,윤도윤,38,대구 팔달구 123-45,010-4602-6998,일기 쓰기
3691,장도윤,57,천안 남구 123-45,010-6576-7997,운동
3692,이하은,67,남양주 수성구 123-45,010-4795-9621,카페 투어
3693,신민수,79,남양주 해운대구 123-45,010-4651-7592,여행
3694,김서준,64,대구 강서구 123-45,010-3134-8244,수영
3695,박지민,38,포항 덕양구 123-45,010-5254-6503,뜨개질
3696,서수빈,42,대구 성북구 123-45,010-2544-5566,뜨개질
3697,김소율,50,청주 달서구 123-45,010-8071-1684,여행
3698,신민수,27,대전 팔달구 123-45,010-4592-9505,일기 쓰기
3699,임태윤,61,화성 장유동 123-45,010-4364-8200,자전거 타기
3700,강지민,43,화성 기흥구 123-45,010-1120-1304,영화감상
3701,조서준,76,울산 팔달구 123-45,010-9680-8876,자전거 타기
3702,강소율,55,청주 해운대구 123-45,010-6272-8387,수영
3703,신하은,76,용인 송파구 123-45,010-9105-7073,운동
3704,윤유진,52,고양 덕진구 123-45,010-5659-4388,유튜브 보기
3705,정지후,29,창원 신제주 123-45,010-5437-8408,자전거 타기
3706,오민수,31,울산 북구 123-45,010-3150-8316,요리
3707,김서준,57,화성 성북구 123-45,010-6199-8690,수영
3708,조민수,54,청주 신제주 123-45,010-9279-4419,요리
3709,김유진,44,안양 강남구 123-45,010-3054-1944,요리
3710,박하윤,65,청주 북구 123-45,010-1954-4906,카페 투어
3711,신수빈,44,천안 흥덕구 123-45,010-3813-8275,사진촬영
3712,한하윤,65,화성 유성구 123-45,010-6013-4418,자전거 타기
3713,박서준,26,고양 중구 123-45,010-5387-5964,카페 투어
3714,신태윤,55,광주 기흥구 123-45,010-7092-6054,유튜브 보기
3715,서은우,63,성남 덕진구 123-45,010-4563-1099,등산
3716,강예은,56,서울 기흥구 123-45,010-7413-6764,유튜브 보기
3717,김하윤,31,수원 유성구 123-45,010-2580-5371,사진촬영
3718,조지후,38,부산 덕진구 123-45,010-5188-2847,영화감상
3719,장시우,65,광주 덕양구 123-45,010-2281-7396,요리
3720,서예은,69,수원 일산동구 123-45,010-2175-4184,등산
3721,최서연,63,창원 신제주 123-45,010-3689-3118,유튜브 보기
3722,서민수,30,창원 덕진구 123-45,010-1083-6959,수영
3723,김지민,53,광주 남구 123-45,010-5783-5676,드로잉
3724,박지원,46,창원 분당구 123-45,010-5516-6061,웹서핑
3725,최유진,38,고양 해운대구 123-45,010-3218-3350,자전거 타기
3726,장태윤,22,용인 덕진구 123-45,010-3063-8180,등산
3727,김서준,20,서울 강남구 123-45,010-6797-9108,뜨개질
3728,정예린,32,수원 팔달구 123-45,010-9098-6364,수영
3729,박건우,43,인천 분당구 123-45,010-7423-7024,자전거 타기
3730,윤지안,64,부산 성동구 123-45,010-1634-4655,카페 투어
3731,서하윤,70,평택 달서구 123-45,010-5572-8980,여행
3732,김건우,47,화성 진해구 123-45,010-5499-4181,영화감상
3733,서소율,36,제주 덕진구 123-45,010-8008-2223,뜨개질
3734,조지후,30,대구 유성구 123-45,010-2282-2184,여행
3735,강예린,30,성남 강남구 123-45,010-3266-1699,영화감상
3736,한유진,54,청주 성동구 123-45,010-1581-3720,여행
3737,이건우,39,광주 덕진구 123-45,010-3358-5914,유튜브 보기
3738,박은우,45,세종 해운대구 123-45,010-4945-9151,일기 쓰기
3739,강유진,70,울산 유성구 123-45,010-7024-1027,자전거 타기
3740,신소율,71,대구 서구 123-45,010-5122-5309,게임
3741,최하은,25,평택 해운대구 123-45,010-9375-4184,웹서핑
3742,한하은,25,포항 해운대구 123-45,010-4005-3059,유튜브 보기
3743,조지원,48,고양 유성구 123-45,010-6207-7842,웹서핑
3744,정태윤,68,화성 장유동 123-45,010-6113-5395,드로잉
3745,임서준,58,성남 분당구 123-45,010-6876-3706,등산
3746,강민수,22,대구 북구 123-45,010-6296-8302,일기 쓰기
3747,오소율,29,수원 장유동 123-45,010-5853-6913,영화감상
3748,신시우,50,평택 해운대구 123-45,010-6993-5548,웹서핑
3749,이지민,45,인천 덕양구 123-45,010-3894-4040,음악감상
3750,정수빈,35,수원 일산동구 123-45,010-3401-6854,일기 쓰기
3751,오예은,57,남양주 수성구 123-45,010-1524-3592,보드게임
3752,임현우,37,대전 중구 123-45,010-9724-6686,웹서핑
3753,강예린,75,대전 해운대구 123-45,010-2212-6634,유튜브 보기
3754,이지안,37,성남 유성구 123-45,010-8352-3116,등산
3755,이도윤,48,화성 남구 123-45,010-5154-5119,카페 투어
3756,강예린,65,서울 기흥구 123-45,010-2409-2618,여행
3757,최은우,21,고양 달서구 123-45,010-7757-6520,보드게임
3758,김유진,25,창원 유성구 123-45,010-1629-4768,일기 쓰기
3759,서현우,78,전주 달서구 123-45,010-3737-5853,운동
3760,정태윤,73,대구 덕양구 123-45,010-6136-4503,자전거 타기
3761,한소율,33,울산 성동구 123-45,010-2211-9617,유튜브 보기
3762,최도윤,45,서울 팔달구 123-45,010-3160-8449,자전거 타기
3763,박유진,34,성남 달서구 123-45,010-9640-5276,사진촬영
3764,임유진,71,인천 덕양구 123-45,010-2977-4855,등산
3765,조소율,67,안양 덕양구 123-45,010-9237-6430,여행
3766,김서연,73,청주 동구 123-45,010-5393-7617,수영
3767,최수빈,41,청주 분당구 123-45,010-7751-8682,등산
3768,신소율,29,용인 서구 123-45,010-8684-9608,영화감상
3769,임현우,69,광주 성동구 123-45,010-8410-9887,뜨개질
3770,박유진,35,인천 덕양구 123-45,010-8152-4078,운동
3771,한소율,79,인천 진해구 123-45,010-4405-1328,카페 투어
3772,정시우,64,안산 서북구 123-45,010-3225-6747,등산
3773,조예린,50,대전 유성구 123-45,010-3292-2732,등산
3774,한지안,41,대전 성북구 123-45,010-1781-4065,자전거 타기
3775,조하은,72,창원 유성구 123-45,010-6852-7749,웹서핑
3776,장예은,68,대구 남구 123-45,010-8552-4144,독서
3777,임소율,29,포항 해운대구 123-45,010-6658-2365,드로잉
3778,정유진,56,안산 분당구 123-45,010-3840-4858,자전거 타기
3779,오도윤,40,성남 성동구 123-45,010-6395-6139,운동
3780,장서연,68,부산 팔달구 123-45,010-2530-5095,독서
3781,서도윤,67,대구 달서구 123-45,010-7732-5001,요리
3782,신하윤,52,안양 송파구 123-45,010-5801-4929,음악감상
3783,서예린,50,김해 중구 123-45,010-4946-3576,등산
3784,장소율,50,세종 유성구 123-45,010-4309-7176,카페 투어
3785,장지민,52,세종 서구 123-45,010-4954-2281,음악감상
3786,임수빈,41,김해 기흥구 123-45,010-7657-2797,수영
3787,조서준,60,대전 장유동 123-45,010-9705-9725,영화감상
3788,정예린,20,청주 분당구 123-45,010-4418-3386,등산
3789,오시우,59,대전 남구 123-45,010-5981-3198,자전거 타기
3790,김도윤,27,수원 강남구 123-45,010-1310-4639,뜨개질
3791,서지원,40,세종 일산동구 123-45,010-1785-6602,보드게임
3792,정민수,63,창원 송파구 123-45,010-1906-4078,웹서핑
3793,윤지원,78,남양주 유성구 123-45,010-9683-4557,드로잉
3794,장도윤,45,용인 팔달구 123-45,010-2650-3751,독서
3795,조유진,55,전주 달서구 123-45,010-1048-7647,여행
3796,박도윤,55,청주 남구 123-45,010-8267-6724,운동
3797,정현우,59,천안 성동구 123-45,010-3613-4361,유튜브 보기
3798,윤하윤,37,평택 강서구 123-45,010-4011-5013,음악감상
3799,김지원,48,인천 유성구 123-45,010-7039-1884,게임
3800,강서준,44,세종 강서구 123-45,010-5679-8148,자전거 타기
3801,박소율,23,제주 유성구 123-45,010-8307-3193,보드게임
3802,신서연,77,인천 송파구 123-45,010-9483-2961,드로잉
3803,최현우,57,안양 성동구 123-45,010-7286-7920,카페 투어
3804,서지안,65,부산 남구 123-45,010-6068-1294,수영
3805,임소율,66,인천 서구 123-45,010-5286-4220,운동
3806,김민수,62,서울 강남구 123-45,010-9296-6251,독서
3807,오은우,64,인천 중구 123-45,010-4998-9557,유튜브 보기
3808,이하은,27,성남 해운대구 123-45,010-6812-4761,보드게임
3809,윤서준,76,포항 팔달구 123-45,010-3980-2803,자전거 타기
3810,서건우,55,고양 유성구 123-45,010-5436-5586,카페 투어
3811,김시우,34,서울 덕양구 123-45,010-3597-8641,음악감상
3812,박도윤,50,안산 남구 123-45,010-5502-3734,요리
3813,최수빈,69,남양주 강남구 123-45,010-1807-3350,게임
3814,한도윤,54,광주 강서구 123-45,010-9102-7631,유튜브 보기
3815,최지원,51,고양 강서구 123-45,010-6029-2445,운동
3816,신태윤,46,청주 동구 123-45,010-9642-3981,여행
3817,조현우,76,천안 팔달구 123-45,010-2165-5693,자전거 타기
3818,장지민,33,용인 기흥구 123-45,010-7942-1098,일기 쓰기
3819,강지원,27,서울 흥덕구 123-45,010-4613-6288,음악감상
3820,신서준,31,안산 기흥구 123-45,010-5023-3462,자전거 타기
3821,박지원,34,천안 해운대구 123-45,010-6136-9712,카페 투어
3822,서소율,45,대전 성북구 123-45,010-7820-9355,일기 쓰기
3823,김도윤,50,천안 장유동 123-45,010-3420-6452,게임
3824,김민수,25,성남 수성구 123-45,010-2119-5953,음악감상
3825,오지민,31,포항 덕진구 123-45,010-6015-1710,수영
3826,박시우,22,용인 중구 123-45,010-9048-1122,유튜브 보기
3827,오예린,63,울산 강남구 123-45,010-3508-4727,웹서핑
3828,한서준,75,서울 성동구 123-45,010-3313-2350,사진촬영
3829,정민수,35,용인 강남구 123-45,010-3313-3344,보드게임
3830,정수빈,56,광주 유성구 123-45,010-3154-4238,일기 쓰기
3831,최소율,67,남양주 팔달구 123-45,010-6844-9866,보드게임
3832,윤민수,62,전주 분당구 123-45,010-4045-3436,드로잉
3833,윤시우,29,포항 강서구 123-45,010-8760-5390,게임
3834,강시우,59,수원 성동구 123-45,010-5650-6664,여행
3835,조지안,62,부산 분당구 123-45,010-9148-9437,독서
3836,김소율,74,성남 성동구 123-45,010-7131-1348,독서
3837,윤하윤,39,남양주 진해구 123-45,010-9531-6976,드로잉
3838,서현우,50,포항 해운대구 123-45,010-2728-4712,자전거 타기
3839,신도윤,56,용인 수성구 123-45,010-3819-5128,영화감상
3840,신도윤,75,포항 덕진구 123-45,010-9140-2342,등산
3841,장유진,27,청주 해운대구 123-45,010-2018-9118,보드게임
3842,신현우,34,성남 흥덕구 123-45,010-4564-5582,웹서핑
3843,김유진,37,평택 일산동구 123-45,010-2475-9514,자전거 타기
3844,임지원,28,대구 중구 123-45,010-1086-8794,웹서핑
3845,오예은,42,대전 분당구 123-45,010-6597-3183,뜨개질
3846,조지후,55,수원 기흥구 123-45,010-1014-6826,사진촬영
3847,박태윤,68,화성 덕진구 123-45,010-1484-1757,자전거 타기
3848,김지민,43,천안 덕양구 123-45,010-1202-1199,음악감상
3849,박서연,36,화성 신제주 123-45,010-2788-3660,등산
3850,강예은,45,김해 강남구 123-45,010-2687-2115,웹서핑
3851,서지민,43,세종 흥덕구 123-45,010-1356-1439,자전거 타기
3852,오민수,78,제주 서구 123-45,010-6705-1175,등산
3853,한도윤,37,성남 강남구 123-45,010-8167-3158,수영
3854,윤지원,28,울산 흥덕구 123-45,010-5637-1779,독서
3855,김예린,48,화성 기흥구 123-45,010-2124-6961,여행
3856,정지민,78,서울 덕양구 123-45,010-6721-2688,보드게임
3857,조민수,20,화성 분당구 123-45,010-8454-8402,영화감상
3858,강시우,43,전주 동구 123-45,010-6834-1424,웹서핑
3859,정서연,32,평택 송파구 123-45,010-4732-3843,웹서핑
3860,신하윤,43,부산 서구 123-45,010-2132-4827,등산
3861,조도윤,55,광주 수성구 123-45,010-7586-7475,웹서핑
3862,최예린,71,고양 일산동구 123-45,010-8532-3619,게임
3863,박하은,62,청주 진해구 123-45,010-9644-6492,웹서핑
3864,강하윤,25,김해 덕양구 123-45,010-9496-2800,웹서핑
3865,김지원,52,인천 중구 123-45,010-3249-5112,독서
3866,강현우,72,수원 동구 123-45,010-4901-1979,사진촬영
3867,한하은,52,성남 북구 123-45,010-3469-7438,독서
3868,조시우,55,수원 동구 123-45,010-6359-2702,일기 쓰기
3869,임예린,36,용인 유성구 123-45,010-6276-6096,요리
3870,박현우,74,평택 동구 123-45,010-5091-3546,사진촬영
3871,이하은,48,전주 서구 123-45,010-2565-1791,일기 쓰기
3872,윤은우,46,포항 동구 123-45,010-9711-4215,웹서핑
3873,장소율,26,천안 수성구 123-45,010-5788-7404,드로잉
3874,오예은,69,제주 신제주 123-45,010-6936-6406,웹서핑
3875,오하윤,63,수원 수성구 123-45,010-8742-1320,등산
3876,서지원,71,대전 신제주 123-45,010-6530-8905,여행
3877,박지안,28,서울 해운대구 123-45,010-4047-2828,게임
3878,한유진,64,수원 강남구 123-45,010-2019-6608,드로잉
3879,신도윤,73,울산 서구 123-45,010-2790-4913,유튜브 보기
3880,한시우,71,성남 남구 123-45,010-8471-8693,독서
3881,정예은,24,안양 장유동 123-45,010-6071-2816,웹서핑
3882,조예은,25,안양 동구 123-45,010-3372-6712,웹서핑
3883,임태윤,46,성남 흥덕구 123-45,010-2415-2506,웹서핑
3884,장태윤,33,화성 북구 123-45,010-6174-6387,음악감상
3885,정민수,67,대구 해운대구 123-45,010-5555-2400,여행
3886,최지민,66,인천 성동구 123-45,010-3707-7238,음악감상
3887,박유진,66,광주 팔달구 123-45,010-6839-8994,게임
3888,강예은,68,평택 송파구 123-45,010-5959-4147,유튜브 보기
3889,임시우,61,고양 서구 123-45,010-4714-1731,드로잉
3890,최수빈,64,대전 강남구 123-45,010-1719-8754,영화감상
3891,장지안,28,대구 기흥구 123-45,010-7200-3323,여행
3892,서은우,71,천안 신제주 123-45,010-7898-9252,요리
3893,정서연,30,고양 서북구 123-45,010-4142-2850,요리
3894,조서연,47,인천 장유동 123-45,010-2090-7251,게임
3895,이시우,41,울산 해운대구 123-45,010-6385-4859,카페 투어
3896,박하윤,75,창원 북구 123-45,010-9743-7104,웹서핑
3897,장민수,30,안산 일산동구 123-45,010-9718-3917,독서
3898,최태윤,50,광주 일산동구 123-45,010-7180-4538,드로잉
3899,서민수,49,포항 남구 123-45,010-8194-6019,드로잉
3900,신지원,76,대구 일산동구 123-45,010-6230-6221,사진촬영
3901,강지민,20,남양주 기흥구 123-45,010-1234-5676,드로잉
3902,박하은,31,부산 신제주 123-45,010-1563-1080,뜨개질
3903,이시우,64,전주 송파구 123-45,010-1179-9410,일기 쓰기
3904,임서준,26,안산 덕양구 123-45,010-7775-5476,게임
3905,서서준,22,대구 서북구 123-45,010-9466-4991,독서
3906,정태윤,48,고양 강서구 123-45,010-6032-5690,게임
3907,윤지원,70,성남 기흥구 123-45,010-4340-5458,음악감상
3908,서서연,65,인천 신제주 123-45,010-9546-5628,일기 쓰기
3909,신수빈,26,포항 팔달구 123-45,010-5638-3149,여행
3910,장하은,38,광주 동구 123-45,010-5595-5307,드로잉
3911,서민수,66,안산 서구 123-45,010-9893-7705,여행
3912,최하윤,64,용인 북구 123-45,010-4392-1023,사진촬영
3913,윤서준,32,화성 기흥구 123-45,010-6190-1487,일기 쓰기
3914,정도윤,49,성남 송파구 123-45,010-9941-4218,자전거 타기
3915,신지안,69,고양 장유동 123-45,010-4502-4585,유튜브 보기
3916,박예은,40,평택 해운대구 123-45,010-3375-8427,일기 쓰기
3917,박지민,30,울산 달서구 123-45,010-9778-5766,영화감상
3918,오건우,40,청주 서북구 123-45,010-4508-2830,음악감상
3919,서지민,52,천안 일산동구 123-45,010-2047-7648,요리
3920,신예린,61,수원 덕양구 123-45,010-8776-5426,영화감상
3921,강지안,43,창원 덕양구 123-45,010-9506-3791,등산
3922,오지민,41,부산 팔달구 123-45,010-1953-9208,영화감상
3923,임소율,68,울산 유성구 123-45,010-7624-9798,요리
3924,서하은,71,전주 송파구 123-45,010-5092-7490,독서
3925,오건우,22,대구 흥덕구 123-45,010-4462-2565,보드게임
3926,정하은,58,김해 중구 123-45,010-1077-1232,게임
3927,서하윤,28,천안 덕양구 123-45,010-8545-3293,운동
3928,조태윤,58,용인 흥덕구 123-45,010-7265-2444,보드게임
3929,조소율,56,화성 기흥구 123-45,010-9415-2671,음악감상
3930,김수빈,32,대전 진해구 123-45,010-5967-9438,수영
3931,신민수,63,수원 팔달구 123-45,010-4571-6043,운동
3932,서소율,41,포항 장유동 123-45,010-3457-6999,요리
3933,박서연,53,청주 성북구 123-45,010-5883-4044,요리
3934,박지안,55,광주 송파구 123-45,010-9390-3945,게임
3935,오지원,52,고양 분당구 123-45,010-7908-8314,일기 쓰기
3936,이건우,22,안산 송파구 123-45,010-9043-1221,게임
3937,정수빈,29,평택 서구 123-45,010-3299-2741,보드게임
3938,한수빈,63,울산 동구 123-45,010-7564-1763,자전거 타기
3939,장시우,64,수원 달서구 123-45,010-6518-8720,드로잉
3940,최민수,35,전주 중구 123-45,010-3615-3060,여행
3941,김서연,51,평택 장유동 123-45,010-4848-2474,드로잉
3942,조건우,59,청주 서북구 123-45,010-5920-3786,유튜브 보기
3943,최지안,63,인천 덕양구 123-45,010-4039-1998,웹서핑
3944,강은우,53,수원 덕진구 123-45,010-9444-2821,웹서핑
3945,한지안,41,안양 흥덕구 123-45,010-2393-9539,게임
3946,김건우,72,청주 덕진구 123-45,010-6874-1959,요리
3947,한예은,45,광주 수성구 123-45,010-4329-2771,등산
3948,서시우,55,평택 동구 123-45,010-6556-8160,유튜브 보기
3949,이지민,53,전주 강남구 123-45,010-2781-8352,게임
3950,이소율,26,김해 북구 123-45,010-1521-7417,유튜브 보기
3951,서현우,73,용인 수성구 123-45,010-8227-7017,유튜브 보기
3952,오건우,23,평택 성북구 123-45,010-5422-1621,영화감상
3953,서은우,48,성남 진해구 123-45,010-7310-6448,카페 투어
3954,강지안,57,서울 서북구 123-45,010-1711-1114,독서
3955,이예린,49,화성 해운대구 123-45,010-8484-1062,독서
3956,조예은,43,용인 달서구 123-45,010-5194-1099,뜨개질
3957,한시우,54,세종 신제주 123-45,010-8491-1716,드로잉
3958,최수빈,53,인천 일산동구 123-45,010-2203-7657,등산
3959,최건우,23,세종 분당구 123-45,010-9606-2659,유튜브 보기
3960,서건우,32,성남 서구 123-45,010-7776-5147,음악감상
3961,한지후,70,울산 일산동구 123-45,010-8051-5468,보드게임
3962,서민수,70,김해 동구 123-45,010-3741-6005,보드게임
3963,신민수,48,남양주 팔달구 123-45,010-1544-2608,자전거 타기
3964,장예은,26,부산 팔달구 123-45,010-9520-9134,음악감상
3965,박시우,38,전주 송파구 123-45,010-2168-5296,웹서핑
3966,김지안,43,용인 성동구 123-45,010-1518-4703,뜨개질
3967,신현우,28,김해 성북구 123-45,010-4698-2597,요리
3968,최은우,41,포항 중구 123-45,010-1226-1313,뜨개질
3969,최서준,64,세종 팔달구 123-45,010-2001-7984,음악감상
3970,서지후,45,포항 덕진구 123-45,010-8244-4487,자전거 타기
3971,정민수,63,대구 덕양구 123-45,010-6220-2969,등산
3972,한지안,57,안양 서북구 123-45,010-6679-2063,카페 투어
3973,장현우,61,평택 장유동 123-45,010-1622-4899,수영
3974,정시우,68,포항 덕양구 123-45,010-2240-9372,드로잉
3975,강하윤,28,서울 신제주 123-45,010-8942-9886,사진촬영
3976,임하은,53,부산 서구 123-45,010-8109-6647,음악감상
3977,이도윤,41,대전 송파구 123-45,010-3623-1530,운동
3978,최도윤,44,인천 강서구 123-45,010-5650-9800,뜨개질
3979,장하은,72,용인 서구 123-45,010-4376-4394,독서
3980,신서준,34,남양주 덕진구 123-45,010-3429-7144,게임
3981,신시우,32,안산 달서구 123-45,010-5045-5254,음악감상
3982,오도윤,49,김해 서구 123-45,010-6227-4561,보드게임
3983,김지원,35,안양 동구 123-45,010-7322-5430,사진촬영
3984,윤하윤,28,부산 달서구 123-45,010-4840-9059,웹서핑
3985,강현우,25,부산 북구 123-45,010-3838-5492,영화감상
3986,강서연,54,인천 성동구 123-45,010-9241-3336,등산
3987,서지후,45,성남 강서구 123-45,010-9724-7514,영화감상
3988,이유진,79,인천 기흥구 123-45,010-4916-5712,드로잉
3989,서예은,21,부산 해운대구 123-45,010-9707-4399,수영
3990,김예은,57,김해 서구 123-45,010-5414-3621,사진촬영
3991,임유진,50,전주 수성구 123-45,010-9511-1285,음악감상
3992,이도윤,75,남양주 성북구 123-45,010-4755-1311,뜨개질
3993,윤서연,36,성남 신제주 123-45,010-2340-1638,드로잉
3994,조은우,68,고양 진해구 123-45,010-3680-7336,유튜브 보기
3995,강태윤,22,화성 송파구 123-45,010-1593-6273,영화감상
3996,서서연,31,전주 기흥구 123-45,010-3132-1952,유튜브 보기
3997,정수빈,50,청주 성북구 123-45,010-7338-1296,운동
3998,신하은,63,남양주 팔달구 123-45,010-4193-4216,수영
3999,조시우,68,안양 팔달구 123-45,010-8795-5356,유튜브 보기
4000,조서준,57,세종 중구 123-45,010-4806-7314,여행
4001,조수빈,75,수원 일산동구 123-45,010-2283-3582,드로잉
4002,이지안,28,천안 수성구 123-45,010-4784-6423,등산
4003,신건우,21,수원 일산동구 123-45,010-2694-1303,일기 쓰기
4004,김민수,79,포항 송파구 123-45,010-8987-6735,보드게임
4005,임지후,71,남양주 송파구 123-45,010-4209-2288,유튜브 보기
4006,최유진,38,세종 남구 123-45,010-6037-8163,웹서핑
4007,서유진,37,수원 강서구 123-45,010-6544-8466,일기 쓰기
4008,박소율,66,전주 분당구 123-45,010-9330-4365,영화감상
4009,임시우,57,용인 유성구 123-45,010-5898-2094,뜨개질
4010,정지안,48,대전 흥덕구 123-45,010-6215-4837,자전거 타기
4011,임예은,32,울산 중구 123-45,010-1355-1317,영화감상
4012,오현우,45,천안 일산동구 123-45,010-5475-3013,운동
4013,이예은,50,용인 남구 123-45,010-4280-3800,수영
4014,조서준,55,울산 서구 123-45,010-3800-9893,독서
4015,김건우,73,성남 덕양구 123-45,010-1814-3751,운동
4016,조지민,78,안산 달서구 123-45,010-9510-4838,카페 투어
4017,윤예린,58,안양 수성구 123-45,010-4802-4325,뜨개질
4018,박도윤,55,용인 북구 123-45,010-6487-5202,뜨개질
4019,박건우,66,평택 진해구 123-45,010-4824-6946,유튜브 보기
4020,정도윤,67,서울 덕진구 123-45,010-6739-4890,일기 쓰기
4021,임수빈,45,전주 일산동구 123-45,010-1591-3174,운동
4022,신서연,24,용인 해운대구 123-45,010-9956-2222,유튜브 보기
4023,정서연,65,창원 기흥구 123-45,010-7507-3268,운동
4024,한건우,30,광주 분당구 123-45,010-3914-4031,드로잉
4025,이하윤,23,김해 남구 123-45,010-6993-4275,웹서핑
4026,윤지민,49,화성 성동구 123-45,010-1799-8527,음악감상
4027,강도윤,59,안산 덕양구 123-45,010-1430-5670,음악감상
4028,윤하은,28,서울 덕양구 123-45,010-4771-4318,여행
4029,임지원,47,화성 성북구 123-45,010-3335-8372,유튜브 보기
4030,조하은,28,청주 강남구 123-45,010-8361-9814,사진촬영
4031,조태윤,68,청주 성동구 123-45,010-5377-2687,운동
4032,정서연,68,안산 분당구 123-45,010-7494-2087,게임
4033,윤은우,34,대전 분당구 123-45,010-9857-9097,웹서핑
4034,최유진,27,화성 북구 123-45,010-5432-2667,사진촬영
4035,오시우,23,성남 성동구 123-45,010-8116-7817,운동
4036,윤하은,57,울산 강남구 123-45,010-1483-9634,게임
4037,강민수,36,광주 중구 123-45,010-9319-5201,게임
4038,강지안,27,용인 남구 123-45,010-8253-4254,드로잉
4039,이유진,30,남양주 신제주 123-45,010-5095-5066,요리
4040,최도윤,54,포항 동구 123-45,010-6586-3303,웹서핑
4041,김수빈,53,천안 수성구 123-45,010-6625-3789,여행
4042,한하은,32,안산 덕진구 123-45,010-2048-3398,일기 쓰기
4043,오민수,59,대전 달서구 123-45,010-6746-6636,영화감상
4044,임건우,53,창원 성동구 123-45,010-3636-6325,음악감상
4045,최건우,57,제주 장유동 123-45,010-2967-4854,카페 투어
4046,윤도윤,61,세종 서구 123-45,010-2490-6972,게임
4047,서시우,75,안산 진해구 123-45,010-3181-9309,자전거 타기
4048,임수빈,24,김해 서구 123-45,010-7143-7821,영화감상
4049,임하윤,35,성남 해운대구 123-45,010-3681-4505,드로잉
4050,윤예은,76,전주 진해구 123-45,010-1697-1808,보드게임
4051,신하윤,74,울산 달서구 123-45,010-5265-5989,보드게임
4052,신소율,75,서울 중구 123-45,010-1605-2727,자전거 타기
4053,한서준,45,세종 송파구 123-45,010-2088-1441,음악감상
4054,한하은,75,창원 달서구 123-45,010-3543-1786,유튜브 보기
4055,윤시우,76,세종 성동구 123-45,010-3540-3702,게임
4056,임은우,24,세종 서북구 123-45,010-1964-8403,독서
4057,박수빈,53,대전 신제주 123-45,010-3258-5245,보드게임
4058,서건우,75,전주 동구 123-45,010-7042-4674,카페 투어
4059,이서연,48,광주 성북구 123-45,010-3535-2358,영화감상
4060,조서준,78,울산 신제주 123-45,010-2150-5561,유튜브 보기
4061,조지후,36,대전 흥덕구 123-45,010-1640-3620,웹서핑
4062,이하은,48,제주 기흥구 123-45,010-7500-4360,일기 쓰기
4063,오하윤,44,포항 송파구 123-45,010-8459-7687,사진촬영
4064,정예린,32,안산 송파구 123-45,010-2770-7728,웹서핑
4065,윤지후,61,천안 장유동 123-45,010-5971-7391,자전거 타기
4066,김도윤,42,용인 동구 123-45,010-1132-3083,영화감상
4067,정지민,70,서울 강서구 123-45,010-9502-2839,게임
4068,장수빈,75,서울 기흥구 123-45,010-4647-8393,일기 쓰기
4069,최수빈,26,세종 송파구 123-45,010-7897-5502,드로잉
4070,최지원,60,용인 분당구 123-45,010-2370-7508,웹서핑
4071,장유진,39,천안 덕양구 123-45,010-1306-9551,일기 쓰기
4072,정소율,27,청주 중구 123-45,010-2359-4324,독서
4073,이소율,29,안산 흥덕구 123-45,010-1820-7481,영화감상
4074,윤지민,20,전주 일산동구 123-45,010-4629-9579,웹서핑
4075,서은우,51,서울 장유동 123-45,010-2493-9678,자전거 타기
4076,정시우,64,창원 흥덕구 123-45,010-9393-5713,드로잉
4077,최민수,68,제주 흥덕구 123-45,010-6819-3512,카페 투어
4078,이수빈,76,광주 유성구 123-45,010-8007-5664,등산
4079,한유진,57,서울 강서구 123-45,010-8137-8198,영화감상
4080,임예은,53,용인 북구 123-45,010-3453-1568,등산
4081,오시우,33,천안 분당구 123-45,010-6189-1130,보드게임
4082,이예은,65,남양주 진해구 123-45,010-9583-6251,영화감상
4083,신서준,79,전주 달서구 123-45,010-7757-2973,게임
4084,최도윤,67,대전 해운대구 123-45,010-9995-9089,게임
4085,이유진,72,안양 성북구 123-45,010-1444-3992,드로잉
4086,조지민,62,대구 흥덕구 123-45,010-4117-6411,요리
4087,장지안,47,고양 수성구 123-45,010-5856-3452,음악감상
4088,최시우,23,화성 덕진구 123-45,010-1387-9523,영화감상
4089,윤태윤,75,대전 북구 123-45,010-3311-2874,카페 투어
4090,신지후,57,성남 분당구 123-45,010-3889-3105,웹서핑
4091,조건우,74,부산 중구 123-45,010-4620-6203,요리
4092,오도윤,23,포항 신제주 123-45,010-4213-9775,수영
4093,윤하윤,40,제주 달서구 123-45,010-7966-9136,운동
4094,조현우,36,화성 덕양구 123-45,010-4091-7413,드로잉
4095,신시우,72,포항 강서구 123-45,010-3216-6450,유튜브 보기
4096,한서준,31,포항 서구 123-45,010-8577-1333,음악감상
4097,한지후,61,성남 동구 123-45,010-8569-2562,카페 투어
4098,정하윤,37,천안 유성구 123-45,010-3364-2767,보드게임
4099,박민수,64,평택 유성구 123-45,010-1028-5232,자전거 타기
4100,강지민,73,포항 해운대구 123-45,010-2960-4573,수영
4101,서서연,72,울산 성동구 123-45,010-8192-1519,일기 쓰기
4102,강예린,34,제주 유성구 123-45,010-8866-1487,카페 투어
4103,이시우,64,성남 일산동구 123-45,010-9888-2247,보드게임
4104,박시우,75,울산 분당구 123-45,010-2360-5758,사진촬영
4105,장현우,70,광주 수성구 123-45,010-6195-2496,요리
4106,최지민,79,안양 중구 123-45,010-1670-6244,게임
4107,박건우,22,제주 진해구 123-45,010-5844-5541,카페 투어
4108,박예린,43,안양 유성구 123-45,010-1458-5970,영화감상
4109,서하은,30,용인 서북구 123-45,010-9314-7102,여행
4110,신예린,70,남양주 신제주 123-45,010-4833-1064,보드게임
4111,강소율,35,성남 동구 123-45,010-4392-1283,일기 쓰기
4112,오지원,55,고양 강서구 123-45,010-6687-1711,독서
4113,오하윤,58,안양 중구 123-45,010-5805-4062,자전거 타기
4114,강수빈,46,고양 유성구 123-45,010-3089-4625,뜨개질
4115,김예은,43,평택 동구 123-45,010-5781-1993,요리
4116,김소율,52,화성 유성구 123-45,010-7389-1070,카페 투어
4117,오지안,40,전주 서북구 123-45,010-5372-8459,카페 투어
4118,김예은,54,수원 동구 123-45,010-7696-7960,유튜브 보기
4119,조예린,46,제주 팔달구 123-45,010-5401-4078,독서
4120,박예린,25,성남 성동구 123-45,010-2126-2487,게임
4121,임하윤,45,고양 강서구 123-45,010-6400-4492,독서
4122,이민수,47,안산 중구 123-45,010-7052-4684,사진촬영
4123,강태윤,31,성남 분당구 123-45,010-1397-3300,웹서핑
4124,서민수,60,천안 동구 123-45,010-6976-3057,유튜브 보기
4125,윤도윤,69,천안 송파구 123-45,010-6791-2016,뜨개질
4126,이하은,69,고양 성동구 123-45,010-1311-1839,보드게임
4127,이지원,40,평택 덕양구 123-45,010-6898-6305,음악감상
4128,서현우,23,제주 장유동 123-45,010-9397-2462,수영
4129,서예은,40,인천 유성구 123-45,010-5362-7704,등산
4130,서예린,35,평택 장유동 123-45,010-8840-9047,게임
4131,최태윤,23,수원 서구 123-45,010-8942-4326,요리
4132,신지민,23,김해 해운대구 123-45,010-5364-8036,사진촬영
4133,장현우,53,성남 진해구 123-45,010-6914-8884,뜨개질
4134,조유진,75,포항 일산동구 123-45,010-9686-5053,자전거 타기
4135,김지후,77,평택 송파구 123-45,010-6323-2019,운동
4136,윤하은,20,인천 수성구 123-45,010-3301-2700,자전거 타기
4137,장도윤,70,대구 강남구 123-45,010-1694-7700,유튜브 보기
4138,김예은,47,울산 흥덕구 123-45,010-7883-3953,일기 쓰기
4139,김소율,58,대구 유성구 123-45,010-7743-7320,등산
4140,김소율,50,용인 성동구 123-45,010-6079-1494,수영
4141,김수빈,37,안양 달서구 123-45,010-1397-7488,일기 쓰기
4142,오현우,44,평택 덕진구 123-45,010-1910-9499,독서
4143,서현우,33,포항 덕진구 123-45,010-3428-8124,음악감상
4144,서서연,60,인천 서북구 123-45,010-7788-6578,수영
4145,김예은,23,포항 성동구 123-45,010-2473-2631,뜨개질
4146,박서준,26,창원 성북구 123-45,010-8463-1027,뜨개질
4147,신건우,28,평택 강서구 123-45,010-2513-1377,보드게임
4148,임지안,52,대구 유성구 123-45,010-2731-7231,카페 투어
4149,서하윤,68,안산 성북구 123-45,010-4817-7402,요리
4150,이태윤,65,평택 동구 123-45,010-8454-4760,드로잉
4151,박수빈,37,성남 진해구 123-45,010-7886-9677,음악감상
4152,최서준,64,김해 기흥구 123-45,010-9196-3623,게임
4153,박수빈,39,창원 덕양구 123-45,010-6004-7729,요리
4154,강지원,25,포항 신제주 123-45,010-4243-4508,자전거 타기
4155,정태윤,49,세종 분당구 123-45,010-5346-9977,드로잉
4156,한소율,25,울산 기흥구 123-45,010-4616-7504,등산
4157,장서준,78,세종 남구 123-45,010-3828-4356,유튜브 보기
4158,윤현우,25,창원 서북구 123-45,010-4174-6501,뜨개질
4159,이지안,32,성남 성동구 123-45,010-7215-2348,일기 쓰기
4160,장예린,67,안양 덕양구 123-45,010-7709-5515,웹서핑
4161,서은우,23,세종 중구 123-45,010-4600-8915,독서
4162,이태윤,38,인천 서구 123-45,010-2040-4787,독서
4163,최지후,21,성남 유성구 123-45,010-2956-9984,음악감상
4164,강수빈,45,서울 장유동 123-45,010-5340-4880,사진촬영
4165,조지후,47,고양 진해구 123-45,010-9776-5389,음악감상
4166,서지안,28,대구 강서구 123-45,010-4079-7536,보드게임
4167,윤시우,78,포항 흥덕구 123-45,010-8553-1427,여행
4168,한예린,57,광주 분당구 123-45,010-1893-8246,음악감상
4169,이은우,38,광주 중구 123-45,010-8796-3419,보드게임
4170,오지후,59,대전 흥덕구 123-45,010-7748-9339,사진촬영
4171,이건우,37,고양 송파구 123-45,010-1670-1111,유튜브 보기
4172,이지안,57,포항 남구 123-45,010-8433-6078,뜨개질
4173,김서준,28,창원 남구 123-45,010-9317-6230,음악감상
4174,김시우,23,안산 일산동구 123-45,010-1720-8067,카페 투어
4175,정태윤,51,부산 서구 123-45,010-1956-2586,유튜브 보기
4176,장현우,70,고양 서구 123-45,010-9238-5497,드로잉
4177,박지안,48,대전 진해구 123-45,010-4441-4163,사진촬영
4178,박하은,23,안양 송파구 123-45,010-4417-2785,사진촬영
4179,신도윤,64,전주 덕양구 123-45,010-2969-1988,뜨개질
4180,오은우,76,안산 강서구 123-45,010-4270-7205,음악감상
4181,임태윤,59,광주 강서구 123-45,010-2257-7453,수영
4182,정하윤,44,창원 강서구 123-45,010-5641-4141,웹서핑
4183,오태윤,28,창원 장유동 123-45,010-3558-3111,사진촬영
4184,서소율,78,안양 중구 123-45,010-7775-4795,등산
4185,신은우,74,광주 성동구 123-45,010-5301-5147,일기 쓰기
4186,강서준,42,세종 수성구 123-45,010-3710-9903,사진촬영
4187,이서연,22,창원 기흥구 123-45,010-9947-9097,게임
4188,김지후,46,안양 북구 123-45,010-5379-9210,게임
4189,박현우,23,남양주 장유동 123-45,010-1558-5484,운동
4190,신지안,57,대구 서북구 123-45,010-9394-4958,등산
4191,오예린,56,천안 동구 123-45,010-9881-4444,여행
4192,박지민,74,청주 덕진구 123-45,010-3456-6284,카페 투어
4193,윤예은,70,서울 팔달구 123-45,010-6226-4521,수영
4194,최민수,61,부산 수성구 123-45,010-6676-9548,운동
4195,박민수,68,포항 강서구 123-45,010-6782-2534,뜨개질
4196,박수빈,43,안산 중구 123-45,010-5368-2431,요리
4197,서하윤,69,안양 남구 123-45,010-4491-6666,운동
4198,박건우,74,평택 강서구 123-45,010-4219-9799,음악감상
4199,장지원,23,제주 달서구 123-45,010-6828-7104,등산
4200,임지안,29,김해 일산동구 123-45,010-6386-8492,게임
4201,김수빈,58,부산 남구 123-45,010-2983-8519,음악감상
4202,조도윤,63,세종 북구 123-45,010-1209-5960,등산
4203,신유진,36,청주 기흥구 123-45,010-8106-5777,드로잉
4204,오도윤,64,울산 팔달구 123-45,010-7766-8355,수영
4205,김예린,78,창원 성동구 123-45,010-6016-9960,여행
4206,강하윤,73,포항 송파구 123-45,010-3509-6630,자전거 타기
4207,이태윤,53,전주 중구 123-45,010-5687-6763,드로잉
4208,정서준,39,인천 흥덕구 123-45,010-1980-8332,유튜브 보기
4209,김지원,37,서울 장유동 123-45,010-8421-6292,카페 투어
4210,오하은,52,안산 송파구 123-45,010-8895-1763,보드게임
4211,김지안,32,전주 서북구 123-45,010-3861-7924,사진촬영
4212,강지안,20,포항 덕진구 123-45,010-8716-8318,게임
4213,정서연,31,고양 장유동 123-45,010-5941-1172,뜨개질
4214,강서준,76,대구 진해구 123-45,010-8199-3734,요리
4215,장수빈,27,안산 서북구 123-45,010-1363-6477,요리
4216,조지민,33,인천 북구 123-45,010-9342-4330,요리
4217,서건우,44,안양 분당구 123-45,010-3538-6608,자전거 타기
4218,조도윤,72,청주 동구 123-45,010-8629-3734,등산
4219,최예은,36,대전 분당구 123-45,010-6145-7990,카페 투어
4220,신건우,79,화성 덕진구 123-45,010-9210-3273,요리
4221,김지원,39,서울 기흥구 123-45,010-8923-6264,사진촬영
4222,임하은,46,김해 유성구 123-45,010-7913-1308,영화감상
4223,조건우,67,대전 덕양구 123-45,010-2606-1919,영화감상
4224,서하윤,46,서울 동구 123-45,010-4888-5633,영화감상
4225,윤예은,33,대전 달서구 123-45,010-3720-7620,보드게임
4226,박은우,68,대구 강서구 123-45,010-4692-6192,운동
4227,장도윤,58,고양 성북구 123-45,010-4900-7303,독서
4228,윤지후,25,부산 유성구 123-45,010-2160-1554,사진촬영
4229,윤지민,22,인천 해운대구 123-45,010-8305-2043,카페 투어
4230,이은우,63,전주 분당구 123-45,010-6124-1169,일기 쓰기
4231,신태윤,56,광주 강서구 123-45,010-1090-2608,등산
4232,김서준,58,대구 덕진구 123-45,010-7723-7534,웹서핑
4233,임지안,70,용인 분당구 123-45,010-7966-6558,드로잉
4234,강서연,31,화성 해운대구 123-45,010-2282-3681,수영
4235,박지원,20,안산 중구 123-45,010-8993-8112,요리
4236,조태윤,43,평택 일산동구 123-45,010-9791-6651,뜨개질
4237,신시우,33,광주 북구 123-45,010-8743-2238,여행
4238,서예린,39,창원 유성구 123-45,010-1455-6750,유튜브 보기
4239,신예린,55,서울 북구 123-45,010-8103-6752,유튜브 보기
4240,정예은,53,김해 서북구 123-45,010-9030-4410,음악감상
4241,김지민,67,세종 팔달구 123-45,010-2124-1576,보드게임
4242,오태윤,69,전주 남구 123-45,010-3145-2057,일기 쓰기
4243,정소율,25,평택 송파구 123-45,010-5133-5280,카페 투어
4244,오은우,20,서울 유성구 123-45,010-3782-8899,독서
4245,박은우,59,평택 덕양구 123-45,010-1046-7423,자전거 타기
4246,윤예린,55,창원 송파구 123-45,010-9610-1866,여행
4247,오하윤,66,부산 성동구 123-45,010-3779-9103,자전거 타기
4248,김수빈,63,화성 흥덕구 123-45,010-7377-6326,사진촬영
4249,한지안,26,창원 일산동구 123-45,010-3195-7210,운동
4250,강지후,62,안양 북구 123-45,010-9248-5561,음악감상
4251,서예은,29,울산 분당구 123-45,010-8650-1751,카페 투어
4252,윤소율,28,용인 흥덕구 123-45,010-6357-6019,여행
4253,강서준,76,화성 분당구 123-45,010-7172-5024,뜨개질
4254,이현우,74,광주 달서구 123-45,010-2213-2181,요리
4255,오현우,23,서울 팔달구 123-45,010-2640-2102,독서
4256,이은우,65,수원 해운대구 123-45,010-8716-7657,웹서핑
4257,최예린,33,전주 진해구 123-45,010-8562-4306,사진촬영
4258,장태윤,75,제주 기흥구 123-45,010-1103-4584,음악감상
4259,이예은,69,포항 성동구 123-45,010-3023-3925,보드게임
4260,임은우,75,광주 흥덕구 123-45,010-4661-9578,독서
4261,신건우,28,포항 덕양구 123-45,010-6395-1384,드로잉
4262,장서준,64,화성 달서구 123-45,010-9736-9512,여행
4263,서서연,65,광주 분당구 123-45,010-8589-6804,수영
4264,최태윤,54,포항 분당구 123-45,010-8383-3700,웹서핑
4265,윤건우,47,김해 강남구 123-45,010-2457-7402,요리
4266,강현우,23,수원 기흥구 123-45,010-5143-6598,사진촬영
4267,박유진,63,울산 팔달구 123-45,010-3580-2515,보드게임
4268,박은우,54,대구 동구 123-45,010-2220-5064,보드게임
4269,임건우,20,천안 신제주 123-45,010-2675-7696,게임
4270,장민수,50,천안 덕양구 123-45,010-7036-6058,영화감상
4271,오소율,65,천안 성북구 123-45,010-5914-4113,뜨개질
4272,김은우,59,용인 신제주 123-45,010-6563-3597,사진촬영
4273,신건우,24,부산 장유동 123-45,010-9264-5649,요리
4274,김지원,30,울산 일산동구 123-45,010-1879-1995,유튜브 보기
4275,최은우,41,성남 강남구 123-45,010-6033-4616,독서
4276,임현우,24,천안 서구 123-45,010-4180-6581,사진촬영
4277,이은우,23,창원 흥덕구 123-45,010-4818-6534,요리
4278,한서연,50,고양 장유동 123-45,010-3352-5867,게임
4279,정지후,24,청주 분당구 123-45,010-7520-6086,드로잉
4280,이현우,58,천안 중구 123-45,010-1823-5878,게임
4281,최소율,28,세종 동구 123-45,010-4216-5279,등산
4282,박지안,36,김해 중구 123-45,010-2279-4016,독서
4283,장은우,27,용인 성동구 123-45,010-7711-3476,음악감상
4284,신예린,73,대전 중구 123-45,010-5764-3545,드로잉
4285,정하윤,45,서울 덕진구 123-45,010-5250-5860,유튜브 보기
4286,신하은,38,용인 남구 123-45,010-3772-3371,여행
4287,오예린,67,서울 덕진구 123-45,010-4158-2625,웹서핑
4288,이소율,29,광주 일산동구 123-45,010-2652-7454,등산
4289,이예린,40,성남 중구 123-45,010-2696-4445,드로잉
4290,강유진,22,고양 팔달구 123-45,010-4855-6284,일기 쓰기
4291,오서준,63,김해 신제주 123-45,010-6861-2959,유튜브 보기
4292,장지후,21,대구 수성구 123-45,010-8885-3597,등산
4293,한지안,58,울산 진해구 123-45,010-3778-6249,카페 투어
4294,오하은,34,성남 북구 123-45,010-2769-6155,보드게임
4295,최하은,73,김해 덕진구 123-45,010-2268-5788,독서
4296,김소율,27,수원 해운대구 123-45,010-5080-6854,웹서핑
4297,박지후,55,안산 장유동 123-45,010-6936-6145,음악감상
4298,임하윤,54,화성 일산동구 123-45,010-3272-4039,운동
4299,최예린,55,대전 분당구 123-45,010-4043-2778,수영
4300,장수빈,53,천안 송파구 123-45,010-5533-7688,등산
4301,조현우,54,김해 성동구 123-45,010-1826-9894,음악감상
4302,강은우,60,전주 일산동구 123-45,010-4733-6113,요리
4303,오소율,47,제주 흥덕구 123-45,010-1602-2247,카페 투어
4304,장서연,72,성남 동구 123-45,010-6061-4220,사진촬영
4305,신소율,37,서울 덕진구 123-45,010-5320-5301,뜨개질
4306,정은우,70,김해 신제주 123-45,010-7577-5673,뜨개질
4307,윤지원,38,전주 해운대구 123-45,010-6505-3563,카페 투어
4308,강건우,64,대전 송파구 123-45,010-6622-6154,등산
4309,강지후,22,김해 덕양구 123-45,010-4970-8369,카페 투어
4310,오민수,78,포항 중구 123-45,010-7370-1831,일기 쓰기
4311,조민수,47,대구 남구 123-45,010-6064-1520,보드게임
4312,윤지안,33,서울 분당구 123-45,010-6698-3850,음악감상
4313,정예은,74,인천 달서구 123-45,010-9081-4913,카페 투어
4314,임태윤,54,고양 성북구 123-45,010-2434-9659,독서
4315,신시우,44,안양 성동구 123-45,010-9040-5028,뜨개질
4316,김지원,66,대구 수성구 123-45,010-9912-5716,카페 투어
4317,최은우,65,화성 덕진구 123-45,010-5635-3868,등산
4318,김민수,67,화성 송파구 123-45,010-3536-2509,독서
4319,최지원,79,용인 팔달구 123-45,010-3175-1817,뜨개질
4320,임민수,72,안양 팔달구 123-45,010-1407-9119,일기 쓰기
4321,정은우,47,안산 장유동 123-45,010-6601-9595,카페 투어
4322,윤시우,60,전주 서구 123-45,010-3659-6388,운동
4323,장민수,41,세종 진해구 123-45,010-9895-5269,웹서핑
4324,윤은우,59,대전 흥덕구 123-45,010-9009-2476,운동
4325,신은우,52,김해 중구 123-45,010-3628-8502,요리
4326,박도윤,39,대구 남구 123-45,010-2469-7425,수영
4327,정지안,22,김해 장유동 123-45,010-2606-6889,게임
4328,서지후,43,대전 유성구 123-45,010-3525-6323,일기 쓰기
4329,신지민,43,서울 강서구 123-45,010-9115-6885,운동
4330,정수빈,30,부산 덕양구 123-45,010-2381-9100,음악감상
4331,오하은,70,창원 남구 123-45,010-6398-3300,보드게임
4332,정현우,64,남양주 강남구 123-45,010-7443-9620,음악감상
4333,윤하은,33,고양 해운대구 123-45,010-6141-3928,게임
4334,박하윤,78,인천 수성구 123-45,010-9259-7781,카페 투어
4335,신하은,61,광주 강서구 123-45,010-4110-5944,음악감상
4336,윤민수,50,광주 강남구 123-45,010-1003-1375,보드게임
4337,이태윤,78,인천 덕양구 123-45,010-5004-7166,웹서핑
4338,서예은,79,창원 기흥구 123-45,010-2183-2420,사진촬영
4339,장현우,38,전주 흥덕구 123-45,010-3261-9451,수영
4340,조서준,20,성남 서북구 123-45,010-1357-2020,뜨개질
4341,신지민,50,전주 진해구 123-45,010-7215-2256,요리
4342,한지민,41,부산 서구 123-45,010-2913-5392,수영
4343,정건우,22,대전 서구 123-45,010-8357-8502,운동
4344,김민수,71,제주 덕양구 123-45,010-1409-1802,독서
4345,최건우,53,안산 송파구 123-45,010-5501-1206,카페 투어
4346,신수빈,72,남양주 서구 123-45,010-3193-5354,음악감상
4347,조예은,29,김해 신제주 123-45,010-9349-2201,등산
4348,박하은,67,청주 팔달구 123-45,010-6511-1858,운동
4349,최유진,34,부산 수성구 123-45,010-5040-8912,유튜브 보기
4350,한하윤,63,대전 북구 123-45,010-9751-6922,자전거 타기
4351,조현우,23,안산 신제주 123-45,010-2869-7004,드로잉
4352,임서연,24,수원 북구 123-45,010-1695-1980,등산
4353,장예은,34,수원 강남구 123-45,010-7991-2622,수영
4354,신민수,79,포항 성동구 123-45,010-3227-5760,요리
4355,한건우,28,고양 남구 123-45,010-8837-5951,여행
4356,최건우,26,안양 강남구 123-45,010-4281-7776,보드게임
4357,장지안,33,서울 덕양구 123-45,010-5194-6471,음악감상
4358,신시우,44,화성 팔달구 123-45,010-8782-5188,등산
4359,신민수,63,천안 동구 123-45,010-6317-1969,수영
4360,조하은,68,화성 수성구 123-45,010-6198-2973,카페 투어
4361,조현우,43,성남 중구 123-45,010-5705-7948,드로잉
4362,서유진,78,세종 흥덕구 123-45,010-1718-4645,드로잉
4363,강예은,66,포항 일산동구 123-45,010-1589-8875,게임
4364,이태윤,35,창원 분당구 123-45,010-1428-9189,드로잉
4365,한지민,32,천안 신제주 123-45,010-3333-8662,여행
4366,박은우,77,안양 달서구 123-45,010-5092-6157,운동
4367,신건우,79,울산 성동구 123-45,010-3685-3837,일기 쓰기
4368,윤하윤,67,대구 달서구 123-45,010-6100-8158,뜨개질
4369,신지민,35,대구 진해구 123-45,010-5028-9570,게임
4370,임지민,72,청주 장유동 123-45,010-6177-7866,보드게임
4371,박현우,51,대구 중구 123-45,010-1317-2607,운동
4372,최도윤,36,성남 성동구 123-45,010-3095-7969,뜨개질
4373,강서준,70,제주 유성구 123-45,010-8263-1291,여행
4374,임시우,60,세종 수성구 123-45,010-7923-3341,영화감상
4375,신수빈,33,인천 신제주 123-45,010-4646-4129,운동
4376,조태윤,54,평택 기흥구 123-45,010-8971-3830,운동
4377,조하은,39,전주 북구 123-45,010-4958-7256,요리
4378,장하은,61,화성 진해구 123-45,010-1268-4197,자전거 타기
4379,박지후,67,평택 신제주 123-45,010-5350-7394,요리
4380,윤예은,40,성남 덕진구 123-45,010-1274-1836,뜨개질
4381,이지안,35,포항 남구 123-45,010-5946-4552,유튜브 보기
4382,정하은,27,서울 강서구 123-45,010-4363-2708,드로잉
4383,윤은우,27,전주 서북구 123-45,010-2486-4283,수영
4384,조소율,20,수원 중구 123-45,010-2763-4901,유튜브 보기
4385,강태윤,53,창원 분당구 123-45,010-9345-5620,웹서핑
4386,오소율,26,남양주 덕진구 123-45,010-2807-2728,사진촬영
4387,이서준,38,제주 팔달구 123-45,010-6167-6564,독서
4388,박도윤,56,울산 장유동 123-45,010-3645-2359,수영
4389,한수빈,71,용인 기흥구 123-45,010-8421-1020,사진촬영
4390,서수빈,57,남양주 서구 123-45,010-9418-3538,운동
4391,강소율,76,울산 강서구 123-45,010-1111-7357,뜨개질
4392,서예린,57,안산 해운대구 123-45,010-6578-4131,운동
4393,김도윤,55,수원 서구 123-45,010-8188-1200,게임
4394,윤시우,34,김해 분당구 123-45,010-4459-1234,운동
4395,한현우,57,대구 강남구 123-45,010-4328-2366,뜨개질
4396,신지원,42,창원 장유동 123-45,010-5433-7257,사진촬영
4397,강소율,59,대전 강남구 123-45,010-4880-4424,보드게임
4398,한지안,55,수원 해운대구 123-45,010-1178-2800,수영
4399,이건우,57,용인 북구 123-45,010-9273-6486,보드게임
4400,오소율,21,광주 신제주 123-45,010-9066-1665,등산
4401,장지원,44,안양 장유동 123-45,010-4640-4379,영화감상
4402,조소율,73,안산 강서구 123-45,010-7271-2340,카페 투어
4403,임수빈,31,평택 해운대구 123-45,010-3849-7663,카페 투어
4404,강지민,60,포항 흥덕구 123-45,010-2781-3634,드로잉
4405,한하은,45,대전 강서구 123-45,010-7363-9570,독서
4406,김도윤,48,부산 수성구 123-45,010-6882-5541,여행
4407,박민수,28,전주 남구 123-45,010-9642-1495,여행
4408,강서연,72,고양 기흥구 123-45,010-2330-7566,운동
4409,강수빈,49,울산 덕진구 123-45,010-7395-9157,유튜브 보기
4410,이예린,23,대구 중구 123-45,010-8139-4517,뜨개질
4411,한서준,44,세종 강남구 123-45,010-8523-4167,요리
4412,이서연,53,인천 수성구 123-45,010-2449-7211,자전거 타기
4413,이지후,67,김해 서구 123-45,010-5063-9652,드로잉
4414,박하은,52,전주 분당구 123-45,010-4618-6194,카페 투어
4415,이도윤,55,천안 송파구 123-45,010-7740-3518,일기 쓰기
4416,임하은,75,안양 송파구 123-45,010-1322-7210,자전거 타기
4417,김지원,77,남양주 흥덕구 123-45,010-7375-4687,드로잉
4418,한서연,45,울산 동구 123-45,010-8111-7156,자전거 타기
4419,신민수,29,부산 서구 123-45,010-1829-4742,음악감상
4420,이지원,46,천안 달서구 123-45,010-9582-2555,카페 투어
4421,윤태윤,69,안산 유성구 123-45,010-3555-5245,여행
4422,신현우,43,부산 중구 123-45,010-3627-6573,사진촬영
4423,임소율,25,평택 북구 123-45,010-7470-9149,일기 쓰기
4424,오하윤,69,청주 덕양구 123-45,010-4611-8125,독서
4425,오지원,36,성남 덕양구 123-45,010-1043-2968,보드게임
4426,임시우,34,서울 달서구 123-45,010-6620-5500,일기 쓰기
4427,오예린,61,김해 일산동구 123-45,010-4863-2637,운동
4428,김예린,41,청주 성북구 123-45,010-3938-2154,카페 투어
4429,김예린,77,평택 서구 123-45,010-7495-4310,카페 투어
4430,박은우,37,부산 유성구 123-45,010-5763-1112,웹서핑
4431,최예은,47,남양주 수성구 123-45,010-2120-5756,수영
4432,조지후,38,성남 동구 123-45,010-3380-3992,보드게임
4433,장지민,62,용인 강서구 123-45,010-7015-2152,등산
4434,서지안,30,전주 신제주 123-45,010-7945-2170,수영
4435,최시우,55,화성 북구 123-45,010-4337-8178,웹서핑
4436,한민수,48,서울 진해구 123-45,010-2895-5344,등산
4437,임현우,37,울산 성동구 123-45,010-4460-4189,게임
4438,윤하은,63,포항 유성구 123-45,010-5500-3858,카페 투어
4439,임은우,23,광주 진해구 123-45,010-2059-7929,뜨개질
4440,윤서연,67,남양주 덕진구 123-45,010-1965-5570,카페 투어
4441,최건우,39,성남 중구 123-45,010-3060-5239,수영
4442,임지민,33,성남 신제주 123-45,010-5750-7176,보드게임
4443,임수빈,46,창원 유성구 123-45,010-6580-2383,여행
4444,임하은,70,김해 장유동 123-45,010-9980-9845,드로잉
4445,강소율,44,세종 달서구 123-45,010-4872-4540,드로잉
4446,김현우,24,부산 성북구 123-45,010-1462-6011,뜨개질
4447,최지안,55,고양 진해구 123-45,010-6342-8806,자전거 타기
4448,정지원,35,광주 남구 123-45,010-6318-4003,등산
4449,조도윤,60,화성 수성구 123-45,010-7793-1381,보드게임
4450,장지안,32,인천 분당구 123-45,010-1083-8373,일기 쓰기
4451,박도윤,67,세종 기흥구 123-45,010-4071-4580,여행
4452,임서연,72,포항 성동구 123-45,010-6570-9226,일기 쓰기
4453,강하은,34,전주 송파구 123-45,010-8541-8474,유튜브 보기
4454,정예은,68,부산 일산동구 123-45,010-9351-3620,등산
4455,정은우,38,안산 송파구 123-45,010-9873-2442,뜨개질
4456,서지민,26,평택 덕진구 123-45,010-2776-3587,뜨개질
4457,김은우,68,세종 흥덕구 123-45,010-2214-8347,사진촬영
4458,김시우,33,대구 기흥구 123-45,010-2377-1001,보드게임
4459,윤하은,24,광주 분당구 123-45,010-3138-2247,유튜브 보기
4460,한수빈,48,용인 송파구 123-45,010-8424-3742,등산
4461,박도윤,44,성남 유성구 123-45,010-4659-9184,보드게임
4462,임하윤,32,화성 달서구 123-45,010-9793-5884,보드게임
4463,최유진,29,성남 달서구 123-45,010-3404-5741,웹서핑
4464,조서연,24,광주 흥덕구 123-45,010-3753-4467,음악감상
4465,서서연,35,화성 신제주 123-45,010-8171-3752,운동
4466,강도윤,79,울산 유성구 123-45,010-4911-8220,뜨개질
4467,서건우,20,전주 진해구 123-45,010-8494-5018,유튜브 보기
4468,윤예린,76,청주 덕진구 123-45,010-2685-8193,음악감상
4469,장하은,69,용인 강남구 123-45,010-5264-1476,운동
4470,장지안,70,서울 동구 123-45,010-6259-8851,카페 투어
4471,정지안,34,세종 덕진구 123-45,010-2375-9527,자전거 타기
4472,강서연,69,청주 팔달구 123-45,010-4588-1937,자전거 타기
4473,박하은,25,평택 중구 123-45,010-6665-2132,보드게임
4474,박지원,47,세종 강남구 123-45,010-2349-1503,보드게임
4475,신소율,71,남양주 서북구 123-45,010-5233-3604,게임
4476,서소율,47,평택 수성구 123-45,010-8348-8068,보드게임
4477,박지원,33,고양 동구 123-45,010-5318-8080,독서
4478,박하은,20,서울 서구 123-45,010-9605-3721,등산
4479,조예린,51,수원 덕진구 123-45,010-9771-3705,카페 투어
4480,장지민,78,김해 일산동구 123-45,010-7998-8376,유튜브 보기
4481,윤건우,63,안산 분당구 123-45,010-9847-8104,영화감상
4482,오예은,62,남양주 해운대구 123-45,010-7971-4705,웹서핑
4483,강예은,50,고양 흥덕구 123-45,010-3837-7638,독서
4484,서태윤,22,울산 일산동구 123-45,010-9322-8469,음악감상
4485,이시우,44,천안 동구 123-45,010-7860-5803,게임
4486,한유진,29,천안 수성구 123-45,010-2071-4542,드로잉
4487,최시우,79,제주 강남구 123-45,010-8263-3562,운동
4488,윤서연,38,인천 강서구 123-45,010-6784-1077,영화감상
4489,김서준,40,김해 성북구 123-45,010-5181-3435,요리
4490,신서연,41,서울 서북구 123-45,010-8978-3370,사진촬영
4491,박유진,31,안산 진해구 123-45,010-4865-2062,음악감상
4492,서하윤,79,포항 북구 123-45,010-6601-4582,보드게임
4493,한서연,27,화성 덕진구 123-45,010-5314-2606,음악감상
4494,최예은,62,포항 흥덕구 123-45,010-6746-5747,영화감상
4495,조지민,62,청주 기흥구 123-45,010-9139-1538,등산
4496,최지원,45,평택 기흥구 123-45,010-6899-3953,독서
4497,오서준,40,대전 일산동구 123-45,010-2283-4277,카페 투어
4498,강도윤,55,부산 남구 123-45,010-3881-9818,뜨개질
4499,박하은,52,성남 분당구 123-45,010-9798-5510,여행
4500,김하윤,40,천안 장유동 123-45,010-5328-7279,수영
4501,임지원,28,안양 서북구 123-45,010-9024-2295,게임
4502,서소율,78,화성 팔달구 123-45,010-5869-3383,운동
4503,조지원,77,남양주 동구 123-45,010-1536-7154,보드게임
4504,윤은우,72,포항 북구 123-45,010-3678-9765,일기 쓰기
4505,장지민,75,천안 성북구 123-45,010-5922-4630,요리
4506,강예은,29,세종 덕양구 123-45,010-6880-9594,독서
4507,정서준,33,전주 흥덕구 123-45,010-3730-5461,여행
4508,박예은,44,수원 흥덕구 123-45,010-3263-2742,뜨개질
4509,서시우,41,창원 송파구 123-45,010-8879-9600,드로잉
4510,김하은,49,안산 일산동구 123-45,010-1296-3418,일기 쓰기
4511,오지원,43,청주 송파구 123-45,010-5741-3848,사진촬영
4512,서하윤,50,김해 기흥구 123-45,010-6306-6424,게임
4513,조지원,50,인천 동구 123-45,010-7712-2646,운동
4514,신태윤,77,평택 송파구 123-45,010-7487-2785,드로잉
4515,최소율,52,포항 중구 123-45,010-3607-5779,음악감상
4516,윤하은,32,김해 장유동 123-45,010-5550-1845,수영
4517,장하윤,54,수원 강남구 123-45,010-7222-1328,유튜브 보기
4518,최하윤,63,대전 진해구 123-45,010-5500-1901,운동
4519,정예은,36,창원 남구 123-45,010-1890-1142,자전거 타기
4520,서소율,71,수원 성동구 123-45,010-1117-1459,일기 쓰기
4521,이지안,28,제주 신제주 123-45,010-6656-1326,영화감상
4522,조건우,21,용인 중구 123-45,010-5135-8399,일기 쓰기
4523,박건우,31,전주 북구 123-45,010-9292-6177,자전거 타기
4524,임지안,23,울산 남구 123-45,010-4182-2307,요리
4525,신민수,41,전주 강남구 123-45,010-5477-3440,보드게임
4526,임하은,68,광주 북구 123-45,010-2336-2263,등산
4527,조민수,52,부산 남구 123-45,010-1271-9475,뜨개질
4528,최민수,59,안양 덕진구 123-45,010-3065-9780,일기 쓰기
4529,이건우,41,세종 분당구 123-45,010-6599-7821,보드게임
4530,임예은,28,수원 달서구 123-45,010-4103-7828,자전거 타기
4531,최서준,65,평택 강서구 123-45,010-1730-1518,사진촬영
4532,김은우,76,부산 팔달구 123-45,010-4302-9928,수영
4533,오서연,60,고양 동구 123-45,010-6685-1742,운동
4534,오예은,49,창원 강남구 123-45,010-1044-9552,운동
4535,한수빈,40,수원 성북구 123-45,010-2021-8136,등산
4536,임시우,55,전주 장유동 123-45,010-4949-6149,유튜브 보기
4537,임은우,34,남양주 덕양구 123-45,010-3310-1363,드로잉
4538,최하윤,46,안산 중구 123-45,010-3823-8545,독서
4539,박수빈,50,안산 분당구 123-45,010-2015-6282,일기 쓰기
4540,서하은,34,평택 서북구 123-45,010-9438-6964,일기 쓰기
4541,김수빈,34,평택 성동구 123-45,010-9036-9964,등산
4542,정현우,73,성남 장유동 123-45,010-3480-5968,운동
4543,오현우,55,인천 송파구 123-45,010-3194-1795,유튜브 보기
4544,강도윤,25,천안 중구 123-45,010-9489-2245,드로잉
4545,조지원,37,창원 신제주 123-45,010-6406-9641,등산
4546,윤소율,48,안양 서구 123-45,010-8575-4173,요리
4547,정하은,39,김해 성동구 123-45,010-5861-3101,유튜브 보기
4548,최현우,66,포항 성동구 123-45,010-9966-4984,음악감상
4549,박유진,79,수원 성동구 123-45,010-9108-8145,카페 투어
4550,김건우,56,고양 동구 123-45,010-4116-2328,드로잉
4551,오서연,45,청주 기흥구 123-45,010-2928-5742,드로잉
4552,김지후,27,부산 성동구 123-45,010-6254-8829,보드게임
4553,김태윤,48,서울 분당구 123-45,010-9118-6118,여행
4554,서하윤,49,부산 기흥구 123-45,010-8792-4720,여행
4555,임소율,46,남양주 덕진구 123-45,010-7363-3920,수영
4556,이지원,22,대구 일산동구 123-45,010-3647-7475,게임
4557,오하은,44,용인 서북구 123-45,010-2556-1014,보드게임
4558,임지후,23,대전 달서구 123-45,010-4809-5294,보드게임
4559,최지원,74,용인 일산동구 123-45,010-3511-6649,뜨개질
4560,한유진,29,평택 강서구 123-45,010-4427-8043,자전거 타기
4561,윤은우,46,전주 성북구 123-45,010-8831-3714,뜨개질
4562,조지후,29,광주 송파구 123-45,010-5521-3811,카페 투어
4563,이지후,57,울산 중구 123-45,010-2234-9369,일기 쓰기
4564,신민수,20,대구 강서구 123-45,010-7856-8005,여행
4565,서예린,52,용인 강남구 123-45,010-9725-7145,자전거 타기
4566,한지원,52,화성 송파구 123-45,010-9030-4452,웹서핑
4567,임건우,67,전주 팔달구 123-45,010-3077-7570,보드게임
4568,강시우,69,고양 달서구 123-45,010-5112-9953,등산
4569,한도윤,36,고양 팔달구 123-45,010-7775-5429,수영
4570,정건우,48,광주 유성구 123-45,010-7890-2452,카페 투어
4571,정지민,35,광주 중구 123-45,010-5800-1162,유튜브 보기
4572,최수빈,75,제주 송파구 123-45,010-2353-1063,사진촬영
4573,오도윤,27,서울 강남구 123-45,010-2502-1732,요리
4574,정서연,49,대전 남구 123-45,010-9635-6466,보드게임
4575,임지후,51,제주 달서구 123-45,010-7148-7411,드로잉
4576,장예은,73,천안 수성구 123-45,010-2725-3166,사진촬영
4577,한서연,33,김해 장유동 123-45,010-9104-3647,카페 투어
4578,정은우,43,부산 일산동구 123-45,010-1483-9733,영화감상
4579,정지후,69,세종 수성구 123-45,010-1543-6931,유튜브 보기
4580,장지안,72,평택 해운대구 123-45,010-7051-7215,등산
4581,신태윤,69,인천 기흥구 123-45,010-1231-3350,웹서핑
4582,신예린,41,수원 달서구 123-45,010-3633-4150,뜨개질
4583,김태윤,70,천안 강서구 123-45,010-7395-9227,수영
4584,신지안,28,화성 일산동구 123-45,010-7370-3515,사진촬영
4585,이은우,56,울산 성동구 123-45,010-9281-3905,등산
4586,김하윤,65,용인 유성구 123-45,010-1197-5429,요리
4587,임건우,26,수원 진해구 123-45,010-1559-8386,카페 투어
4588,오지후,25,대구 강서구 123-45,010-4940-2951,유튜브 보기
4589,신소율,51,안산 성북구 123-45,010-1568-1960,보드게임
4590,이현우,53,성남 덕양구 123-45,010-8343-9938,사진촬영
4591,이서연,68,창원 신제주 123-45,010-9338-2922,자전거 타기
4592,강유진,74,청주 동구 123-45,010-1232-8606,웹서핑
4593,윤하은,72,부산 서북구 123-45,010-5691-5050,독서
4594,김서준,58,용인 덕양구 123-45,010-4847-4397,카페 투어
4595,한지후,46,화성 신제주 123-45,010-4790-6161,일기 쓰기
4596,김서연,61,제주 동구 123-45,010-1166-5607,보드게임
4597,이예린,27,서울 분당구 123-45,010-5857-1368,웹서핑
4598,신지안,44,수원 송파구 123-45,010-6005-7645,유튜브 보기
4599,김예린,54,김해 팔달구 123-45,010-7882-9552,웹서핑
4600,조수빈,28,창원 흥덕구 123-45,010-6646-4737,등산
4601,한현우,22,수원 서북구 123-45,010-9564-9386,자전거 타기
4602,박지민,58,수원 기흥구 123-45,010-3561-7643,요리
4603,조하은,41,김해 진해구 123-45,010-5334-3199,유튜브 보기
4604,임시우,72,부산 달서구 123-45,010-2488-7133,음악감상
4605,임시우,27,대구 신제주 123-45,010-3987-9536,등산
4606,조지원,45,용인 성동구 123-45,010-4243-6471,뜨개질
4607,오건우,31,전주 일산동구 123-45,010-8545-6790,등산
4608,박하윤,36,김해 송파구 123-45,010-9029-1051,보드게임
4609,한지원,60,화성 덕양구 123-45,010-9286-3530,일기 쓰기
4610,김현우,78,대구 남구 123-45,010-9923-8793,자전거 타기
4611,조지민,47,고양 일산동구 123-45,010-7901-9133,여행
4612,최하윤,66,창원 덕양구 123-45,010-8283-3635,독서
4613,김하윤,47,평택 동구 123-45,010-7301-9039,자전거 타기
4614,한서준,79,광주 덕양구 123-45,010-9761-5697,드로잉
4615,오도윤,51,김해 덕양구 123-45,010-6233-9923,사진촬영
4616,장예린,28,세종 유성구 123-45,010-9483-7612,유튜브 보기
4617,오소율,69,창원 덕진구 123-45,010-3856-2017,운동
4618,조유진,41,대구 팔달구 123-45,010-2830-3086,요리
4619,한소율,45,제주 해운대구 123-45,010-6590-2441,웹서핑
4620,박소율,56,대전 수성구 123-45,010-4078-1832,뜨개질
4621,오지후,25,세종 수성구 123-45,010-8223-2070,영화감상
4622,최예은,47,평택 분당구 123-45,010-6416-5522,수영
4623,오예은,66,평택 북구 123-45,010-6466-5623,음악감상
4624,한예린,40,평택 남구 123-45,010-8194-4029,자전거 타기
4625,서예린,73,제주 남구 123-45,010-2890-3695,음악감상
4626,한지민,71,전주 팔달구 123-45,010-4560-7915,뜨개질
4627,정도윤,46,평택 팔달구 123-45,010-6110-8221,등산
4628,김유진,41,제주 흥덕구 123-45,010-1480-1060,일기 쓰기
4629,정시우,47,고양 유성구 123-45,010-6562-3971,음악감상
4630,박수빈,39,전주 분당구 123-45,010-9215-7762,사진촬영
4631,윤현우,69,제주 송파구 123-45,010-9914-9179,요리
4632,박소율,50,안산 기흥구 123-45,010-9497-9365,게임
4633,조수빈,24,청주 중구 123-45,010-8621-1868,요리
4634,신민수,32,서울 중구 123-45,010-2316-3750,뜨개질
4635,신지안,38,성남 동구 123-45,010-3791-1720,뜨개질
4636,조서연,41,울산 덕진구 123-45,010-9788-2271,보드게임
4637,조민수,52,김해 강서구 123-45,010-6972-7936,독서
4638,신태윤,78,전주 해운대구 123-45,010-5246-6849,일기 쓰기
4639,윤하윤,71,대구 중구 123-45,010-4099-7261,영화감상
4640,강지원,44,고양 서구 123-45,010-1344-8996,수영
4641,박지원,67,울산 해운대구 123-45,010-6200-4384,뜨개질
4642,이수빈,48,수원 서북구 123-45,010-3607-2217,일기 쓰기
4643,신지안,50,제주 남구 123-45,010-6880-8034,드로잉
4644,윤지안,64,용인 해운대구 123-45,010-4607-7338,드로잉
4645,최은우,28,천안 덕진구 123-45,010-2799-5540,사진촬영
4646,최하은,72,안양 흥덕구 123-45,010-1214-7832,음악감상
4647,강하윤,72,성남 덕진구 123-45,010-5156-2927,독서
4648,조하윤,53,안양 흥덕구 123-45,010-3536-7218,뜨개질
4649,한하윤,33,전주 장유동 123-45,010-4323-4548,카페 투어
4650,서수빈,44,청주 송파구 123-45,010-7867-4324,일기 쓰기
4651,강도윤,53,평택 송파구 123-45,010-1169-2412,유튜브 보기
4652,김하윤,55,천안 북구 123-45,010-4235-2444,자전거 타기
4653,장지후,20,제주 장유동 123-45,010-4466-7976,게임
4654,신하은,29,제주 강남구 123-45,010-7277-1909,사진촬영
4655,최시우,68,포항 성동구 123-45,010-6373-4080,일기 쓰기
4656,서도윤,61,천안 유성구 123-45,010-9792-4176,영화감상
4657,서하은,66,대구 진해구 123-45,010-2910-6975,일기 쓰기
4658,강하윤,31,전주 수성구 123-45,010-7142-3693,유튜브 보기
4659,조하은,23,대구 강서구 123-45,010-8674-4181,여행
4660,신도윤,29,안양 덕양구 123-45,010-5511-7461,자전거 타기
4661,정수빈,75,울산 달서구 123-45,010-2782-3586,독서
4662,오예은,54,수원 신제주 123-45,010-6373-3130,운동
4663,장은우,76,고양 강남구 123-45,010-2655-4777,자전거 타기
4664,임유진,49,평택 성동구 123-45,010-3912-4165,자전거 타기
4665,강예린,50,안양 수성구 123-45,010-4194-2433,웹서핑
4666,이지후,46,남양주 성북구 123-45,010-7331-4566,여행
4667,장하은,44,제주 기흥구 123-45,010-6188-6589,요리
4668,장하은,58,창원 팔달구 123-45,010-8731-8574,운동
4669,최태윤,65,안산 남구 123-45,010-8170-6796,유튜브 보기
4670,임도윤,50,남양주 유성구 123-45,010-6126-2695,요리
4671,윤시우,75,고양 강서구 123-45,010-5289-9688,일기 쓰기
4672,조예린,52,대전 팔달구 123-45,010-3384-7329,유튜브 보기
4673,윤지원,78,안산 덕양구 123-45,010-3022-1307,드로잉
4674,최예은,31,고양 강서구 123-45,010-6247-6333,드로잉
4675,박건우,32,고양 달서구 123-45,010-9958-4500,카페 투어
4676,한서준,22,대구 기흥구 123-45,010-4271-7654,요리
4677,오건우,22,광주 강서구 123-45,010-8206-5949,카페 투어
4678,정도윤,21,서울 남구 123-45,010-4238-5650,카페 투어
4679,최지안,29,전주 동구 123-45,010-6643-1335,일기 쓰기
4680,김수빈,58,대전 달서구 123-45,010-4241-6428,여행
4681,최지원,33,포항 덕진구 123-45,010-4162-3364,일기 쓰기
4682,서지후,32,평택 신제주 123-45,010-6556-7469,유튜브 보기
4683,신유진,20,김해 일산동구 123-45,010-2544-6627,운동
4684,박민수,54,창원 성동구 123-45,010-7892-5653,등산
4685,한태윤,75,안산 송파구 123-45,010-7546-9006,여행
4686,이시우,76,창원 성북구 123-45,010-5103-6429,자전거 타기
4687,임유진,46,서울 흥덕구 123-45,010-5773-4926,카페 투어
4688,한하윤,35,인천 진해구 123-45,010-5969-4143,운동
4689,정지후,59,부산 진해구 123-45,010-8230-9988,사진촬영
4690,신하윤,60,김해 장유동 123-45,010-3536-1595,수영
4691,윤서준,43,화성 팔달구 123-45,010-9194-4600,게임
4692,강유진,49,안양 북구 123-45,010-9969-1907,보드게임
4693,신서준,67,수원 흥덕구 123-45,010-2766-1773,보드게임
4694,박지원,45,남양주 서구 123-45,010-3192-3615,등산
4695,신지민,75,수원 서북구 123-45,010-6583-6211,드로잉
4696,한지민,31,천안 성북구 123-45,010-4602-8001,독서
4697,오지원,57,수원 강서구 123-45,010-8459-2947,음악감상
4698,한하윤,40,남양주 흥덕구 123-45,010-5622-4489,게임
4699,한현우,65,서울 중구 123-45,010-3469-7133,일기 쓰기
4700,서예은,71,울산 북구 123-45,010-5030-3136,수영
4701,신지후,66,김해 분당구 123-45,010-1059-1212,유튜브 보기
4702,신도윤,22,창원 동구 123-45,010-3593-7104,영화감상
4703,임서연,59,천안 성동구 123-45,010-8826-3400,게임
4704,윤하은,23,대전 장유동 123-45,010-8628-9146,수영
4705,신도윤,41,안양 진해구 123-45,010-7999-1625,카페 투어
4706,조하은,34,울산 신제주 123-45,010-8091-7238,등산
4707,박예린,63,포항 북구 123-45,010-4848-5858,영화감상
4708,한유진,68,광주 송파구 123-45,010-7220-5445,독서
4709,정지민,52,창원 팔달구 123-45,010-5464-2130,등산
4710,최시우,27,서울 성북구 123-45,010-6547-6481,카페 투어
4711,김하윤,50,세종 서북구 123-45,010-4173-6012,운동
4712,오도윤,50,성남 일산동구 123-45,010-1845-6106,영화감상
4713,오시우,77,천안 기흥구 123-45,010-3317-5791,뜨개질
4714,이예은,20,대전 송파구 123-45,010-4608-1850,운동
4715,이지후,67,청주 일산동구 123-45,010-1659-3717,독서
4716,오도윤,53,수원 분당구 123-45,010-2761-9785,수영
4717,강지원,61,광주 송파구 123-45,010-8405-9256,자전거 타기
4718,오지안,74,대전 성북구 123-45,010-4908-1945,등산
4719,조하윤,60,전주 장유동 123-45,010-7144-9719,독서
4720,장하윤,28,남양주 해운대구 123-45,010-8207-8026,자전거 타기
4721,강하은,76,청주 성북구 123-45,010-9794-7828,운동
4722,윤지원,69,창원 중구 123-45,010-1990-5717,음악감상
4723,박예은,55,울산 분당구 123-45,010-4382-1344,독서
4724,한서연,41,부산 강서구 123-45,010-8335-6492,요리
4725,김지안,38,대전 팔달구 123-45,010-3227-8396,등산
4726,신하은,29,포항 분당구 123-45,010-2150-1776,뜨개질
4727,강지원,30,평택 덕양구 123-45,010-3644-2809,여행
4728,이지안,66,청주 분당구 123-45,010-5049-1200,사진촬영
4729,오지안,59,제주 일산동구 123-45,010-8431-1736,여행
4730,오태윤,53,고양 강남구 123-45,010-6132-8312,유튜브 보기
4731,임민수,59,대전 팔달구 123-45,010-1346-4218,음악감상
4732,강건우,36,세종 분당구 123-45,010-1165-8055,요리
4733,강현우,26,안산 강서구 123-45,010-3584-7512,등산
4734,윤태윤,79,포항 강서구 123-45,010-9129-6174,운동
4735,오하윤,23,안양 기흥구 123-45,010-8192-1491,일기 쓰기
4736,조서연,79,고양 남구 123-45,010-4787-9543,카페 투어
4737,최민수,25,수원 강남구 123-45,010-3077-9436,여행
4738,한수빈,73,서울 서북구 123-45,010-3315-9026,영화감상
4739,오지민,37,고양 동구 123-45,010-3030-1436,뜨개질
4740,조서준,46,안산 성북구 123-45,010-1164-8040,뜨개질
4741,조도윤,58,제주 팔달구 123-45,010-9286-1411,보드게임
4742,정소율,20,안양 유성구 123-45,010-8083-2187,보드게임
4743,이소율,39,인천 진해구 123-45,010-6692-9516,게임
4744,장유진,47,안산 송파구 123-45,010-5294-2044,웹서핑
4745,장지민,69,포항 해운대구 123-45,010-4267-6927,등산
4746,신건우,24,용인 강서구 123-45,010-4505-6331,영화감상
4747,박현우,39,용인 동구 123-45,010-9994-4244,보드게임
4748,신예린,24,안양 장유동 123-45,010-6090-9937,드로잉
4749,장민수,20,서울 덕진구 123-45,010-6292-3822,여행
4750,이시우,48,전주 강서구 123-45,010-9870-8016,웹서핑
4751,최민수,74,포항 서구 123-45,010-1432-4556,요리
4752,한서준,66,안산 성동구 123-45,010-9985-5153,여행
4753,오예은,74,대구 중구 123-45,010-1082-7825,수영
4754,김태윤,66,광주 성북구 123-45,010-2448-5387,자전거 타기
4755,장태윤,24,고양 성동구 123-45,010-5718-1740,보드게임
4756,조예린,37,평택 기흥구 123-45,010-6321-7314,뜨개질
4757,조민수,66,전주 일산동구 123-45,010-9875-9551,음악감상
4758,장수빈,72,대전 남구 123-45,010-3193-1708,요리
4759,신유진,25,고양 기흥구 123-45,010-8549-4436,카페 투어
4760,최지안,57,서울 서북구 123-45,010-8428-2628,등산
4761,박유진,65,용인 기흥구 123-45,010-7288-5434,운동
4762,최수빈,79,대구 남구 123-45,010-5575-4667,수영
4763,오민수,32,화성 덕진구 123-45,010-2299-5171,보드게임
4764,신하은,29,남양주 남구 123-45,010-8616-3657,카페 투어
4765,김건우,67,고양 강서구 123-45,010-9226-2792,드로잉
4766,오건우,55,평택 서북구 123-45,010-1444-1464,사진촬영
4767,임예은,58,수원 장유동 123-45,010-3329-8058,보드게임
4768,최예은,62,부산 동구 123-45,010-3343-3615,뜨개질
4769,오지안,60,김해 남구 123-45,010-5503-7602,유튜브 보기
4770,박서연,52,천안 진해구 123-45,010-5935-1026,수영
4771,오지원,40,포항 성동구 123-45,010-4448-6865,게임
4772,서수빈,24,천안 해운대구 123-45,010-3352-1536,운동
4773,정하은,71,평택 동구 123-45,010-9921-7888,드로잉
4774,오하은,25,광주 덕양구 123-45,010-2328-9098,여행
4775,한소율,64,청주 달서구 123-45,010-7678-3712,카페 투어
4776,한예린,63,부산 일산동구 123-45,010-2299-6642,웹서핑
4777,조유진,70,광주 중구 123-45,010-3726-1866,자전거 타기
4778,박서연,52,남양주 강서구 123-45,010-6190-7008,요리
4779,장은우,62,전주 성동구 123-45,010-6261-9071,일기 쓰기
4780,조지민,79,인천 덕양구 123-45,010-8824-1206,카페 투어
4781,신수빈,63,창원 수성구 123-45,010-4384-5800,여행
4782,장민수,59,인천 일산동구 123-45,010-4467-7508,자전거 타기
4783,윤서연,44,대전 서북구 123-45,010-9116-5069,뜨개질
4784,임시우,28,천안 성동구 123-45,010-2247-5387,독서
4785,신하윤,59,천안 서북구 123-45,010-2574-1841,여행
4786,박예은,59,용인 중구 123-45,010-1622-4701,유튜브 보기
4787,임도윤,24,고양 강남구 123-45,010-6682-6652,요리
4788,장지안,37,화성 수성구 123-45,010-9640-8467,드로잉
4789,정하윤,30,안산 장유동 123-45,010-1423-3566,요리
4790,정지후,71,제주 기흥구 123-45,010-2335-1045,카페 투어
4791,박지안,60,인천 분당구 123-45,010-2545-9418,운동
4792,박현우,71,세종 강남구 123-45,010-1755-4844,일기 쓰기
4793,오서연,39,용인 성동구 123-45,010-4277-9831,웹서핑
4794,장하윤,21,울산 분당구 123-45,010-6430-4114,음악감상
4795,정서연,78,안산 중구 123-45,010-8808-8320,드로잉
4796,신유진,74,울산 강남구 123-45,010-3560-3039,뜨개질
4797,김지민,24,광주 북구 123-45,010-2463-5916,등산
4798,신건우,27,김해 흥덕구 123-45,010-1020-5373,일기 쓰기
4799,최도윤,46,세종 해운대구 123-45,010-2487-9197,등산
4800,조지민,42,울산 강서구 123-45,010-1007-7692,여행
4801,강하은,27,전주 장유동 123-45,010-2989-6685,사진촬영
4802,신하윤,39,전주 흥덕구 123-45,010-1127-7870,수영
4803,박예은,70,부산 덕양구 123-45,010-5118-5707,요리
4804,김지후,26,안양 진해구 123-45,010-1496-4795,독서
4805,서예은,33,부산 덕진구 123-45,010-4079-7657,자전거 타기
4806,이태윤,59,포항 강서구 123-45,010-6528-4309,여행
4807,조소율,21,서울 강서구 123-45,010-9613-4928,독서
4808,신현우,48,성남 덕진구 123-45,010-1107-3460,등산
4809,장하윤,50,울산 흥덕구 123-45,010-4173-6938,음악감상
4810,윤하은,59,안양 북구 123-45,010-3143-2209,사진촬영
4811,윤민수,34,남양주 중구 123-45,010-5172-7526,수영
4812,박민수,78,세종 진해구 123-45,010-4441-5686,독서
4813,조수빈,33,안양 덕진구 123-45,010-1927-4518,영화감상
4814,한시우,77,안산 덕양구 123-45,010-9181-4515,웹서핑
4815,이예린,38,전주 동구 123-45,010-5675-7051,요리
4816,신지후,65,안산 일산동구 123-45,010-2240-1290,드로잉
4817,오지후,48,광주 동구 123-45,010-5213-2974,사진촬영
4818,서은우,71,화성 일산동구 123-45,010-4528-4524,유튜브 보기
4819,이민수,73,천안 성동구 123-45,010-7218-5407,운동
4820,장지후,65,제주 유성구 123-45,010-2770-8280,드로잉
4821,강도윤,21,안양 수성구 123-45,010-7352-3537,여행
4822,윤지원,51,대전 서북구 123-45,010-2754-1345,여행
4823,윤시우,30,성남 신제주 123-45,010-9346-3852,보드게임
4824,신건우,74,평택 해운대구 123-45,010-2973-5480,영화감상
4825,서하은,49,세종 기흥구 123-45,010-5110-3561,여행
4826,서지후,75,화성 기흥구 123-45,010-2177-4285,드로잉
4827,장서연,75,청주 성동구 123-45,010-2817-2296,드로잉
4828,이서연,51,광주 서북구 123-45,010-9011-7066,음악감상
4829,한하윤,48,평택 진해구 123-45,010-7008-6212,요리
4830,신건우,64,용인 덕양구 123-45,010-4567-4695,뜨개질
4831,이민수,78,안산 북구 123-45,010-2377-3237,등산
4832,이지원,49,화성 신제주 123-45,010-9259-1405,영화감상
4833,서하은,70,포항 송파구 123-45,010-4479-4315,게임
4834,신예은,57,안양 팔달구 123-45,010-6139-4118,웹서핑
4835,김서준,41,포항 기흥구 123-45,010-2448-7825,등산
4836,최시우,53,세종 기흥구 123-45,010-4540-7146,카페 투어
4837,이지원,27,천안 서구 123-45,010-6473-4814,사진촬영
4838,김예은,68,세종 강남구 123-45,010-5860-4147,카페 투어
4839,한지후,45,김해 장유동 123-45,010-3440-5029,일기 쓰기
4840,장은우,32,제주 북구 123-45,010-1664-2362,카페 투어
4841,김도윤,70,청주 달서구 123-45,010-2320-1773,뜨개질
4842,신민수,71,울산 기흥구 123-45,010-6844-1798,카페 투어
4843,신예은,37,서울 일산동구 123-45,010-9207-9472,일기 쓰기
4844,강지안,21,전주 신제주 123-45,010-1886-3706,독서
4845,임예은,76,남양주 신제주 123-45,010-1402-9840,음악감상
4846,서지안,51,창원 흥덕구 123-45,010-2722-3135,보드게임
4847,임지후,72,청주 진해구 123-45,010-5823-8132,보드게임
4848,신서연,67,천안 유성구 123-45,010-9910-8493,일기 쓰기
4849,정하윤,57,전주 덕양구 123-45,010-8249-9550,웹서핑
4850,윤지민,60,전주 기흥구 123-45,010-8574-6414,독서
4851,한지민,49,천안 팔달구 123-45,010-9807-5335,자전거 타기
4852,오하윤,69,용인 덕진구 123-45,010-9424-7618,사진촬영
4853,신도윤,57,성남 서북구 123-45,010-6372-1328,사진촬영
4854,김민수,78,포항 서북구 123-45,010-6928-6706,게임
4855,박민수,21,안양 달서구 123-45,010-1894-9834,요리
4856,정서연,72,부산 서북구 123-45,010-5564-6096,보드게임
4857,강소율,60,화성 덕양구 123-45,010-3267-6182,자전거 타기
4858,오지민,77,안산 성북구 123-45,010-1760-6740,수영
4859,조태윤,48,부산 서북구 123-45,010-4806-6661,웹서핑
4860,박하은,44,전주 남구 123-45,010-6914-5064,게임
4861,조시우,73,안양 유성구 123-45,010-1574-2008,뜨개질
4862,윤태윤,60,성남 서북구 123-45,010-3030-6060,자전거 타기
4863,최시우,34,대구 서구 123-45,010-8710-5808,뜨개질
4864,최시우,77,평택 해운대구 123-45,010-1042-4314,등산
4865,김민수,25,용인 송파구 123-45,010-9221-2054,카페 투어
4866,조서연,48,천안 북구 123-45,010-8683-8634,뜨개질
4867,조현우,71,김해 덕진구 123-45,010-1454-2547,일기 쓰기
4868,정은우,75,천안 일산동구 123-45,010-2733-6918,카페 투어
4869,박수빈,68,청주 서구 123-45,010-4816-3455,일기 쓰기
4870,조서준,25,용인 분당구 123-45,010-2805-6246,영화감상
4871,이예린,42,남양주 중구 123-45,010-6406-2341,요리
4872,윤하윤,77,서울 팔달구 123-45,010-3217-4907,영화감상
4873,조지후,34,화성 중구 123-45,010-9647-5933,유튜브 보기
4874,박소율,35,안양 덕양구 123-45,010-5005-7335,보드게임
4875,김현우,21,포항 서북구 123-45,010-2846-4239,운동
4876,오서연,44,성남 덕양구 123-45,010-9407-5131,영화감상
4877,이지후,71,부산 중구 123-45,010-2754-2094,영화감상
4878,박예은,50,부산 강남구 123-45,010-5572-1695,요리
4879,임지민,42,천안 진해구 123-45,010-6270-6641,카페 투어
4880,윤하윤,48,안산 성북구 123-45,010-6504-7324,뜨개질
4881,김예린,42,남양주 성북구 123-45,010-2625-4435,일기 쓰기
4882,임지안,33,부산 강서구 123-45,010-9776-2236,음악감상
4883,강예은,46,부산 흥덕구 123-45,010-2159-4067,드로잉
4884,김태윤,73,광주 진해구 123-45,010-5082-4807,요리
4885,서지후,77,용인 덕진구 123-45,010-9964-4267,자전거 타기
4886,윤소율,49,남양주 강남구 123-45,010-2571-8991,카페 투어
4887,이서연,48,인천 성동구 123-45,010-6439-7693,사진촬영
4888,이서연,75,청주 성북구 123-45,010-9471-7556,사진촬영
4889,이은우,70,평택 유성구 123-45,010-1924-6328,등산
4890,박서연,34,인천 진해구 123-45,010-7659-3343,자전거 타기
4891,이건우,74,평택 서구 123-45,010-8255-4278,등산
4892,박지민,69,용인 달서구 123-45,010-2981-1131,사진촬영
4893,조유진,70,평택 신제주 123-45,010-6639-8936,운동
4894,신건우,40,천안 덕양구 123-45,010-1426-7798,드로잉
4895,조건우,58,전주 북구 123-45,010-9200-9471,운동
4896,박유진,37,대구 해운대구 123-45,010-2606-2515,음악감상
4897,박민수,20,청주 강남구 123-45,010-4926-9764,독서
4898,한유진,35,평택 중구 123-45,010-5471-1746,자전거 타기
4899,오도윤,65,포항 강서구 123-45,010-7848-8736,뜨개질
4900,서지후,41,서울 강남구 123-45,010-1785-1741,자전거 타기
4901,오지원,46,포항 송파구 123-45,010-4818-1908,뜨개질
4902,강하은,43,용인 동구 123-45,010-8841-3165,카페 투어
4903,서예린,63,화성 수성구 123-45,010-9457-6729,등산
4904,강서준,26,천안 기흥구 123-45,010-8942-8729,게임
4905,장유진,78,용인 동구 123-45,010-8098-5512,수영
4906,장소율,27,포항 동구 123-45,010-3338-7453,웹서핑
4907,박서준,52,김해 일산동구 123-45,010-4033-4922,드로잉
4908,임지후,43,성남 신제주 123-45,010-5716-5055,드로잉
4909,윤태윤,42,고양 중구 123-45,010-8461-3376,수영
4910,장지안,36,화성 흥덕구 123-45,010-5441-1058,영화감상
4911,오하은,24,용인 강서구 123-45,010-3730-9906,보드게임
4912,윤지민,78,남양주 신제주 123-45,010-4197-5111,드로잉
4913,서서준,20,수원 북구 123-45,010-8821-7187,음악감상
4914,오하은,74,고양 진해구 123-45,010-8078-1854,여행
4915,윤태윤,70,김해 남구 123-45,010-4755-8931,보드게임
4916,강수빈,33,고양 북구 123-45,010-7688-3944,사진촬영
4917,임은우,44,수원 중구 123-45,010-5841-7450,드로잉
4918,강은우,33,전주 강남구 123-45,010-6929-6527,음악감상
4919,김유진,59,남양주 서구 123-45,010-1692-4059,게임
4920,김서연,53,안산 덕양구 123-45,010-4941-8188,웹서핑
4921,박건우,52,대구 성동구 123-45,010-6096-2325,사진촬영
4922,서지후,32,제주 분당구 123-45,010-4354-1423,웹서핑
4923,서태윤,39,화성 덕양구 123-45,010-4108-8243,게임
4924,최예린,22,남양주 송파구 123-45,010-5461-5129,게임
4925,윤하윤,54,남양주 분당구 123-45,010-9916-1556,자전거 타기
4926,김태윤,65,안양 해운대구 123-45,010-2929-8236,음악감상
4927,조민수,38,천안 덕진구 123-45,010-6325-9323,음악감상
4928,장서연,56,전주 달서구 123-45,010-4894-5872,여행
4929,임민수,72,부산 중구 123-45,010-6308-4543,뜨개질
4930,장예린,34,안양 덕양구 123-45,010-2215-5551,여행
4931,정시우,32,김해 일산동구 123-45,010-3574-6722,수영
4932,이은우,79,화성 송파구 123-45,010-1641-2177,보드게임
4933,강민수,44,화성 유성구 123-45,010-5728-4269,일기 쓰기
4934,윤도윤,32,포항 북구 123-45,010-2682-4767,등산
4935,최서연,28,대구 강남구 123-45,010-6071-7521,일기 쓰기
4936,최서연,66,화성 해운대구 123-45,010-9086-3155,유튜브 보기
4937,신민수,31,천안 남구 123-45,010-5920-4608,일기 쓰기
4938,신수빈,63,남양주 분당구 123-45,010-4323-9478,카페 투어
4939,윤도윤,36,서울 덕양구 123-45,010-6248-6617,운동
4940,오소율,34,남양주 덕양구 123-45,010-5526-1808,보드게임
4941,박건우,64,대전 진해구 123-45,010-6236-5550,음악감상
4942,정지후,26,세종 강서구 123-45,010-2275-8554,등산
4943,신현우,42,안양 서북구 123-45,010-6450-6560,일기 쓰기
4944,임유진,59,용인 신제주 123-45,010-2239-8486,자전거 타기
4945,박서연,65,포항 진해구 123-45,010-2317-6440,독서
4946,서서연,63,안양 일산동구 123-45,010-5960-1060,웹서핑
4947,최하은,27,대전 신제주 123-45,010-5307-9254,수영
4948,이태윤,69,고양 기흥구 123-45,010-7491-5894,일기 쓰기
4949,신유진,36,고양 강남구 123-45,010-8713-5973,여행
4950,이태윤,60,청주 팔달구 123-45,010-1948-3412,여행
4951,최도윤,62,안양 기흥구 123-45,010-5596-3725,뜨개질
4952,윤예린,76,울산 강남구 123-45,010-6688-8856,유튜브 보기
4953,박하윤,74,대전 유성구 123-45,010-3497-1503,보드게임
4954,임하윤,26,창원 덕양구 123-45,010-6557-1842,요리
4955,정건우,21,제주 달서구 123-45,010-9613-7884,카페 투어
4956,최도윤,31,성남 일산동구 123-45,010-8528-3851,웹서핑
4957,임은우,27,안산 동구 123-45,010-8118-7732,여행
4958,한건우,45,제주 기흥구 123-45,010-6789-5005,등산
4959,이지후,50,서울 해운대구 123-45,010-2567-6226,보드게임
4960,서예린,32,화성 동구 123-45,010-4617-6945,드로잉
4961,임하은,75,김해 성북구 123-45,010-1078-2717,보드게임
4962,윤지안,61,고양 강남구 123-45,010-1395-6143,수영
4963,장서준,54,제주 강남구 123-45,010-5880-6368,일기 쓰기
4964,김서연,33,고양 장유동 123-45,010-1549-3320,일기 쓰기
4965,정예린,61,고양 해운대구 123-45,010-4259-2402,독서
4966,김은우,69,포항 서구 123-45,010-4806-6150,드로잉
4967,박서연,57,성남 신제주 123-45,010-7730-3046,요리
4968,한소율,35,인천 북구 123-45,010-9363-1281,요리
4969,오건우,27,용인 서구 123-45,010-3059-4083,독서
4970,김예은,38,수원 진해구 123-45,010-7904-2739,영화감상
4971,임지민,47,안산 강서구 123-45,010-6203-4419,웹서핑
4972,김지민,33,남양주 분당구 123-45,010-2315-5252,요리
4973,김민수,27,남양주 북구 123-45,010-1792-6944,보드게임
4974,한민수,29,안양 팔달구 123-45,010-4320-1278,게임
4975,신도윤,36,대구 서북구 123-45,010-5373-7161,운동
4976,조은우,61,전주 수성구 123-45,010-3109-1009,요리
4977,오소율,66,부산 성동구 123-45,010-1057-3752,사진촬영
4978,서도윤,32,인천 달서구 123-45,010-9134-3254,운동
4979,강하윤,35,대전 분당구 123-45,010-9527-5902,웹서핑
4980,이지민,33,울산 강서구 123-45,010-4433-3215,자전거 타기
4981,한수빈,68,세종 강남구 123-45,010-3061-7164,뜨개질
4982,한지안,71,화성 강서구 123-45,010-2338-6973,수영
4983,박은우,29,울산 송파구 123-45,010-5169-1091,일기 쓰기
4984,신시우,31,대전 북구 123-45,010-2423-4656,영화감상
4985,이수빈,24,천안 일산동구 123-45,010-3070-4724,게임
4986,신지원,76,청주 강남구 123-45,010-1980-2929,보드게임
4987,조서연,34,안양 송파구 123-45,010-6715-7296,게임
4988,윤유진,52,청주 덕양구 123-45,010-8199-9698,음악감상
4989,강수빈,72,대전 덕양구 123-45,010-3723-7792,보드게임
4990,한서연,49,전주 흥덕구 123-45,010-9716-2899,여행
4991,임건우,58,서울 팔달구 123-45,010-1100-1741,자전거 타기
4992,정수빈,47,대구 팔달구 123-45,010-1025-3366,드로잉
4993,임민수,46,울산 서북구 123-45,010-9716-8384,여행
4994,윤유진,55,대구 강서구 123-45,010-5490-7619,운동
4995,이도윤,29,부산 강남구 123-45,010-5710-9234,뜨개질
4996,강지원,39,수원 흥덕구 123-45,010-7221-6035,일기 쓰기
4997,조서연,71,부산 신제주 123-45,010-9353-3635,일기 쓰기
4998,이유진,34,대구 덕진구 123-45,010-6159-5640,드로잉
4999,조지원,54,포항 흥덕구 123-45,010-5376-8934,일기 쓰기
5000,정시우,75,광주 중구 123-45,010-6484-1435,드로잉
5001,정예은,31,남양주 기흥구 123-45,010-1994-2267,웹서핑
5002,한은우,30,화성 일산동구 123-45,010-4329-6100,운동
5003,최지원,42,성남 기흥구 123-45,010-6379-5658,일기 쓰기
5004,박하은,49,서울 해운대구 123-45,010-5028-7948,영화감상
5005,한서준,66,성남 동구 123-45,010-3375-5886,카페 투어
5006,박예은,59,남양주 흥덕구 123-45,010-5058-7093,독서
5007,이시우,22,인천 송파구 123-45,010-2981-3574,뜨개질
5008,강도윤,47,광주 유성구 123-45,010-6750-4776,유튜브 보기
5009,윤서연,47,서울 수성구 123-45,010-7520-8989,일기 쓰기
5010,조지후,40,제주 해운대구 123-45,010-5312-9996,요리
5011,윤수빈,51,부산 해운대구 123-45,010-1895-6202,카페 투어
5012,서건우,53,전주 덕진구 123-45,010-6763-5773,여행
5013,오지민,35,수원 달서구 123-45,010-3598-2887,음악감상
5014,임유진,31,안양 일산동구 123-45,010-7348-5841,일기 쓰기
5015,신현우,28,대전 강남구 123-45,010-3585-9950,드로잉
5016,서시우,61,서울 동구 123-45,010-3626-6147,자전거 타기
5017,김은우,55,김해 남구 123-45,010-7295-1318,요리
5018,서수빈,34,남양주 덕양구 123-45,010-5335-8780,사진촬영
5019,임예린,36,대전 팔달구 123-45,010-6892-7345,수영
5020,서은우,42,대구 서북구 123-45,010-7650-6228,등산
5021,서도윤,24,안산 달서구 123-45,010-8212-2600,카페 투어
5022,서도윤,26,서울 중구 123-45,010-8424-5317,유튜브 보기
5023,박민수,70,안산 송파구 123-45,010-6942-2500,카페 투어
5024,박지안,35,대구 달서구 123-45,010-8829-2462,영화감상
5025,강하윤,69,제주 중구 123-45,010-1934-4406,카페 투어
5026,임태윤,58,창원 수성구 123-45,010-5446-5075,운동
5027,조은우,75,세종 성북구 123-45,010-2313-7183,카페 투어
5028,오지원,45,대구 유성구 123-45,010-6370-8651,일기 쓰기
5029,정소율,21,청주 북구 123-45,010-2259-3064,유튜브 보기
5030,박민수,72,대구 중구 123-45,010-5987-1567,사진촬영
5031,박민수,27,포항 강서구 123-45,010-1491-8746,보드게임
5032,이현우,76,부산 송파구 123-45,010-2928-1249,영화감상
5033,조소율,51,대구 성북구 123-45,010-8437-3254,게임
5034,최서연,46,창원 유성구 123-45,010-8310-5657,웹서핑
5035,김서준,30,천안 강남구 123-45,010-3486-2197,카페 투어
5036,김태윤,52,수원 유성구 123-45,010-3913-1761,사진촬영
5037,한소율,76,성남 송파구 123-45,010-1930-9008,자전거 타기
5038,서지원,21,고양 달서구 123-45,010-7663-9561,웹서핑
5039,이은우,23,김해 진해구 123-45,010-4984-3127,뜨개질
5040,장태윤,24,울산 동구 123-45,010-6644-2650,여행
5041,이지민,76,용인 장유동 123-45,010-9420-8245,게임
5042,윤예은,61,화성 서북구 123-45,010-5974-7382,카페 투어
5043,이예은,48,고양 진해구 123-45,010-2891-2018,뜨개질
5044,임시우,77,용인 송파구 123-45,010-8657-8662,자전거 타기
5045,강하은,59,천안 강서구 123-45,010-3802-6238,운동
5046,한지후,66,전주 중구 123-45,010-7923-1578,영화감상
5047,장지후,67,제주 신제주 123-45,010-3326-9932,드로잉
5048,조수빈,64,제주 수성구 123-45,010-7008-1963,뜨개질
5049,이도윤,37,부산 해운대구 123-45,010-3884-1147,게임
5050,오하윤,28,김해 일산동구 123-45,010-1102-5491,유튜브 보기
5051,서시우,41,대구 서구 123-45,010-6857-9590,드로잉
5052,장도윤,23,용인 강서구 123-45,010-6129-3306,카페 투어
5053,한예은,73,남양주 중구 123-45,010-3530-2716,보드게임
5054,김서연,58,제주 일산동구 123-45,010-8623-4818,등산
5055,박예은,34,인천 강서구 123-45,010-2036-1064,요리
5056,서시우,34,화성 진해구 123-45,010-6741-2563,등산
5057,박민수,24,안양 강서구 123-45,010-7212-1345,독서
5058,한하윤,61,김해 유성구 123-45,010-3742-2607,유튜브 보기
5059,장유진,46,김해 팔달구 123-45,010-7863-4313,게임
5060,서도윤,67,김해 흥덕구 123-45,010-1474-3030,운동
5061,신서연,46,인천 일산동구 123-45,010-9922-4785,여행
5062,이서연,77,울산 송파구 123-45,010-4236-6330,요리
5063,조하은,52,광주 기흥구 123-45,010-1786-3346,드로잉
5064,김시우,44,성남 흥덕구 123-45,010-1177-5515,음악감상
5065,서현우,35,광주 강남구 123-45,010-6868-5374,여행
5066,강지원,50,포항 강남구 123-45,010-7559-8738,여행
5067,강지원,25,청주 서북구 123-45,010-3237-7132,카페 투어
5068,조예은,43,용인 달서구 123-45,010-7914-5553,카페 투어
5069,임지후,23,전주 장유동 123-45,010-8938-8870,여행
5070,임유진,36,평택 달서구 123-45,010-2384-9544,영화감상
5071,조소율,57,대구 일산동구 123-45,010-8096-6685,웹서핑
5072,박현우,78,청주 수성구 123-45,010-2734-1961,웹서핑
5073,오태윤,50,성남 송파구 123-45,010-6004-8850,사진촬영
5074,임서준,26,김해 신제주 123-45,010-4600-8509,여행
5075,장건우,24,대전 팔달구 123-45,010-3459-3909,등산
5076,오하은,78,광주 달서구 123-45,010-6131-1211,음악감상
5077,정지안,51,전주 분당구 123-45,010-3618-6545,영화감상
5078,최건우,73,안양 성북구 123-45,010-6541-4047,뜨개질
5079,최지민,50,전주 남구 123-45,010-6870-8366,보드게임
5080,장유진,38,성남 강남구 123-45,010-9283-2663,웹서핑
5081,조하은,63,광주 수성구 123-45,010-1085-2541,일기 쓰기
5082,최예린,65,고양 진해구 123-45,010-9761-6158,수영
5083,정예린,59,안산 덕양구 123-45,010-9090-2663,웹서핑
5084,김지안,56,고양 장유동 123-45,010-9349-2493,수영
5085,정서준,62,청주 장유동 123-45,010-4387-5772,수영
5086,서태윤,34,대구 수성구 123-45,010-3795-5500,음악감상
5087,장건우,42,화성 분당구 123-45,010-6861-4063,유튜브 보기
5088,박서준,46,울산 동구 123-45,010-9472-1300,사진촬영
5089,정서준,48,청주 장유동 123-45,010-4261-5831,운동
5090,강은우,36,전주 동구 123-45,010-2858-4311,보드게임
5091,한하윤,60,포항 일산동구 123-45,010-9377-7951,요리
5092,강건우,61,인천 성북구 123-45,010-1478-8734,운동
5093,윤민수,44,화성 수성구 123-45,010-4588-3894,독서
5094,신시우,66,울산 덕양구 123-45,010-9152-6720,요리
5095,서하은,25,광주 덕양구 123-45,010-5508-5831,게임
5096,조현우,65,창원 송파구 123-45,010-4406-2865,유튜브 보기
5097,장서연,76,성남 장유동 123-45,010-2999-9489,웹서핑
5098,정민수,42,부산 분당구 123-45,010-4556-7207,뜨개질
5099,최현우,45,포항 북구 123-45,010-4880-9790,게임
5100,임수빈,38,인천 송파구 123-45,010-7280-2885,영화감상
5101,윤시우,34,화성 송파구 123-45,010-3109-9568,음악감상
5102,신지원,74,세종 신제주 123-45,010-3934-2140,요리
5103,최민수,71,창원 강서구 123-45,010-2563-3574,수영
5104,김수빈,27,전주 달서구 123-45,010-9036-6804,웹서핑
5105,박서준,43,광주 달서구 123-45,010-9448-2666,독서
5106,정유진,35,김해 덕양구 123-45,010-1134-8471,사진촬영
5107,정지안,57,남양주 수성구 123-45,010-6079-9509,영화감상
5108,박은우,46,수원 동구 123-45,010-2362-2285,보드게임
5109,윤지원,27,안산 송파구 123-45,010-5527-7904,뜨개질
5110,조현우,77,대전 성북구 123-45,010-8916-2575,운동
5111,정건우,53,서울 분당구 123-45,010-1931-3580,독서
5112,조지민,77,성남 장유동 123-45,010-7162-5879,등산
5113,서유진,29,광주 흥덕구 123-45,010-7841-9594,등산
5114,한지안,59,전주 서구 123-45,010-1024-5877,영화감상
5115,오예린,60,서울 남구 123-45,010-1303-6123,유튜브 보기
5116,조소율,53,성남 송파구 123-45,010-5020-1419,유튜브 보기
5117,정서연,67,화성 수성구 123-45,010-1032-1096,여행
5118,서지원,39,고양 성동구 123-45,010-5418-2457,사진촬영
5119,박지안,34,전주 남구 123-45,010-9131-4058,요리
5120,윤하은,26,성남 덕진구 123-45,010-1504-3465,음악감상
5121,장지민,43,부산 송파구 123-45,010-7795-1426,여행
5122,임태윤,43,수원 장유동 123-45,010-8506-2747,일기 쓰기
5123,조태윤,22,김해 흥덕구 123-45,010-1031-9961,일기 쓰기
5124,조하윤,51,평택 성북구 123-45,010-5630-8625,뜨개질
5125,김지후,22,울산 송파구 123-45,010-7434-7719,게임
5126,서지민,56,평택 기흥구 123-45,010-5913-6835,요리
5127,조수빈,22,부산 북구 123-45,010-6835-8759,운동
5128,강유진,34,김해 장유동 123-45,010-8631-6394,뜨개질
5129,최지원,52,안산 유성구 123-45,010-8309-1697,독서
5130,조하윤,62,제주 성북구 123-45,010-8245-2624,웹서핑
5131,오은우,52,전주 장유동 123-45,010-2591-5269,사진촬영
5132,이소율,53,세종 성북구 123-45,010-1953-3622,유튜브 보기
5133,이서연,56,인천 북구 123-45,010-8156-2966,일기 쓰기
5134,신유진,76,수원 분당구 123-45,010-5791-3676,일기 쓰기
5135,신지안,21,김해 일산동구 123-45,010-9563-1123,수영
5136,강은우,77,안양 강서구 123-45,010-1725-3275,수영
5137,정도윤,72,안산 강남구 123-45,010-1000-6023,수영
5138,강하윤,28,안양 진해구 123-45,010-7056-2365,운동
5139,이지민,41,부산 신제주 123-45,010-7463-8145,운동
5140,윤민수,22,김해 덕양구 123-45,010-2364-6978,자전거 타기
5141,박건우,46,남양주 유성구 123-45,010-3007-2179,일기 쓰기
5142,한수빈,76,안산 흥덕구 123-45,010-2758-1260,등산
5143,이유진,24,포항 중구 123-45,010-3220-2207,음악감상
5144,장소율,67,대전 해운대구 123-45,010-8892-4171,게임
5145,윤서연,55,창원 서구 123-45,010-2866-8404,등산
5146,임건우,69,화성 중구 123-45,010-1835-2977,요리
5147,임예린,37,고양 일산동구 123-45,010-3976-2836,드로잉
5148,이건우,66,수원 유성구 123-45,010-4623-4182,게임
5149,이예린,27,안양 흥덕구 123-45,010-8178-1784,음악감상
5150,한서연,79,안양 흥덕구 123-45,010-4438-8787,영화감상
5151,서예은,34,김해 장유동 123-45,010-2324-5145,유튜브 보기
5152,신지후,57,용인 해운대구 123-45,010-6548-3458,독서
5153,신유진,26,평택 팔달구 123-45,010-2293-3760,보드게임
5154,임민수,54,천안 장유동 123-45,010-2630-1315,독서
5155,이지후,69,세종 성북구 123-45,010-9073-8670,사진촬영
5156,신지안,37,천안 분당구 123-45,010-1642-6800,드로잉
5157,임지원,56,김해 성북구 123-45,010-5477-8124,뜨개질
5158,신지안,53,성남 덕진구 123-45,010-8533-4306,등산
5159,한유진,59,부산 신제주 123-45,010-5013-9763,등산
5160,이건우,78,울산 성동구 123-45,010-4795-8664,등산
5161,한시우,48,김해 분당구 123-45,010-4744-7324,여행
5162,임수빈,41,평택 남구 123-45,010-8874-1622,일기 쓰기
5163,정현우,48,부산 일산동구 123-45,010-1386-6664,웹서핑
5164,서민수,52,전주 달서구 123-45,010-6646-6090,수영
5165,이하은,55,안산 성북구 123-45,010-5328-5392,영화감상
5166,윤건우,67,대전 팔달구 123-45,010-4669-6015,유튜브 보기
5167,조건우,43,포항 서북구 123-45,010-1343-5964,일기 쓰기
5168,한시우,62,화성 서북구 123-45,010-7051-4470,보드게임
5169,장지민,33,울산 기흥구 123-45,010-4372-5015,게임
5170,임지안,20,용인 남구 123-45,010-1078-3287,드로잉
5171,임수빈,62,부산 덕진구 123-45,010-1091-3913,수영
5172,이예은,58,남양주 신제주 123-45,010-9314-7851,독서
5173,임지원,74,성남 덕양구 123-45,010-1771-8930,드로잉
5174,신예린,43,천안 흥덕구 123-45,010-5317-4196,독서
5175,서현우,39,김해 서북구 123-45,010-4216-5805,영화감상
5176,윤현우,26,청주 달서구 123-45,010-5419-1635,자전거 타기
5177,박민수,54,포항 강서구 123-45,010-3407-3065,수영
5178,윤소율,51,대구 성동구 123-45,010-2442-7320,일기 쓰기
5179,박지후,23,전주 흥덕구 123-45,010-8053-9129,게임
5180,신하윤,75,평택 해운대구 123-45,010-4870-3340,사진촬영
5181,이현우,36,화성 성북구 123-45,010-4535-6164,보드게임
5182,정서연,51,용인 유성구 123-45,010-3333-1585,등산
5183,서도윤,50,부산 동구 123-45,010-4386-8189,음악감상
5184,신소율,29,포항 서북구 123-45,010-9083-6071,독서
5185,윤서준,65,세종 수성구 123-45,010-2467-8627,운동
5186,오예은,68,울산 기흥구 123-45,010-8246-4808,운동
5187,강하은,35,김해 기흥구 123-45,010-3215-4944,등산
5188,강하윤,43,안산 달서구 123-45,010-7459-7356,운동
5189,정소율,49,수원 진해구 123-45,010-1891-3437,수영
5190,장도윤,74,화성 수성구 123-45,010-2190-9692,요리
5191,오지민,32,전주 진해구 123-45,010-5756-7171,음악감상
5192,박유진,43,세종 송파구 123-45,010-7612-7306,자전거 타기
5193,강서준,20,안산 분당구 123-45,010-9551-3468,보드게임
5194,정지민,65,수원 해운대구 123-45,010-6387-2527,수영
5195,박지후,55,창원 송파구 123-45,010-4441-9071,운동
5196,장도윤,35,평택 팔달구 123-45,010-2607-5387,사진촬영
5197,신현우,46,제주 흥덕구 123-45,010-6799-8710,자전거 타기
5198,신유진,61,울산 남구 123-45,010-9510-1719,영화감상
5199,오예린,25,서울 달서구 123-45,010-7382-7426,여행
5200,한도윤,52,안양 기흥구 123-45,010-3725-5485,등산
5201,조지원,62,안양 동구 123-45,010-7275-3740,웹서핑
5202,이서연,29,세종 덕양구 123-45,010-9448-6333,자전거 타기
5203,김예은,66,대전 남구 123-45,010-1675-4140,음악감상
5204,서유진,66,전주 중구 123-45,010-7692-2537,드로잉
5205,한예린,66,용인 송파구 123-45,010-4300-2021,자전거 타기
5206,서도윤,39,인천 북구 123-45,010-1767-3249,독서
5207,윤시우,54,창원 송파구 123-45,010-1633-6239,드로잉
5208,윤하윤,28,세종 분당구 123-45,010-8222-8135,수영
5209,장수빈,24,인천 동구 123-45,010-3640-6675,수영
5210,서지안,29,용인 해운대구 123-45,010-8557-8235,보드게임
5211,한소율,32,제주 덕양구 123-45,010-7014-7866,보드게임
5212,한유진,20,세종 남구 123-45,010-2473-2990,음악감상
5213,이도윤,41,대전 분당구 123-45,010-4816-6100,자전거 타기
5214,조도윤,39,화성 유성구 123-45,010-7816-6178,자전거 타기
5215,김현우,46,안양 달서구 123-45,010-8796-2516,보드게임
5216,최하은,76,포항 중구 123-45,010-5823-8936,보드게임
5217,최지민,48,포항 강남구 123-45,010-5029-4657,웹서핑
5218,서지원,51,안양 수성구 123-45,010-1530-1856,웹서핑
5219,김지원,50,제주 중구 123-45,010-7169-6110,보드게임
5220,최현우,25,울산 진해구 123-45,010-4327-8619,사진촬영
5221,장예은,79,인천 덕양구 123-45,010-1693-3522,사진촬영
5222,이은우,76,남양주 수성구 123-45,010-4130-5859,수영
5223,정예린,69,전주 남구 123-45,010-2543-5080,드로잉
5224,서예린,55,광주 장유동 123-45,010-7329-3880,영화감상
5225,신하은,36,김해 일산동구 123-45,010-4674-8991,요리
5226,최은우,29,대구 수성구 123-45,010-9032-3668,사진촬영
5227,임민수,31,인천 팔달구 123-45,010-5236-7585,게임
5228,서은우,34,부산 서구 123-45,010-4548-2375,보드게임
5229,정지민,36,포항 유성구 123-45,010-2818-5480,자전거 타기
5230,윤지원,67,성남 중구 123-45,010-1564-3187,요리
5231,윤예은,59,대전 진해구 123-45,010-3858-3835,게임
5232,오하은,70,전주 남구 123-45,010-6458-4648,일기 쓰기
5233,조서준,47,포항 성동구 123-45,010-3191-6292,사진촬영
5234,이건우,78,화성 중구 123-45,010-8342-9831,자전거 타기
5235,한도윤,63,천안 북구 123-45,010-5928-9692,요리
5236,이도윤,54,인천 장유동 123-45,010-8978-1594,웹서핑
5237,박은우,37,서울 달서구 123-45,010-1536-3548,웹서핑
5238,오현우,26,남양주 흥덕구 123-45,010-6126-8978,사진촬영
5239,정하윤,25,성남 일산동구 123-45,010-1181-1837,음악감상
5240,정민수,31,화성 강서구 123-45,010-5012-9767,웹서핑
5241,이은우,58,인천 장유동 123-45,010-8581-8560,요리
5242,정지후,70,제주 유성구 123-45,010-7892-6586,웹서핑
5243,이수빈,66,안양 기흥구 123-45,010-3339-6374,음악감상
5244,한예은,37,고양 덕진구 123-45,010-8913-9765,요리
5245,오예은,57,포항 중구 123-45,010-2502-5688,영화감상
5246,오지원,44,청주 강서구 123-45,010-2368-2200,드로잉
5247,장은우,30,광주 북구 123-45,010-9033-6991,보드게임
5248,오서연,36,인천 신제주 123-45,010-5711-4613,드로잉
5249,오수빈,68,안양 신제주 123-45,010-3459-4948,수영
5250,한수빈,70,천안 장유동 123-45,010-2962-3020,영화감상
5251,오지후,68,부산 강남구 123-45,010-5415-1496,운동
5252,이수빈,51,청주 달서구 123-45,010-6959-2454,드로잉
5253,이지안,25,대구 기흥구 123-45,010-8060-6707,일기 쓰기
5254,정유진,21,김해 진해구 123-45,010-2066-3365,음악감상
5255,이예린,66,안산 남구 123-45,010-4317-7584,수영
5256,이지안,72,대전 서구 123-45,010-3889-8250,일기 쓰기
5257,한태윤,52,평택 성북구 123-45,010-1593-4223,뜨개질
5258,오예은,61,고양 남구 123-45,010-1985-2677,보드게임
5259,임예린,42,평택 일산동구 123-45,010-3019-6304,보드게임
5260,신지민,49,천안 달서구 123-45,010-3414-4383,독서
5261,장서준,51,안산 덕진구 123-45,010-8098-5566,일기 쓰기
5262,임수빈,41,용인 강서구 123-45,010-1309-6210,보드게임
5263,조소율,25,세종 강남구 123-45,010-4785-5056,사진촬영
5264,임민수,63,청주 북구 123-45,010-2964-2823,게임
5265,신지안,73,화성 수성구 123-45,010-6831-2001,음악감상
5266,장은우,47,고양 분당구 123-45,010-6008-5645,뜨개질
5267,오하윤,75,부산 해운대구 123-45,010-4096-9896,여행
5268,조서준,38,용인 진해구 123-45,010-9885-2656,운동
5269,신소율,57,대구 일산동구 123-45,010-4960-8607,보드게임
5270,김서준,73,용인 동구 123-45,010-3568-4246,드로잉
5271,윤서연,28,수원 분당구 123-45,010-2110-5696,유튜브 보기
5272,최도윤,42,김해 덕진구 123-45,010-7271-8090,뜨개질
5273,김도윤,36,포항 남구 123-45,010-9174-3818,운동
5274,오유진,20,제주 남구 123-45,010-2927-3933,영화감상
5275,윤소율,27,대전 송파구 123-45,010-2740-8751,음악감상
5276,서하윤,22,전주 해운대구 123-45,010-2900-7223,보드게임
5277,김현우,34,대전 서구 123-45,010-9071-3256,카페 투어
5278,조지원,20,세종 동구 123-45,010-1699-3442,음악감상
5279,김도윤,78,포항 팔달구 123-45,010-1811-5174,여행
5280,최소율,43,안산 강남구 123-45,010-4762-8734,요리
5281,한서준,71,대전 팔달구 123-45,010-9236-2058,수영
5282,임은우,29,인천 서구 123-45,010-2790-5932,영화감상
5283,신유진,55,포항 성동구 123-45,010-3665-6733,자전거 타기
5284,서수빈,25,포항 성동구 123-45,010-3067-5190,게임
5285,강예린,30,화성 분당구 123-45,010-5470-8088,드로잉
5286,조현우,30,부산 기흥구 123-45,010-1711-5612,여행
5287,김시우,47,용인 송파구 123-45,010-4560-9780,드로잉
5288,장지후,56,평택 덕양구 123-45,010-3006-6512,웹서핑
5289,임시우,25,수원 남구 123-45,010-6019-5490,일기 쓰기
5290,박건우,73,용인 서구 123-45,010-8262-4346,영화감상
5291,서도윤,53,대전 남구 123-45,010-9966-3555,영화감상
5292,조서준,44,천안 성동구 123-45,010-1683-6508,일기 쓰기
5293,박지후,38,청주 달서구 123-45,010-7117-4064,음악감상
5294,윤지원,60,창원 송파구 123-45,010-2923-2654,웹서핑
5295,임민수,67,청주 신제주 123-45,010-4341-6185,독서
5296,이유진,49,포항 신제주 123-45,010-4722-7337,유튜브 보기
5297,조지후,26,김해 일산동구 123-45,010-5907-6497,음악감상
5298,한시우,20,김해 일산동구 123-45,010-2390-1103,유튜브 보기
5299,신유진,59,부산 달서구 123-45,010-8356-5616,일기 쓰기
5300,서건우,34,서울 수성구 123-45,010-7123-7281,요리
5301,정소율,29,세종 덕양구 123-45,010-8053-6526,드로잉
5302,조예린,24,대전 유성구 123-45,010-2343-2151,운동
5303,강지민,79,용인 강서구 123-45,010-4362-9678,독서
5304,장서연,76,서울 기흥구 123-45,010-5942-9738,웹서핑
5305,한민수,34,울산 달서구 123-45,010-2130-2311,자전거 타기
5306,서태윤,58,청주 일산동구 123-45,010-2606-6908,일기 쓰기
5307,서소율,61,평택 기흥구 123-45,010-1929-1092,드로잉
5308,오수빈,59,서울 분당구 123-45,010-8147-5229,일기 쓰기
5309,박서연,63,포항 수성구 123-45,010-6468-2900,게임
5310,조건우,60,전주 흥덕구 123-45,010-8291-4303,웹서핑
5311,김지안,25,포항 중구 123-45,010-1840-6930,독서
5312,윤하윤,47,세종 덕진구 123-45,010-6154-4858,여행
5313,박수빈,74,부산 북구 123-45,010-4306-2621,웹서핑
5314,조하은,48,안양 강서구 123-45,010-4190-3152,운동
5315,강하윤,69,김해 유성구 123-45,010-7631-5383,자전거 타기
5316,조지민,76,대전 성동구 123-45,010-4131-2921,카페 투어
5317,이태윤,60,남양주 흥덕구 123-45,010-5404-2761,영화감상
5318,정지원,68,남양주 성북구 123-45,010-5543-8391,영화감상
5319,조태윤,20,창원 일산동구 123-45,010-8982-9996,뜨개질
5320,최현우,69,인천 송파구 123-45,010-3927-5994,독서
5321,신소율,29,대구 장유동 123-45,010-2434-4658,음악감상
5322,서태윤,56,고양 덕양구 123-45,010-9807-3075,운동
5323,정소율,73,청주 성동구 123-45,010-7325-9202,카페 투어
5324,한민수,27,서울 달서구 123-45,010-7604-3844,카페 투어
5325,정태윤,65,서울 성북구 123-45,010-8820-5070,자전거 타기
5326,윤지민,26,김해 성동구 123-45,010-5652-5614,뜨개질
5327,임하윤,73,화성 덕진구 123-45,010-1773-5551,뜨개질
5328,윤지후,50,남양주 북구 123-45,010-8444-4288,게임
5329,장민수,43,포항 흥덕구 123-45,010-2899-6574,운동
5330,신유진,73,안양 팔달구 123-45,010-5736-9302,드로잉
5331,김시우,32,대전 유성구 123-45,010-8956-7411,드로잉
5332,최지후,50,수원 서구 123-45,010-3173-7334,운동
5333,윤서준,20,서울 강서구 123-45,010-1757-1401,보드게임
5334,박태윤,68,평택 진해구 123-45,010-2393-1020,유튜브 보기
5335,윤건우,66,부산 북구 123-45,010-4651-3112,보드게임
5336,오지원,39,안산 해운대구 123-45,010-9273-4038,여행
5337,신소율,76,대구 강남구 123-45,010-7931-8137,게임
5338,서은우,28,청주 성동구 123-45,010-6177-8071,뜨개질
5339,장지민,46,인천 진해구 123-45,010-6618-5493,독서
5340,윤예은,28,화성 수성구 123-45,010-9134-5344,사진촬영
5341,김수빈,75,대전 강서구 123-45,010-9406-8716,수영
5342,최도윤,45,부산 신제주 123-45,010-9854-9577,운동
5343,강지후,61,평택 강남구 123-45,010-2602-7353,웹서핑
5344,강태윤,71,제주 분당구 123-45,010-9134-2851,여행
5345,서지민,25,대구 진해구 123-45,010-9148-4963,웹서핑
5346,오소율,38,김해 남구 123-45,010-6410-7776,유튜브 보기
5347,서지원,24,전주 유성구 123-45,010-1793-7309,독서
5348,오지민,38,서울 장유동 123-45,010-6864-8745,음악감상
5349,박서준,54,서울 북구 123-45,010-4575-3822,등산
5350,조예은,29,천안 성동구 123-45,010-4508-3565,음악감상
5351,김서연,61,수원 강남구 123-45,010-2065-9097,수영
5352,한소율,66,수원 서구 123-45,010-6595-7560,등산
5353,서현우,21,포항 기흥구 123-45,010-2317-5821,독서
5354,신도윤,44,광주 진해구 123-45,010-3332-3656,수영
5355,신서연,56,제주 유성구 123-45,010-4040-3572,독서
5356,강도윤,22,수원 중구 123-45,010-6353-3721,요리
5357,임서연,43,수원 강서구 123-45,010-6688-6912,보드게임
5358,서건우,60,울산 해운대구 123-45,010-2978-4417,여행
5359,오건우,67,용인 유성구 123-45,010-2792-1480,드로잉
5360,최서연,68,제주 서북구 123-45,010-1841-3539,보드게임
5361,정예은,20,평택 일산동구 123-45,010-3518-5630,사진촬영
5362,신하윤,33,인천 기흥구 123-45,010-3757-7336,보드게임
5363,정도윤,60,천안 신제주 123-45,010-2608-3915,음악감상
5364,임하윤,50,대전 동구 123-45,010-9515-1144,뜨개질
5365,오민수,48,남양주 서구 123-45,010-3321-3096,독서
5366,최지원,39,광주 진해구 123-45,010-2968-1716,음악감상
5367,강은우,73,안양 유성구 123-45,010-5456-2326,사진촬영
5368,김서연,57,대구 중구 123-45,010-4975-7318,일기 쓰기
5369,강예은,51,평택 강남구 123-45,010-5288-4854,독서
5370,윤민수,66,창원 분당구 123-45,010-1352-5054,뜨개질
5371,정수빈,60,수원 성북구 123-45,010-7056-8049,웹서핑
5372,장도윤,21,세종 덕진구 123-45,010-8341-5198,일기 쓰기
5373,강민수,44,창원 일산동구 123-45,010-8131-6800,음악감상
5374,이서연,49,수원 서북구 123-45,010-3102-2126,여행
5375,김건우,37,평택 북구 123-45,010-6575-1540,웹서핑
5376,정서준,62,안산 신제주 123-45,010-1414-6808,등산
5377,서수빈,60,포항 성북구 123-45,010-8242-7414,음악감상
5378,한건우,69,용인 신제주 123-45,010-9394-2668,등산
5379,오유진,38,창원 덕양구 123-45,010-9863-1839,음악감상
5380,장지민,48,포항 해운대구 123-45,010-7976-8756,여행
5381,장시우,27,제주 유성구 123-45,010-5461-9599,여행
5382,정현우,50,김해 남구 123-45,010-6852-4232,자전거 타기
5383,이태윤,65,남양주 진해구 123-45,010-4287-5409,독서
5384,윤도윤,78,부산 분당구 123-45,010-4492-9538,게임
5385,오지원,77,김해 성동구 123-45,010-8844-4077,운동
5386,서민수,44,대구 수성구 123-45,010-9317-3721,영화감상
5387,신유진,20,울산 신제주 123-45,010-8360-5531,운동
5388,강은우,37,안산 흥덕구 123-45,010-6179-3769,음악감상
5389,오민수,42,안양 덕양구 123-45,010-3199-1454,음악감상
5390,장수빈,75,제주 동구 123-45,010-7075-5697,사진촬영
5391,최예은,49,천안 서구 123-45,010-9880-6373,영화감상
5392,신건우,73,대전 서북구 123-45,010-2163-6650,뜨개질
5393,정지안,41,고양 북구 123-45,010-1246-8459,수영
5394,이민수,46,포항 유성구 123-45,010-5399-8302,게임
5395,임도윤,41,부산 남구 123-45,010-4024-2455,등산
5396,박시우,50,대전 기흥구 123-45,010-2325-1805,일기 쓰기
5397,박지안,68,화성 달서구 123-45,010-3690-9939,자전거 타기
5398,오하윤,74,성남 송파구 123-45,010-4010-2569,일기 쓰기
5399,이지안,55,성남 일산동구 123-45,010-9256-4953,수영
5400,임은우,28,대전 서구 123-45,010-1994-2442,운동
5401,임건우,41,전주 진해구 123-45,010-5681-2328,유튜브 보기
5402,임지원,60,고양 북구 123-45,010-6075-2650,게임
5403,오하윤,65,고양 동구 123-45,010-3185-3858,유튜브 보기
5404,박민수,30,대전 동구 123-45,010-5713-3121,유튜브 보기
5405,박도윤,45,화성 덕진구 123-45,010-8356-1248,수영
5406,조서연,29,인천 강남구 123-45,010-2745-9816,요리
5407,한소율,73,대전 수성구 123-45,010-7937-5819,드로잉
5408,정민수,46,용인 서북구 123-45,010-6705-6057,자전거 타기
5409,조소율,32,수원 신제주 123-45,010-1532-1836,영화감상
5410,강민수,36,수원 동구 123-45,010-3390-9924,게임
5411,강하은,76,전주 강남구 123-45,010-1553-7836,운동
5412,이은우,62,김해 달서구 123-45,010-4180-7051,수영
5413,최민수,65,안산 수성구 123-45,010-8007-2956,사진촬영
5414,서서연,20,창원 팔달구 123-45,010-9289-5487,일기 쓰기
5415,장하은,50,천안 동구 123-45,010-6594-3029,일기 쓰기
5416,신지민,47,세종 성동구 123-45,010-3329-7023,일기 쓰기
5417,장시우,25,포항 팔달구 123-45,010-9031-6752,일기 쓰기
5418,김하윤,72,광주 신제주 123-45,010-6474-1599,유튜브 보기
5419,서서연,39,부산 성북구 123-45,010-7995-7638,독서
5420,최예린,28,안산 성동구 123-45,010-7024-8781,드로잉
5421,신하윤,69,대전 성북구 123-45,010-4066-5024,일기 쓰기
5422,정지원,69,청주 성북구 123-45,010-4960-5244,게임
5423,신예은,51,성남 성동구 123-45,010-4979-1254,보드게임
5424,이하윤,67,포항 신제주 123-45,010-9353-2253,수영
5425,김은우,47,용인 성동구 123-45,010-1794-3691,자전거 타기
5426,정건우,59,전주 유성구 123-45,010-9909-1528,게임
5427,오민수,49,부산 성동구 123-45,010-6684-1359,드로잉
5428,서하윤,58,대구 수성구 123-45,010-4620-1182,일기 쓰기
5429,조건우,43,청주 흥덕구 123-45,010-5342-2258,뜨개질
5430,정지민,78,광주 팔달구 123-45,010-8000-7673,수영
5431,정지후,74,남양주 강서구 123-45,010-6997-3551,수영
5432,이시우,26,대전 기흥구 123-45,010-5345-2506,유튜브 보기
5433,조민수,47,남양주 서북구 123-45,010-5822-1421,카페 투어
5434,김유진,41,천안 일산동구 123-45,010-1594-4257,유튜브 보기
5435,윤지안,70,전주 팔달구 123-45,010-6486-9247,보드게임
5436,한은우,35,울산 북구 123-45,010-3728-3207,보드게임
5437,신유진,77,서울 덕양구 123-45,010-6794-8388,자전거 타기
5438,조태윤,70,대구 성북구 123-45,010-8033-7206,일기 쓰기
5439,한예은,65,남양주 해운대구 123-45,010-5935-3055,카페 투어
5440,서태윤,29,제주 중구 123-45,010-3721-4694,일기 쓰기
5441,이시우,51,광주 강서구 123-45,010-9498-1327,웹서핑
5442,조은우,67,부산 남구 123-45,010-6342-9873,일기 쓰기
5443,김건우,27,서울 달서구 123-45,010-3112-5630,독서
5444,신예은,36,서울 성북구 123-45,010-3724-1959,자전거 타기
5445,정시우,63,성남 서북구 123-45,010-5694-9221,카페 투어
5446,윤시우,73,안양 유성구 123-45,010-2761-5657,수영
5447,최현우,23,평택 송파구 123-45,010-5697-2822,음악감상
5448,박시우,47,수원 달서구 123-45,010-5586-4113,사진촬영
5449,김유진,70,김해 송파구 123-45,010-6054-8944,보드게임
5450,윤지민,32,안산 동구 123-45,010-6282-4616,독서
5451,한소율,71,서울 진해구 123-45,010-2890-7525,뜨개질
5452,신지민,71,세종 덕진구 123-45,010-8137-7390,여행
5453,오유진,27,부산 신제주 123-45,010-6002-3718,여행
5454,서서준,59,청주 강남구 123-45,010-5578-9692,독서
5455,이지민,73,청주 동구 123-45,010-2803-7524,자전거 타기
5456,강서준,72,천안 남구 123-45,010-7890-9908,여행
5457,임현우,60,대구 흥덕구 123-45,010-1874-1888,독서
5458,박도윤,28,부산 덕양구 123-45,010-4999-2646,웹서핑
5459,박유진,42,천안 덕진구 123-45,010-7300-7259,자전거 타기
5460,최예린,30,용인 진해구 123-45,010-7342-6604,일기 쓰기
5461,박도윤,35,대전 성북구 123-45,010-1758-4685,음악감상
5462,윤은우,41,대구 일산동구 123-45,010-8419-3126,보드게임
5463,최유진,41,안산 팔달구 123-45,010-1157-2217,독서
5464,김은우,69,서울 팔달구 123-45,010-3435-5838,독서
5465,정지민,33,부산 성북구 123-45,010-8191-3695,자전거 타기
5466,윤하윤,63,대전 강서구 123-45,010-2620-2436,사진촬영
5467,한하윤,40,제주 수성구 123-45,010-4671-1312,자전거 타기
5468,최도윤,36,안양 장유동 123-45,010-8099-9553,독서
5469,최하윤,54,울산 덕진구 123-45,010-9155-2084,음악감상
5470,조태윤,58,안양 성동구 123-45,010-9908-4159,웹서핑
5471,서지원,37,수원 강남구 123-45,010-3048-3806,영화감상
5472,정시우,29,창원 달서구 123-45,010-3941-3583,운동
5473,신지후,22,대전 성동구 123-45,010-7619-4213,뜨개질
5474,임도윤,66,포항 중구 123-45,010-2730-6609,뜨개질
5475,신예린,33,전주 중구 123-45,010-5482-5084,카페 투어
5476,박지후,46,대구 유성구 123-45,010-6552-3342,카페 투어
5477,임도윤,28,남양주 남구 123-45,010-1000-2258,웹서핑
5478,장지민,54,광주 동구 123-45,010-1286-5608,영화감상
5479,서하은,68,성남 장유동 123-45,010-6611-6346,웹서핑
5480,이민수,44,대전 일산동구 123-45,010-7974-4903,등산
5481,조지안,38,전주 팔달구 123-45,010-4928-5747,요리
5482,조지민,44,천안 중구 123-45,010-5455-1405,수영
5483,임서연,62,용인 서북구 123-45,010-1293-6751,영화감상
5484,최민수,63,울산 남구 123-45,010-9462-3690,뜨개질
5485,정소율,54,부산 신제주 123-45,010-5717-1632,보드게임
5486,박지원,70,고양 동구 123-45,010-5639-8368,자전거 타기
5487,윤민수,27,김해 분당구 123-45,010-8366-5509,여행
5488,정수빈,38,포항 해운대구 123-45,010-3488-6711,뜨개질
5489,이시우,29,대전 분당구 123-45,010-3966-9680,뜨개질
5490,최예린,29,부산 흥덕구 123-45,010-5381-4216,요리
5491,강지후,34,천안 달서구 123-45,010-2584-3714,뜨개질
5492,장유진,42,포항 장유동 123-45,010-3972-4165,보드게임
5493,정지후,59,평택 흥덕구 123-45,010-1883-6548,등산
5494,한태윤,64,청주 송파구 123-45,010-5209-2023,영화감상
5495,서서연,76,화성 중구 123-45,010-3218-1815,카페 투어
5496,최서준,52,제주 신제주 123-45,010-1282-4302,음악감상
5497,조태윤,23,고양 팔달구 123-45,010-3731-4244,유튜브 보기
5498,윤은우,37,평택 서북구 123-45,010-2635-1283,보드게임
5499,정지안,41,광주 서북구 123-45,010-9220-7916,보드게임
5500,이현우,50,화성 흥덕구 123-45,010-3306-8256,게임
5501,최은우,43,부산 서구 123-45,010-8920-4432,여행
5502,최시우,62,안산 기흥구 123-45,010-1852-4773,게임
5503,강서준,57,서울 성동구 123-45,010-8222-5705,수영
5504,서하은,60,안양 흥덕구 123-45,010-9844-4284,음악감상
5505,한예린,29,대구 달서구 123-45,010-1609-2360,카페 투어
5506,최수빈,49,서울 성동구 123-45,010-7266-7461,사진촬영
5507,윤소율,52,창원 장유동 123-45,010-5376-7758,유튜브 보기
5508,신지후,40,고양 북구 123-45,010-6145-6297,여행
5509,윤유진,30,광주 흥덕구 123-45,010-8638-7395,영화감상
5510,오하은,32,수원 강서구 123-45,010-8038-3667,사진촬영
5511,조수빈,21,세종 성동구 123-45,010-6746-2234,게임
5512,강은우,44,화성 흥덕구 123-45,010-3975-4489,독서
5513,강민수,66,서울 성북구 123-45,010-8831-7027,뜨개질
5514,한예은,63,인천 흥덕구 123-45,010-6472-2526,등산
5515,이지안,38,성남 덕진구 123-45,010-3148-6182,일기 쓰기
5516,정지원,78,대구 강서구 123-45,010-4479-8242,영화감상
5517,박은우,29,남양주 서북구 123-45,010-2460-2862,수영
5518,강서준,48,대구 흥덕구 123-45,010-7625-5367,뜨개질
5519,임지안,33,안산 북구 123-45,010-6846-2538,유튜브 보기
5520,강예린,40,천안 성동구 123-45,010-1858-2526,여행
5521,이하은,38,청주 달서구 123-45,010-8014-1629,자전거 타기
5522,임예은,77,청주 기흥구 123-45,010-7767-1334,일기 쓰기
5523,임서연,42,고양 해운대구 123-45,010-9784-3822,게임
5524,장건우,50,창원 성동구 123-45,010-3454-1195,영화감상
5525,오예은,79,안산 동구 123-45,010-4963-6175,보드게임
5526,최민수,28,고양 분당구 123-45,010-9852-8459,보드게임
5527,신서준,31,광주 유성구 123-45,010-9891-6442,독서
5528,장소율,42,성남 수성구 123-45,010-4597-8457,보드게임
5529,정하윤,70,광주 남구 123-45,010-3924-3934,요리
5530,장수빈,31,대구 덕양구 123-45,010-4814-4894,보드게임
5531,조현우,23,천안 일산동구 123-45,010-2077-9389,유튜브 보기
5532,신지민,31,인천 성북구 123-45,010-9829-6642,웹서핑
5533,조서준,52,포항 분당구 123-45,010-2802-4760,게임
5534,박예은,47,전주 일산동구 123-45,010-1807-7375,독서
5535,서은우,21,안산 유성구 123-45,010-5935-7080,보드게임
5536,서서연,72,광주 유성구 123-45,010-3376-4429,수영
5537,정예은,72,성남 북구 123-45,010-6179-3094,일기 쓰기
5538,서은우,23,천안 덕양구 123-45,010-4430-1061,등산
5539,김민수,22,화성 신제주 123-45,010-5274-5515,수영
5540,윤지후,34,청주 수성구 123-45,010-4981-3385,유튜브 보기
5541,서예은,40,세종 성동구 123-45,010-7321-1728,유튜브 보기
5542,강서연,73,수원 해운대구 123-45,010-7499-3929,운동
5543,서소율,62,포항 분당구 123-45,010-2116-1046,독서
5544,임민수,57,용인 유성구 123-45,010-2532-1199,일기 쓰기
5545,박건우,58,울산 남구 123-45,010-2242-5342,자전거 타기
5546,윤은우,55,울산 팔달구 123-45,010-9277-8843,뜨개질
5547,한예은,73,천안 진해구 123-45,010-7703-9913,자전거 타기
5548,한은우,65,고양 달서구 123-45,010-4669-3911,카페 투어
5549,서지원,43,대전 분당구 123-45,010-5176-2504,일기 쓰기
5550,강건우,78,제주 북구 123-45,010-5014-4787,일기 쓰기
5551,임도윤,47,서울 신제주 123-45,010-9722-2707,독서
5552,한건우,41,포항 남구 123-45,010-5479-1448,자전거 타기
5553,신지후,35,전주 기흥구 123-45,010-4265-5597,여행
5554,최서준,70,용인 수성구 123-45,010-5637-3865,자전거 타기
5555,오하윤,75,부산 흥덕구 123-45,010-5076-2678,자전거 타기
5556,임지민,71,안양 송파구 123-45,010-5036-4324,음악감상
5557,서은우,50,김해 성동구 123-45,010-5175-7662,유튜브 보기
5558,서서준,67,인천 성동구 123-45,010-1058-8532,영화감상
5559,정현우,26,세종 동구 123-45,010-8887-8656,유튜브 보기
5560,신지민,57,김해 신제주 123-45,010-1092-6937,카페 투어
5561,김지민,32,안양 동구 123-45,010-2249-1091,보드게임
5562,서도윤,53,전주 덕양구 123-45,010-5173-8365,사진촬영
5563,윤하은,76,평택 해운대구 123-45,010-9490-9826,드로잉
5564,박예은,64,천안 기흥구 123-45,010-3845-8808,등산
5565,정태윤,44,부산 강서구 123-45,010-2279-7164,음악감상
5566,박예은,27,대전 장유동 123-45,010-5791-3828,자전거 타기
5567,서태윤,65,대구 흥덕구 123-45,010-1901-3028,자전거 타기
5568,오지후,27,서울 기흥구 123-45,010-5016-5577,유튜브 보기
5569,정지후,55,제주 서구 123-45,010-9041-4745,뜨개질
5570,정지원,66,세종 중구 123-45,010-5702-6969,영화감상
5571,한은우,37,수원 북구 123-45,010-7656-2453,여행
5572,서지원,52,성남 강남구 123-45,010-6237-1236,웹서핑
5573,신하은,66,제주 신제주 123-45,010-2759-1585,보드게임
5574,신시우,30,안양 분당구 123-45,010-2147-1492,요리
5575,조소율,43,용인 흥덕구 123-45,010-1667-6879,사진촬영
5576,강수빈,53,청주 동구 123-45,010-6124-4897,자전거 타기
5577,임시우,74,수원 중구 123-45,010-5641-1558,여행
5578,윤태윤,35,청주 분당구 123-45,010-7350-9684,여행
5579,장하은,48,안양 흥덕구 123-45,010-5902-7272,카페 투어
5580,박지후,48,대전 성북구 123-45,010-9974-9559,유튜브 보기
5581,김건우,54,성남 성북구 123-45,010-1575-7886,카페 투어
5582,박수빈,41,서울 달서구 123-45,010-6752-1723,등산
5583,신예린,32,대구 분당구 123-45,010-1473-6881,드로잉
5584,김하은,51,대전 강남구 123-45,010-7833-1807,운동
5585,장하은,37,남양주 유성구 123-45,010-7433-1914,운동
5586,강소율,23,제주 강남구 123-45,010-4703-1135,보드게임
5587,강하은,35,남양주 해운대구 123-45,010-5708-1146,유튜브 보기
5588,박지원,59,남양주 강서구 123-45,010-5431-6113,수영
5589,오유진,42,성남 동구 123-45,010-7536-2873,카페 투어
5590,윤은우,26,김해 수성구 123-45,010-5077-9569,자전거 타기
5591,최예은,25,대전 덕진구 123-45,010-2688-6090,보드게임
5592,장지민,59,광주 강남구 123-45,010-5478-7069,사진촬영
5593,최예린,30,서울 성동구 123-45,010-4418-5581,자전거 타기
5594,신소율,74,세종 서북구 123-45,010-3656-6792,영화감상
5595,한태윤,22,인천 서북구 123-45,010-4403-4323,유튜브 보기
5596,장하윤,29,성남 팔달구 123-45,010-8368-6619,여행
5597,김예린,29,포항 장유동 123-45,010-4064-3508,일기 쓰기
5598,서예은,71,서울 남구 123-45,010-7978-1462,자전거 타기
5599,한소율,25,화성 수성구 123-45,010-4367-6643,운동
5600,오하은,63,창원 진해구 123-45,010-8244-8594,여행
5601,한은우,55,서울 강남구 123-45,010-3675-4943,웹서핑
5602,강유진,73,광주 신제주 123-45,010-5258-8049,보드게임
5603,이지민,35,울산 북구 123-45,010-3466-5899,사진촬영
5604,오서연,42,천안 덕양구 123-45,010-5929-7180,드로잉
5605,김시우,55,성남 동구 123-45,010-3201-4598,유튜브 보기
5606,김수빈,23,안양 송파구 123-45,010-6695-6218,등산
5607,장지후,32,안양 달서구 123-45,010-4646-2595,음악감상
5608,최지원,42,고양 달서구 123-45,010-2465-4911,카페 투어
5609,서소율,79,천안 유성구 123-45,010-3508-8769,웹서핑
5610,강서연,71,전주 북구 123-45,010-3171-5913,일기 쓰기
5611,최시우,56,포항 일산동구 123-45,010-9225-2354,사진촬영
5612,조유진,35,남양주 성동구 123-45,010-4875-8748,수영
5613,장하은,61,성남 달서구 123-45,010-8906-1872,보드게임
5614,한지원,79,대전 덕양구 123-45,010-6317-3502,유튜브 보기
5615,오시우,58,제주 흥덕구 123-45,010-9045-4386,유튜브 보기
5616,김하윤,24,수원 서북구 123-45,010-8863-1930,웹서핑
5617,박건우,66,수원 동구 123-45,010-5229-9442,등산
5618,강하은,64,전주 덕진구 123-45,010-7445-6241,드로잉
5619,정유진,52,천안 강남구 123-45,010-8393-6553,여행
5620,한소율,23,평택 달서구 123-45,010-1349-1659,게임
5621,서지민,70,세종 진해구 123-45,010-2988-8136,요리
5622,서서연,34,인천 수성구 123-45,010-7083-6665,수영
5623,임민수,36,수원 남구 123-45,010-6004-9304,유튜브 보기
5624,오현우,58,용인 해운대구 123-45,010-5469-7181,웹서핑
5625,정건우,20,서울 신제주 123-45,010-1375-6730,드로잉
5626,장현우,44,인천 성동구 123-45,010-2743-4271,카페 투어
5627,박도윤,63,서울 팔달구 123-45,010-4064-5975,운동
5628,장유진,78,청주 남구 123-45,010-5343-7401,운동
5629,한서준,30,고양 강남구 123-45,010-4870-4352,자전거 타기
5630,박은우,24,포항 성동구 123-45,010-1849-4371,운동
5631,서은우,29,대전 서북구 123-45,010-7508-7254,뜨개질
5632,임지원,67,안양 분당구 123-45,010-4003-2807,게임
5633,신시우,78,대전 중구 123-45,010-1561-2018,자전거 타기
5634,임예린,60,천안 서구 123-45,010-2346-8397,카페 투어
5635,오하윤,50,창원 동구 123-45,010-9952-7717,카페 투어
5636,신서연,20,용인 북구 123-45,010-4002-1543,유튜브 보기
5637,서도윤,41,고양 해운대구 123-45,010-8592-3327,보드게임
5638,신현우,77,세종 북구 123-45,010-8856-1669,유튜브 보기
5639,서지후,45,서울 일산동구 123-45,010-5228-1291,웹서핑
5640,오소율,31,대구 서구 123-45,010-8802-2105,등산
5641,이지안,27,제주 달서구 123-45,010-8019-7305,웹서핑
5642,정민수,59,천안 달서구 123-45,010-2452-4859,운동
5643,이민수,43,울산 신제주 123-45,010-5384-5025,사진촬영
5644,조지안,42,서울 팔달구 123-45,010-9852-5572,드로잉
5645,최하윤,79,울산 남구 123-45,010-5882-9790,게임
5646,장소율,37,화성 분당구 123-45,010-6191-1990,자전거 타기
5647,윤서준,20,김해 동구 123-45,010-4684-5087,보드게임
5648,장지민,38,전주 분당구 123-45,010-2049-8449,여행
5649,장수빈,63,세종 덕양구 123-45,010-9133-8511,게임
5650,임민수,29,평택 달서구 123-45,010-1575-8511,유튜브 보기
5651,최시우,28,김해 덕양구 123-45,010-9841-4997,사진촬영
5652,오현우,47,성남 수성구 123-45,010-7503-9824,운동
5653,서현우,29,서울 유성구 123-45,010-6244-9547,일기 쓰기
5654,최현우,45,고양 덕진구 123-45,010-6326-9686,운동
5655,박도윤,23,화성 송파구 123-45,010-6549-1163,게임
5656,신지안,76,울산 남구 123-45,010-9312-4905,운동
5657,윤지안,78,인천 성북구 123-45,010-7136-2868,유튜브 보기
5658,서예은,30,용인 송파구 123-45,010-8146-8131,독서
5659,조도윤,28,부산 분당구 123-45,010-8417-4112,수영
5660,최예린,23,성남 달서구 123-45,010-9482-6252,자전거 타기
5661,정지원,54,창원 강서구 123-45,010-1407-1560,음악감상
5662,서예린,72,김해 해운대구 123-45,010-4653-1885,일기 쓰기
5663,김서연,41,고양 진해구 123-45,010-4806-5725,웹서핑
5664,최예린,62,광주 서북구 123-45,010-9543-7080,뜨개질
5665,윤예은,29,천안 중구 123-45,010-8410-3296,여행
5666,임하은,43,용인 성북구 123-45,010-8446-6341,요리
5667,한서연,20,전주 분당구 123-45,010-9058-6234,음악감상
5668,정지원,62,전주 장유동 123-45,010-2934-8958,드로잉
5669,윤유진,75,안양 진해구 123-45,010-3410-7636,사진촬영
5670,박지원,78,세종 강서구 123-45,010-2108-6708,운동
5671,윤지후,38,고양 남구 123-45,010-2663-1295,일기 쓰기
5672,정예린,35,세종 장유동 123-45,010-7079-3806,사진촬영
5673,최지원,55,천안 기흥구 123-45,010-6189-7028,보드게임
5674,최현우,22,제주 진해구 123-45,010-1905-4848,일기 쓰기
5675,김은우,27,고양 중구 123-45,010-5859-4612,운동
5676,최태윤,33,수원 팔달구 123-45,010-6849-6664,여행
5677,신유진,22,전주 성북구 123-45,010-1445-5504,음악감상
5678,신지원,28,대구 강남구 123-45,010-6316-1281,뜨개질
5679,신지안,54,울산 덕진구 123-45,010-3104-1544,일기 쓰기
5680,이예린,39,서울 서구 123-45,010-2102-1692,운동
5681,최건우,52,고양 유성구 123-45,010-1089-3215,영화감상
5682,최서연,62,부산 분당구 123-45,010-1805-5577,음악감상
5683,조지원,33,부산 수성구 123-45,010-3533-3805,운동
5684,한예은,79,제주 덕양구 123-45,010-8373-1938,사진촬영
5685,오하은,65,천안 중구 123-45,010-7553-2202,운동
5686,장지민,76,용인 북구 123-45,010-8516-2190,웹서핑
5687,임서준,54,고양 분당구 123-45,010-1033-3761,웹서핑
5688,정하윤,55,대전 일산동구 123-45,010-7950-5033,여행
5689,오서준,41,용인 일산동구 123-45,010-3644-9625,게임
5690,조서준,48,서울 강서구 123-45,010-7577-1234,웹서핑
5691,오서연,62,화성 서구 123-45,010-5174-8597,보드게임
5692,임서연,24,안산 달서구 123-45,010-2033-7266,독서
5693,신예은,59,대구 진해구 123-45,010-1924-8228,보드게임
5694,정은우,52,서울 유성구 123-45,010-1564-9635,유튜브 보기
5695,김유진,77,수원 성동구 123-45,010-4507-9385,웹서핑
5696,조수빈,58,수원 성동구 123-45,010-6807-1741,여행
5697,조시우,36,대구 성동구 123-45,010-6168-9643,등산
5698,정소율,37,광주 달서구 123-45,010-5502-5978,등산
5699,장예은,22,서울 신제주 123-45,010-3264-2316,뜨개질
5700,김지안,56,대전 덕진구 123-45,010-8438-3986,독서
5701,김예은,68,안양 흥덕구 123-45,010-2368-3621,보드게임
5702,정예은,51,안산 덕진구 123-45,010-1165-1662,운동
5703,정지원,79,대전 덕양구 123-45,010-5893-6704,카페 투어
5704,최지안,20,서울 성북구 123-45,010-3007-8344,운동
5705,서지후,51,전주 달서구 123-45,010-1196-6268,사진촬영
5706,박지민,22,전주 동구 123-45,010-4010-3513,일기 쓰기
5707,정건우,22,창원 강남구 123-45,010-1594-8443,뜨개질
5708,서시우,76,용인 흥덕구 123-45,010-4115-7817,드로잉
5709,신예은,69,인천 유성구 123-45,010-7076-5342,게임
5710,임유진,30,안산 성북구 123-45,010-5942-8705,음악감상
5711,오지안,56,창원 달서구 123-45,010-4248-3622,게임
5712,최시우,53,화성 북구 123-45,010-2504-6987,드로잉
5713,최수빈,49,수원 기흥구 123-45,010-7345-6652,음악감상
5714,이서연,50,안양 덕진구 123-45,010-1615-7999,카페 투어
5715,서민수,73,대전 덕양구 123-45,010-4181-9609,영화감상
5716,한하은,75,제주 동구 123-45,010-6440-9095,독서
5717,정지안,57,제주 서구 123-45,010-1089-4965,일기 쓰기
5718,김예린,76,부산 강남구 123-45,010-1367-8811,운동
5719,김태윤,25,포항 흥덕구 123-45,010-6706-3195,드로잉
5720,이하윤,78,창원 서구 123-45,010-3865-1965,보드게임
5721,한은우,43,제주 일산동구 123-45,010-5613-1563,게임
5722,윤서연,62,수원 서구 123-45,010-3516-5677,수영
5723,박건우,43,제주 강남구 123-45,010-2583-8758,일기 쓰기
5724,신수빈,21,부산 성북구 123-45,010-4173-5540,여행
5725,이민수,68,수원 중구 123-45,010-6366-4684,일기 쓰기
5726,한예린,41,안산 동구 123-45,010-4064-7948,카페 투어
5727,박예린,25,광주 덕양구 123-45,010-6557-4328,영화감상
5728,조도윤,61,창원 성북구 123-45,010-7274-5654,자전거 타기
5729,조지후,55,인천 서북구 123-45,010-3082-1385,등산
5730,정건우,52,고양 유성구 123-45,010-4993-2402,자전거 타기
5731,조지민,21,울산 수성구 123-45,010-7282-3290,자전거 타기
5732,임하윤,26,세종 달서구 123-45,010-8226-5489,유튜브 보기
5733,조지안,30,포항 진해구 123-45,010-7947-1842,요리
5734,조수빈,57,용인 북구 123-45,010-2737-5397,뜨개질
5735,이태윤,72,화성 분당구 123-45,010-5168-6844,독서
5736,정지후,52,천안 달서구 123-45,010-4836-4350,수영
5737,윤수빈,39,청주 덕진구 123-45,010-7055-9119,등산
5738,정서준,22,창원 진해구 123-45,010-8711-8182,뜨개질
5739,이서준,38,용인 기흥구 123-45,010-6605-5149,카페 투어
5740,박은우,59,안산 기흥구 123-45,010-1592-6661,게임
5741,윤은우,64,안산 서구 123-45,010-7256-7632,자전거 타기
5742,임건우,44,창원 일산동구 123-45,010-5011-1357,뜨개질
5743,윤서연,42,남양주 북구 123-45,010-7363-9647,카페 투어
5744,조태윤,35,서울 성동구 123-45,010-8966-7198,카페 투어
5745,윤건우,63,안산 성동구 123-45,010-6612-4916,뜨개질
5746,박은우,71,광주 송파구 123-45,010-6717-7641,영화감상
5747,박지민,62,남양주 유성구 123-45,010-5265-5968,등산
5748,임은우,59,안양 팔달구 123-45,010-1646-8392,독서
5749,오건우,20,청주 성북구 123-45,010-9869-4628,드로잉
5750,윤도윤,75,평택 덕진구 123-45,010-5357-9876,유튜브 보기
5751,윤예은,72,평택 기흥구 123-45,010-5511-1025,수영
5752,정건우,40,서울 성동구 123-45,010-2768-9493,독서
5753,오지원,41,전주 달서구 123-45,010-9754-6544,사진촬영
5754,김예은,27,천안 북구 123-45,010-1675-5020,유튜브 보기
5755,서건우,65,광주 진해구 123-45,010-6356-5458,음악감상
5756,김은우,30,대구 송파구 123-45,010-2916-8403,요리
5757,신태윤,20,대구 성북구 123-45,010-8211-9792,자전거 타기
5758,김지후,53,대구 유성구 123-45,010-5631-4154,등산
5759,정태윤,21,용인 유성구 123-45,010-7666-9419,카페 투어
5760,윤지후,45,광주 동구 123-45,010-7658-2379,유튜브 보기
5761,서예린,43,창원 송파구 123-45,010-4864-6388,게임
5762,김현우,51,안산 서구 123-45,010-3633-8710,영화감상
5763,임서연,31,창원 팔달구 123-45,010-5592-7484,요리
5764,정하은,48,화성 진해구 123-45,010-4778-2796,카페 투어
5765,정은우,44,울산 북구 123-45,010-2089-8931,수영
5766,박현우,66,포항 송파구 123-45,010-6074-7240,유튜브 보기
5767,박도윤,25,대구 강서구 123-45,010-6198-8348,여행
5768,신현우,37,세종 남구 123-45,010-6741-2384,일기 쓰기
5769,서하은,20,화성 일산동구 123-45,010-8942-1679,게임
5770,윤은우,30,울산 동구 123-45,010-6256-8183,게임
5771,윤건우,37,평택 해운대구 123-45,010-9301-5292,영화감상
5772,서유진,66,세종 성동구 123-45,010-1761-1525,요리
5773,김지원,74,제주 북구 123-45,010-7695-1006,음악감상
5774,이지민,27,부산 강서구 123-45,010-2772-1332,일기 쓰기
5775,조지후,28,포항 분당구 123-45,010-9163-2484,독서
5776,조하은,52,화성 진해구 123-45,010-5967-6421,뜨개질
5777,신서준,56,고양 동구 123-45,010-7836-2105,드로잉
5778,김은우,20,세종 중구 123-45,010-1591-2831,독서
5779,조소율,58,고양 서구 123-45,010-6729-5980,수영
5780,서소율,31,천안 성북구 123-45,010-5472-3926,유튜브 보기
5781,신지원,40,대전 강서구 123-45,010-1070-4591,음악감상
5782,정하은,66,창원 강서구 123-45,010-8199-3712,사진촬영
5783,김민수,23,수원 성동구 123-45,010-5695-9652,웹서핑
5784,이건우,71,용인 동구 123-45,010-1370-7248,요리
5785,조민수,51,대구 해운대구 123-45,010-6315-4898,운동
5786,오지안,65,남양주 성북구 123-45,010-4534-5895,운동
5787,임지원,74,대전 신제주 123-45,010-7438-6027,뜨개질
5788,박건우,67,창원 중구 123-45,010-1439-7717,요리
5789,신지후,61,부산 진해구 123-45,010-4172-3880,게임
5790,서예은,37,대전 서북구 123-45,010-8747-2348,수영
5791,박소율,21,포항 강남구 123-45,010-1316-4986,수영
5792,한소율,68,대전 강남구 123-45,010-1438-1780,웹서핑
5793,김예린,74,창원 송파구 123-45,010-4994-8210,음악감상
5794,신지후,42,서울 수성구 123-45,010-3901-1998,게임
5795,김예린,54,울산 성동구 123-45,010-7138-3529,드로잉
5796,정지안,71,수원 강서구 123-45,010-3807-9004,여행
5797,김태윤,49,김해 유성구 123-45,010-2043-5216,사진촬영
5798,조도윤,27,제주 성북구 123-45,010-5350-2286,일기 쓰기
5799,오지안,22,용인 남구 123-45,010-5697-3776,요리
5800,정서준,33,안양 서북구 123-45,010-4737-3310,등산
5801,서지원,24,광주 동구 123-45,010-6105-2810,카페 투어
5802,최예은,78,김해 덕진구 123-45,010-2357-4380,카페 투어
5803,임유진,28,남양주 해운대구 123-45,010-5696-9735,일기 쓰기
5804,최하은,53,울산 서구 123-45,010-1334-5506,유튜브 보기
5805,한태윤,57,제주 유성구 123-45,010-5106-5024,영화감상
5806,오지원,53,화성 장유동 123-45,010-2402-3728,유튜브 보기
5807,임예은,22,안양 일산동구 123-45,010-6358-4229,뜨개질
5808,윤지민,62,수원 덕양구 123-45,010-2453-2984,웹서핑
5809,한건우,45,청주 서북구 123-45,010-1264-2313,수영
5810,임수빈,33,울산 팔달구 123-45,010-4181-6666,유튜브 보기
5811,한은우,26,고양 서구 123-45,010-2053-4740,영화감상
5812,김서연,75,김해 기흥구 123-45,010-2398-3023,요리
5813,박시우,72,대구 성동구 123-45,010-6706-6414,사진촬영
5814,최소율,22,성남 진해구 123-45,010-3374-5953,웹서핑
5815,최은우,30,평택 서북구 123-45,010-1436-6866,일기 쓰기
5816,강건우,73,성남 유성구 123-45,010-7921-2560,운동
5817,장수빈,21,대구 강남구 123-45,010-4240-6487,게임
5818,임건우,79,김해 덕양구 123-45,010-8805-6630,여행
5819,신은우,28,성남 중구 123-45,010-8307-8792,드로잉
5820,이하은,36,평택 수성구 123-45,010-4758-7580,게임
5821,오하윤,78,용인 성동구 123-45,010-5730-5812,카페 투어
5822,최지후,26,광주 서구 123-45,010-4354-3393,독서
5823,박예은,41,울산 동구 123-45,010-2218-7358,수영
5824,박서연,36,김해 중구 123-45,010-3326-4720,자전거 타기
5825,한태윤,45,남양주 성동구 123-45,010-6648-4485,독서
5826,임도윤,49,김해 중구 123-45,010-2509-7594,사진촬영
5827,김서준,60,창원 기흥구 123-45,010-2169-1987,일기 쓰기
5828,윤하은,57,세종 중구 123-45,010-7791-6975,수영
5829,윤서준,71,창원 기흥구 123-45,010-7754-3793,음악감상
5830,서지후,77,안산 중구 123-45,010-5583-9401,여행
5831,서현우,71,포항 덕양구 123-45,010-9376-2993,운동
5832,오서연,74,천안 중구 123-45,010-2002-2224,뜨개질
5833,임예은,60,대전 성북구 123-45,010-7488-5074,웹서핑
5834,김지후,38,제주 서구 123-45,010-2726-4101,사진촬영
5835,정지원,28,안양 진해구 123-45,010-4735-7806,웹서핑
5836,임건우,28,성남 일산동구 123-45,010-2791-7930,수영
5837,김지안,28,안산 수성구 123-45,010-1970-2550,카페 투어
5838,임소율,27,세종 덕양구 123-45,010-3147-6872,자전거 타기
5839,정유진,40,남양주 유성구 123-45,010-4662-4211,등산
5840,윤소율,79,화성 덕양구 123-45,010-6671-9982,게임
5841,한수빈,30,인천 일산동구 123-45,010-1608-3870,일기 쓰기
5842,오하윤,58,성남 유성구 123-45,010-4735-2008,웹서핑
5843,서서연,43,남양주 신제주 123-45,010-2717-3112,독서
5844,임유진,27,성남 덕진구 123-45,010-1368-3316,독서
5845,오예린,63,청주 남구 123-45,010-6186-5193,수영
5846,박은우,77,창원 신제주 123-45,010-8824-3390,유튜브 보기
5847,김소율,33,김해 송파구 123-45,010-9980-2532,보드게임
5848,신예은,56,남양주 성북구 123-45,010-4364-8524,수영
5849,오건우,36,화성 기흥구 123-45,010-2777-9641,수영
5850,정소율,33,대구 강서구 123-45,010-2200-5553,웹서핑
5851,강예은,53,용인 수성구 123-45,010-2444-2385,드로잉
5852,오서준,57,포항 성동구 123-45,010-1282-6318,사진촬영
5853,한서연,42,고양 진해구 123-45,010-3827-8148,음악감상
5854,조은우,70,세종 진해구 123-45,010-7166-2387,보드게임
5855,장도윤,36,성남 성동구 123-45,010-9619-8397,사진촬영
5856,박예은,24,김해 분당구 123-45,010-1033-6993,등산
5857,조서연,24,전주 서북구 123-45,010-5841-2539,유튜브 보기
5858,장유진,72,포항 북구 123-45,010-1937-5130,등산
5859,최민수,51,전주 일산동구 123-45,010-5395-3721,운동
5860,정수빈,75,평택 동구 123-45,010-4443-7271,일기 쓰기
5861,장지후,65,청주 흥덕구 123-45,010-9468-2990,운동
5862,윤수빈,42,성남 신제주 123-45,010-9947-3143,음악감상
5863,최현우,60,서울 달서구 123-45,010-1714-1093,자전거 타기
5864,조유진,39,성남 강서구 123-45,010-3551-6454,뜨개질
5865,박지후,76,용인 신제주 123-45,010-6570-3565,독서
5866,오지원,61,부산 성동구 123-45,010-9843-8210,뜨개질
5867,강소율,59,제주 해운대구 123-45,010-5666-9368,요리
5868,강건우,75,고양 중구 123-45,010-2845-6431,등산
5869,박소율,62,광주 서구 123-45,010-9765-6680,음악감상
5870,조지원,69,용인 서구 123-45,010-7489-8395,웹서핑
5871,서하윤,46,용인 기흥구 123-45,010-6553-6524,뜨개질
5872,조지후,69,서울 해운대구 123-45,010-9565-4513,드로잉
5873,한서연,35,전주 강서구 123-45,010-5580-1870,사진촬영
5874,오현우,58,김해 중구 123-45,010-3197-5186,일기 쓰기
5875,오하윤,47,대전 남구 123-45,010-5433-8423,보드게임
5876,조도윤,23,화성 달서구 123-45,010-4863-9598,여행
5877,장예린,31,고양 송파구 123-45,010-4527-1792,유튜브 보기
5878,오태윤,52,성남 강서구 123-45,010-9031-2654,독서
5879,최태윤,56,안산 송파구 123-45,010-1041-6514,등산
5880,최예린,34,안양 달서구 123-45,010-5411-5468,보드게임
5881,서현우,34,대전 남구 123-45,010-5101-9454,드로잉
5882,박지안,47,울산 송파구 123-45,010-5199-3528,요리
5883,김은우,55,수원 수성구 123-45,010-1329-6365,웹서핑
5884,윤건우,34,김해 장유동 123-45,010-1793-2260,수영
5885,정서준,67,인천 서구 123-45,010-6712-2752,여행
5886,이은우,22,대전 남구 123-45,010-7429-9889,일기 쓰기
5887,박수빈,24,고양 수성구 123-45,010-8697-3200,요리
5888,박소율,39,남양주 흥덕구 123-45,010-2809-2998,독서
5889,임건우,35,평택 중구 123-45,010-2519-6470,일기 쓰기
5890,강은우,22,서울 남구 123-45,010-2129-8398,여행
5891,임도윤,57,창원 일산동구 123-45,010-4529-3827,수영
5892,서수빈,73,창원 수성구 123-45,010-8475-7522,게임
5893,윤민수,38,안산 송파구 123-45,010-1362-3671,자전거 타기
5894,김현우,67,전주 수성구 123-45,010-2924-8146,카페 투어
5895,장유진,21,안양 서구 123-45,010-6425-5405,사진촬영
5896,김예은,63,인천 서구 123-45,010-3559-2096,여행
5897,임소율,44,남양주 장유동 123-45,010-5833-8149,카페 투어
5898,윤도윤,45,수원 덕진구 123-45,010-5652-6036,수영
5899,최예린,71,화성 해운대구 123-45,010-2665-3751,뜨개질
5900,서예린,22,대전 신제주 123-45,010-7206-2567,여행
5901,신유진,65,서울 동구 123-45,010-4668-6742,자전거 타기
5902,신소율,24,안양 수성구 123-45,010-6370-9859,독서
5903,정지안,48,광주 강남구 123-45,010-5513-3033,유튜브 보기
5904,정건우,30,전주 강서구 123-45,010-4614-8672,운동
5905,장서준,24,안양 북구 123-45,010-9892-6179,운동
5906,강건우,43,안양 북구 123-45,010-7815-5528,수영
5907,최지민,20,부산 북구 123-45,010-6913-6771,유튜브 보기
5908,장소율,71,세종 서북구 123-45,010-6361-1499,수영
5909,서유진,51,대구 북구 123-45,010-7439-6771,자전거 타기
5910,김지안,40,창원 일산동구 123-45,010-6473-2075,요리
5911,장유진,47,평택 송파구 123-45,010-7330-2373,여행
5912,한지후,25,포항 기흥구 123-45,010-1309-9024,일기 쓰기
5913,박수빈,56,부산 덕진구 123-45,010-1462-1024,등산
5914,신예은,77,울산 해운대구 123-45,010-5514-4652,게임
5915,조지후,48,부산 팔달구 123-45,010-8138-3598,음악감상
5916,강지안,43,전주 해운대구 123-45,010-3700-2039,등산
5917,한민수,64,고양 송파구 123-45,010-2098-8488,수영
5918,최시우,78,수원 덕진구 123-45,010-1857-8762,드로잉
5919,정시우,72,남양주 서구 123-45,010-7698-4863,등산
5920,정지안,47,천안 달서구 123-45,010-2829-6527,수영
5921,조태윤,27,용인 서구 123-45,010-8161-5604,자전거 타기
5922,박현우,21,천안 덕양구 123-45,010-2333-6031,게임
5923,강지후,20,화성 동구 123-45,010-2051-3864,게임
5924,이소율,23,용인 서구 123-45,010-4367-9289,자전거 타기
5925,윤지민,76,전주 성동구 123-45,010-6453-9932,운동
5926,최지원,41,화성 강서구 123-45,010-4992-7969,자전거 타기
5927,오소율,21,천안 장유동 123-45,010-7987-2025,여행
5928,오민수,52,창원 강남구 123-45,010-4508-2245,수영
5929,윤현우,25,성남 장유동 123-45,010-5220-4920,게임
5930,정지안,49,평택 흥덕구 123-45,010-7401-4905,등산
5931,임하윤,70,부산 성동구 123-45,010-3980-4050,드로잉
5932,정수빈,65,남양주 분당구 123-45,010-6123-6203,사진촬영
5933,최은우,28,창원 분당구 123-45,010-9696-6832,자전거 타기
5934,윤예린,26,부산 중구 123-45,010-5504-6358,여행
5935,김지원,62,대구 기흥구 123-45,010-1485-4299,보드게임
5936,장건우,48,서울 유성구 123-45,010-6532-8555,일기 쓰기
5937,이지원,58,세종 남구 123-45,010-4791-9355,보드게임
5938,김서연,36,청주 동구 123-45,010-3765-3898,뜨개질
5939,김지후,72,창원 유성구 123-45,010-9637-5483,독서
5940,임현우,67,청주 남구 123-45,010-2575-4349,카페 투어
5941,신소율,78,세종 서북구 123-45,010-2635-8762,웹서핑
5942,이수빈,39,김해 일산동구 123-45,010-1096-2515,게임
5943,윤하윤,21,청주 흥덕구 123-45,010-4326-8971,사진촬영
5944,윤시우,52,울산 진해구 123-45,010-1004-2752,독서
5945,조예은,34,김해 덕진구 123-45,010-6571-6445,게임
5946,장서준,26,안산 진해구 123-45,010-5625-4019,카페 투어
5947,윤예린,41,전주 강서구 123-45,010-9887-7179,보드게임
5948,장지민,40,창원 유성구 123-45,010-3019-3981,영화감상
5949,한서연,41,광주 유성구 123-45,010-4695-8916,여행
5950,윤시우,59,제주 일산동구 123-45,010-5160-3104,일기 쓰기
5951,정서연,24,광주 신제주 123-45,010-6568-5947,등산
5952,김예은,46,고양 유성구 123-45,010-9340-6212,웹서핑
5953,조서연,74,서울 흥덕구 123-45,010-1479-9807,요리
5954,윤지민,32,세종 덕진구 123-45,010-2493-2123,음악감상
5955,장지민,74,수원 성북구 123-45,010-6905-1466,운동
5956,정소율,45,부산 기흥구 123-45,010-6832-4437,카페 투어
5957,김건우,74,대전 남구 123-45,010-6683-2101,수영
5958,김예은,46,평택 강남구 123-45,010-9632-6707,보드게임
5959,한소율,70,고양 진해구 123-45,010-6346-4050,웹서핑
5960,서시우,20,김해 덕진구 123-45,010-8877-1999,수영
5961,강서연,33,청주 서구 123-45,010-3979-1208,사진촬영
5962,박민수,37,창원 장유동 123-45,010-6034-2450,운동
5963,정예은,30,창원 동구 123-45,010-6323-5361,수영
5964,신하은,41,수원 성북구 123-45,010-2772-6668,카페 투어
5965,오지후,50,안양 남구 123-45,010-6791-7814,여행
5966,서지안,24,성남 달서구 123-45,010-4137-7758,운동
5967,박은우,44,인천 흥덕구 123-45,010-5948-2184,보드게임
5968,장현우,70,세종 달서구 123-45,010-5566-8258,음악감상
5969,윤소율,39,전주 신제주 123-45,010-2455-9032,수영
5970,신시우,37,포항 서북구 123-45,010-5063-4392,웹서핑
5971,강예은,49,청주 중구 123-45,010-1317-2191,카페 투어
5972,오지후,35,광주 서구 123-45,010-8217-1010,일기 쓰기
5973,한민수,70,서울 서북구 123-45,010-4828-6093,수영
5974,서시우,22,세종 중구 123-45,010-1146-5536,수영
5975,한은우,64,인천 일산동구 123-45,010-3511-6637,뜨개질
5976,정지민,54,김해 강남구 123-45,010-1207-8748,사진촬영
5977,서건우,52,남양주 강남구 123-45,010-4908-6047,일기 쓰기
5978,정서연,32,안산 북구 123-45,010-5476-8958,뜨개질
5979,장은우,51,포항 장유동 123-45,010-9752-6436,카페 투어
5980,한예은,34,울산 달서구 123-45,010-8694-3183,운동
5981,임서준,73,성남 유성구 123-45,010-2216-8132,수영
5982,조예린,55,대구 신제주 123-45,010-5051-6009,사진촬영
5983,강소율,68,창원 송파구 123-45,010-4553-4082,수영
5984,장수빈,70,부산 덕진구 123-45,010-4288-6149,독서
5985,장서연,21,김해 송파구 123-45,010-6185-8405,뜨개질
5986,최도윤,71,청주 남구 123-45,010-5089-7235,요리
5987,임지원,64,화성 서북구 123-45,010-9339-9728,수영
5988,한지민,43,청주 성북구 123-45,010-3580-9292,등산
5989,오수빈,40,부산 흥덕구 123-45,010-7765-8042,드로잉
5990,임소율,31,성남 덕진구 123-45,010-2021-5226,음악감상
5991,이예은,71,성남 동구 123-45,010-9749-6574,뜨개질
5992,임하은,37,화성 강남구 123-45,010-4378-5453,유튜브 보기
5993,조시우,33,성남 해운대구 123-45,010-2054-1107,등산
5994,이서준,25,안산 수성구 123-45,010-4031-5999,카페 투어
5995,박하윤,69,안산 일산동구 123-45,010-6406-2780,여행
5996,최태윤,24,서울 흥덕구 123-45,010-5401-8056,웹서핑
5997,윤지원,73,대전 북구 123-45,010-1666-2248,보드게임
5998,강시우,43,제주 남구 123-45,010-2215-3386,여행
5999,장예은,62,부산 강서구 123-45,010-6616-9785,영화감상
6000,장소율,59,고양 덕양구 123-45,010-4891-6109,독서
6001,최지안,44,서울 성동구 123-45,010-2131-3536,드로잉
6002,신예린,78,전주 서구 123-45,010-5885-2106,드로잉
6003,신서연,25,청주 팔달구 123-45,010-2434-1686,드로잉
6004,서하윤,35,부산 진해구 123-45,010-7767-2043,영화감상
6005,조지안,42,울산 덕양구 123-45,010-1728-6092,웹서핑
6006,장도윤,41,부산 일산동구 123-45,010-3337-8769,게임
6007,이지안,55,대전 기흥구 123-45,010-8059-5235,영화감상
6008,신수빈,49,수원 남구 123-45,010-1165-9876,요리
6009,윤민수,58,안양 수성구 123-45,010-5417-6460,요리
6010,신은우,42,포항 해운대구 123-45,010-4315-5565,보드게임
6011,김지민,32,안양 덕양구 123-45,010-6981-5464,보드게임
6012,윤태윤,39,제주 수성구 123-45,010-5206-3742,웹서핑
6013,조지안,58,광주 흥덕구 123-45,010-6142-7000,카페 투어
6014,이예은,67,김해 중구 123-45,010-7243-3575,보드게임
6015,장은우,40,세종 일산동구 123-45,010-1599-3365,일기 쓰기
6016,조현우,57,천안 강서구 123-45,010-4920-7898,영화감상
6017,박서연,56,대전 북구 123-45,010-3527-2264,게임
6018,정하윤,26,화성 기흥구 123-45,010-6833-4231,운동
6019,오예린,67,서울 장유동 123-45,010-9297-3210,드로잉
6020,최예린,33,인천 유성구 123-45,010-2860-6720,요리
6021,박예린,41,수원 덕진구 123-45,010-3180-8083,여행
6022,조지안,73,전주 일산동구 123-45,010-5173-7621,음악감상
6023,정예은,32,전주 동구 123-45,010-5907-4694,카페 투어
6024,강수빈,57,세종 서북구 123-45,010-5722-7703,드로잉
6025,윤수빈,33,청주 중구 123-45,010-7693-8715,게임
6026,박지민,28,김해 진해구 123-45,010-3872-4880,게임
6027,조예린,25,성남 장유동 123-45,010-6709-3634,일기 쓰기
6028,신건우,31,안산 서구 123-45,010-1723-5464,등산
6029,이현우,52,고양 기흥구 123-45,010-2570-5766,영화감상
6030,김하윤,29,수원 중구 123-45,010-2216-6337,뜨개질
6031,박지민,20,평택 신제주 123-45,010-2735-7430,자전거 타기
6032,서시우,25,세종 해운대구 123-45,010-3757-2972,카페 투어
6033,장예은,21,제주 덕진구 123-45,010-6299-9197,운동
6034,오지민,47,대구 덕양구 123-45,010-5479-4368,영화감상
6035,임하은,78,창원 성북구 123-45,010-3930-7370,사진촬영
6036,최예린,40,고양 서북구 123-45,010-6938-8313,음악감상
6037,정민수,62,제주 해운대구 123-45,010-1584-9623,음악감상
6038,최현우,77,제주 서구 123-45,010-4379-4773,음악감상
6039,강태윤,78,안양 북구 123-45,010-4988-3094,드로잉
6040,한수빈,67,용인 흥덕구 123-45,010-6592-4464,수영
6041,이서준,25,서울 남구 123-45,010-1578-3478,요리
6042,조현우,72,수원 동구 123-45,010-2086-6936,수영
6043,신소율,62,천안 중구 123-45,010-7286-5129,등산
6044,조수빈,72,천안 신제주 123-45,010-7265-3984,여행
6045,임예린,63,대구 수성구 123-45,010-4183-9616,음악감상
6046,신은우,60,광주 강서구 123-45,010-1982-3129,웹서핑
6047,강태윤,24,안산 서북구 123-45,010-5953-5356,일기 쓰기
6048,이은우,33,남양주 팔달구 123-45,010-7947-3323,웹서핑
6049,김서연,67,화성 유성구 123-45,010-5680-1942,자전거 타기
6050,서유진,32,인천 서구 123-45,010-1205-2975,드로잉
6051,강지민,21,전주 덕양구 123-45,010-6027-9775,뜨개질
6052,박예은,23,남양주 일산동구 123-45,010-7848-4047,뜨개질
6053,서현우,51,인천 서북구 123-45,010-4406-6320,요리
6054,박서연,66,천안 남구 123-45,010-1034-6451,웹서핑
6055,이서연,29,세종 해운대구 123-45,010-3766-2506,등산
6056,이도윤,38,청주 서구 123-45,010-6391-3845,운동
6057,한하윤,49,부산 서북구 123-45,010-6071-1126,일기 쓰기
6058,한예은,56,안산 성북구 123-45,010-2269-8957,요리
6059,신하윤,40,남양주 팔달구 123-45,010-3944-8789,카페 투어
6060,정은우,70,용인 달서구 123-45,010-6448-2989,영화감상
6061,서하은,62,김해 일산동구 123-45,010-3677-1928,수영
6062,강시우,59,천안 기흥구 123-45,010-6622-5941,일기 쓰기
6063,한하은,54,서울 성동구 123-45,010-6483-4984,뜨개질
6064,정지후,50,부산 중구 123-45,010-2107-6175,게임
6065,한하윤,46,성남 유성구 123-45,010-5903-8877,음악감상
6066,강서준,71,김해 성북구 123-45,010-9557-6275,수영
6067,김서준,34,수원 신제주 123-45,010-8286-6034,카페 투어
6068,윤지안,48,화성 유성구 123-45,010-2440-5914,보드게임
6069,한건우,33,청주 분당구 123-45,010-4341-6014,요리
6070,강소율,68,김해 분당구 123-45,010-9986-3414,영화감상
6071,윤지민,29,전주 성북구 123-45,010-3240-4308,수영
6072,신하윤,50,안산 기흥구 123-45,010-5199-5607,음악감상
6073,정시우,71,수원 유성구 123-45,010-4870-3731,영화감상
6074,한예은,78,광주 덕진구 123-45,010-1269-8167,뜨개질
6075,신수빈,35,고양 송파구 123-45,010-4147-6990,드로잉
6076,임은우,37,전주 흥덕구 123-45,010-2584-8007,뜨개질
6077,조수빈,59,남양주 기흥구 123-45,010-2052-8540,자전거 타기
6078,최시우,48,성남 동구 123-45,010-3982-8766,보드게임
6079,강수빈,20,대구 강서구 123-45,010-2790-1920,여행
6080,이수빈,73,부산 진해구 123-45,010-1083-5519,웹서핑
6081,서건우,79,안산 진해구 123-45,010-2894-5073,유튜브 보기
6082,정도윤,55,청주 기흥구 123-45,010-2917-5027,수영
6083,정하은,20,서울 신제주 123-45,010-2705-6521,음악감상
6084,정예은,29,광주 장유동 123-45,010-8792-5370,요리
6085,조소율,77,성남 덕진구 123-45,010-2388-1081,카페 투어
6086,임은우,27,부산 성북구 123-45,010-4314-8350,요리
6087,정태윤,26,용인 남구 123-45,010-2572-4107,음악감상
6088,조지민,55,울산 동구 123-45,010-3096-1207,영화감상
6089,오서연,37,인천 서구 123-45,010-2206-3670,드로잉
6090,조은우,72,성남 기흥구 123-45,010-8166-7558,여행
6091,장유진,71,인천 중구 123-45,010-9591-4340,웹서핑
6092,정유진,45,제주 유성구 123-45,010-4057-1493,등산
6093,한유진,69,대전 서북구 123-45,010-1004-3830,게임
6094,강지안,30,남양주 기흥구 123-45,010-6375-8829,웹서핑
6095,김하은,52,부산 송파구 123-45,010-8107-9773,유튜브 보기
6096,한서연,76,포항 장유동 123-45,010-8189-1813,사진촬영
6097,박시우,76,고양 흥덕구 123-45,010-6655-6674,음악감상
6098,김하윤,64,안양 동구 123-45,010-5831-2921,등산
6099,한예린,38,광주 강서구 123-45,010-8982-4310,웹서핑
6100,정건우,24,포항 서구 123-45,010-5754-2175,뜨개질
6101,윤도윤,77,남양주 일산동구 123-45,010-3477-5129,일기 쓰기
6102,임지후,31,세종 흥덕구 123-45,010-4636-3019,수영
6103,박현우,44,천안 일산동구 123-45,010-8529-3974,보드게임
6104,윤지안,72,전주 달서구 123-45,010-5930-2635,드로잉
6105,윤도윤,33,용인 흥덕구 123-45,010-3007-5549,보드게임
6106,윤수빈,75,광주 기흥구 123-45,010-7576-4354,뜨개질
6107,장서준,29,성남 기흥구 123-45,010-6508-8679,웹서핑
6108,장서연,54,청주 달서구 123-45,010-8411-7673,영화감상
6109,한지원,48,안산 동구 123-45,010-7998-1404,게임
6110,오지후,40,천안 분당구 123-45,010-4185-3352,등산
6111,서은우,52,천안 강남구 123-45,010-6128-6151,뜨개질
6112,임지안,72,평택 덕진구 123-45,010-8039-3816,여행
6113,임태윤,46,광주 흥덕구 123-45,010-9880-9983,유튜브 보기
6114,신하은,42,성남 서구 123-45,010-8681-5483,게임
6115,오건우,62,울산 진해구 123-45,010-4347-9775,웹서핑
6116,신시우,67,전주 북구 123-45,010-2405-2554,독서
6117,서건우,66,천안 수성구 123-45,010-8607-7998,드로잉
6118,정지민,25,부산 분당구 123-45,010-5263-2644,유튜브 보기
6119,최지원,31,용인 해운대구 123-45,010-8039-2055,영화감상
6120,김지후,63,인천 일산동구 123-45,010-1548-3885,여행
6121,장시우,74,고양 분당구 123-45,010-8273-4977,사진촬영
6122,이지원,24,청주 유성구 123-45,010-2811-1547,게임
6123,박도윤,59,전주 북구 123-45,010-5594-6615,운동
6124,장지안,24,전주 일산동구 123-45,010-3494-2538,카페 투어
6125,강서준,72,대전 신제주 123-45,010-3496-9104,음악감상
6126,서지후,24,대구 달서구 123-45,010-9724-7560,영화감상
6127,정서연,37,포항 성동구 123-45,010-4318-7894,등산
6128,신현우,73,김해 분당구 123-45,010-3946-8752,음악감상
6129,김현우,73,인천 성북구 123-45,010-7802-4146,등산
6130,강지안,77,청주 해운대구 123-45,010-5780-4171,드로잉
6131,최도윤,47,광주 장유동 123-45,010-2730-9525,수영
6132,임유진,44,용인 남구 123-45,010-4592-6961,운동
6133,장예은,45,용인 중구 123-45,010-4705-5296,웹서핑
6134,장건우,43,김해 서구 123-45,010-3042-4451,카페 투어
6135,최은우,71,제주 기흥구 123-45,010-5334-2956,드로잉
6136,박하은,31,남양주 동구 123-45,010-4800-2179,웹서핑
6137,최지안,55,용인 강남구 123-45,010-1700-9794,운동
6138,윤서연,73,부산 강남구 123-45,010-5487-8594,일기 쓰기
6139,정수빈,50,제주 성동구 123-45,010-2081-2755,영화감상
6140,장지안,27,전주 동구 123-45,010-9922-1311,독서
6141,장시우,45,남양주 강남구 123-45,010-3963-4536,보드게임
6142,서시우,53,안양 덕양구 123-45,010-5073-3214,일기 쓰기
6143,강서연,76,남양주 서북구 123-45,010-1141-7378,웹서핑
6144,최서연,40,울산 유성구 123-45,010-4295-4845,카페 투어
6145,이태윤,45,서울 중구 123-45,010-2118-2770,자전거 타기
6146,이지후,69,용인 해운대구 123-45,010-2977-5207,독서
6147,이예린,61,수원 서북구 123-45,010-5129-2401,영화감상
6148,조서연,33,남양주 북구 123-45,010-3397-6157,드로잉
6149,최수빈,44,대전 흥덕구 123-45,010-1773-1631,보드게임
6150,조하윤,30,남양주 서북구 123-45,010-3823-5663,운동
6151,한지안,60,서울 북구 123-45,010-7877-8751,요리
6152,조하윤,72,청주 기흥구 123-45,010-9997-3743,사진촬영
6153,강지민,54,용인 해운대구 123-45,010-5520-6609,여행
6154,장서연,56,대구 진해구 123-45,010-6684-7253,드로잉
6155,조지민,26,천안 서구 123-45,010-9202-1709,사진촬영
6156,윤지원,23,평택 서구 123-45,010-9775-1218,웹서핑
6157,서시우,35,평택 성동구 123-45,010-7863-4542,수영
6158,장민수,42,인천 강서구 123-45,010-1846-3000,운동
6159,김시우,71,수원 강남구 123-45,010-9830-9211,요리
6160,임민수,43,세종 해운대구 123-45,010-6628-1551,보드게임
6161,오시우,38,성남 중구 123-45,010-9290-4695,사진촬영
6162,임지원,22,세종 남구 123-45,010-6118-2585,요리
6163,임지원,59,수원 팔달구 123-45,010-4242-7777,수영
6164,윤태윤,56,안양 팔달구 123-45,010-4666-9598,뜨개질
6165,이지후,72,광주 흥덕구 123-45,010-1506-1611,일기 쓰기
6166,이현우,58,울산 수성구 123-45,010-1917-6040,자전거 타기
6167,김하윤,66,울산 팔달구 123-45,010-5134-2815,음악감상
6168,임지안,69,서울 중구 123-45,010-4987-2567,유튜브 보기
6169,김유진,25,포항 분당구 123-45,010-3429-9028,등산
6170,서시우,35,김해 팔달구 123-45,010-9714-6981,요리
6171,조소율,64,수원 분당구 123-45,010-4883-8084,자전거 타기
6172,서예은,32,인천 분당구 123-45,010-6366-2018,일기 쓰기
6173,정지민,65,인천 성동구 123-45,010-4660-7264,일기 쓰기
6174,서은우,49,세종 성동구 123-45,010-5892-6679,영화감상
6175,장소율,40,창원 덕진구 123-45,010-5079-6465,뜨개질
6176,신수빈,51,전주 흥덕구 123-45,010-4562-4398,운동
6177,신민수,24,김해 기흥구 123-45,010-6552-8760,카페 투어
6178,김태윤,24,수원 남구 123-45,010-6285-2528,등산
6179,박현우,75,전주 송파구 123-45,010-4299-6494,카페 투어
6180,김서연,71,창원 흥덕구 123-45,010-5249-8044,사진촬영
6181,정예린,78,수원 성북구 123-45,010-2367-9844,운동
6182,박서연,35,천안 장유동 123-45,010-5708-9270,드로잉
6183,이하윤,61,수원 달서구 123-45,010-4568-1987,여행
6184,서예린,44,부산 남구 123-45,010-1386-8108,드로잉
6185,윤현우,46,수원 흥덕구 123-45,010-2891-3660,카페 투어
6186,최현우,48,천안 장유동 123-45,010-4961-1770,음악감상
6187,임서연,58,수원 성북구 123-45,010-2357-2720,웹서핑
6188,신도윤,66,부산 동구 123-45,010-8077-7398,영화감상
6189,임예은,33,평택 성북구 123-45,010-7586-5776,여행
6190,정은우,41,서울 북구 123-45,010-5755-2475,웹서핑
6191,강은우,65,화성 진해구 123-45,010-9121-6285,일기 쓰기
6192,최서준,77,김해 성동구 123-45,010-1410-4842,요리
6193,최하은,63,대전 일산동구 123-45,010-4598-4111,음악감상
6194,임건우,35,울산 진해구 123-45,010-3556-8027,영화감상
6195,장하윤,48,서울 성동구 123-45,010-6998-6393,사진촬영
6196,한수빈,24,서울 유성구 123-45,010-5225-1952,유튜브 보기
6197,조서준,40,고양 일산동구 123-45,010-8590-7170,웹서핑
6198,김지민,33,서울 수성구 123-45,010-9507-2881,드로잉
6199,오서연,53,서울 팔달구 123-45,010-4643-7645,드로잉
6200,서태윤,68,포항 남구 123-45,010-5738-2127,일기 쓰기
6201,최도윤,20,제주 서구 123-45,010-4906-4113,음악감상
6202,이하윤,37,천안 달서구 123-45,010-4736-6844,등산
6203,최하윤,77,남양주 일산동구 123-45,010-9088-4993,게임
6204,최서연,77,천안 진해구 123-45,010-3453-4888,드로잉
6205,한태윤,74,남양주 수성구 123-45,010-9338-1452,게임
6206,박예린,37,울산 남구 123-45,010-9820-2381,웹서핑
6207,장예은,28,창원 유성구 123-45,010-5653-7509,독서
6208,최민수,71,대구 남구 123-45,010-5554-9107,보드게임
6209,임하윤,59,화성 달서구 123-45,010-7662-1819,드로잉
6210,장지민,58,평택 강서구 123-45,010-3781-7308,드로잉
6211,최태윤,61,서울 달서구 123-45,010-7570-5616,유튜브 보기
6212,이서연,61,전주 강남구 123-45,010-4673-6544,등산
6213,박현우,71,세종 분당구 123-45,010-3870-3965,게임
6214,윤은우,73,부산 유성구 123-45,010-1164-8560,독서
6215,박지안,58,남양주 진해구 123-45,010-7055-6396,등산
6216,임하윤,49,평택 분당구 123-45,010-8427-3078,뜨개질
6217,한하윤,74,성남 진해구 123-45,010-8634-5996,운동
6218,조지안,23,안산 장유동 123-45,010-5889-1427,자전거 타기
6219,한지민,33,세종 남구 123-45,010-5540-4743,영화감상
6220,임예린,33,남양주 팔달구 123-45,010-9878-7175,요리
6221,조태윤,24,전주 송파구 123-45,010-8378-2134,보드게임
6222,강하윤,51,부산 일산동구 123-45,010-3397-6851,자전거 타기
6223,정유진,79,제주 흥덕구 123-45,010-2137-8978,영화감상
6224,윤예린,46,제주 강서구 123-45,010-2307-2185,보드게임
6225,윤예린,28,청주 팔달구 123-45,010-5206-3260,카페 투어
6226,장시우,55,평택 서북구 123-45,010-9574-6593,게임
6227,장수빈,20,광주 해운대구 123-45,010-7710-3005,여행
6228,윤지안,76,고양 팔달구 123-45,010-6211-3581,드로잉
6229,정유진,32,평택 덕진구 123-45,010-4670-8069,카페 투어
6230,이시우,45,화성 덕진구 123-45,010-7758-8069,요리
6231,서소율,40,포항 유성구 123-45,010-3803-6079,드로잉
6232,이서연,51,평택 신제주 123-45,010-3764-4955,자전거 타기
6233,한현우,54,성남 남구 123-45,010-2843-8147,여행
6234,신건우,27,전주 신제주 123-45,010-8499-3279,카페 투어
6235,윤민수,54,전주 성북구 123-45,010-8177-3346,보드게임
6236,이하은,66,평택 장유동 123-45,010-3664-8250,게임
6237,김예은,79,청주 덕양구 123-45,010-8939-9196,카페 투어
6238,강예린,34,김해 남구 123-45,010-1335-9878,보드게임
6239,한서연,48,인천 성동구 123-45,010-8574-3068,등산
6240,강태윤,38,성남 중구 123-45,010-6518-8300,음악감상
6241,김민수,47,울산 성북구 123-45,010-7927-4041,등산
6242,장시우,53,제주 덕양구 123-45,010-9481-8876,게임
6243,윤시우,44,전주 덕진구 123-45,010-2652-6398,일기 쓰기
6244,조지원,27,부산 일산동구 123-45,010-4149-2519,카페 투어
6245,신서준,33,평택 강남구 123-45,010-6224-6090,운동
6246,박수빈,30,부산 서북구 123-45,010-8137-1863,운동
6247,임서준,67,천안 팔달구 123-45,010-5585-5536,유튜브 보기
6248,박지민,41,제주 성동구 123-45,010-6599-1748,수영
6249,신서연,26,수원 서구 123-45,010-1460-2943,요리
6250,한하윤,59,남양주 성동구 123-45,010-6182-3856,드로잉
6251,김지원,37,평택 강남구 123-45,010-3231-2874,게임
6252,서유진,76,대전 해운대구 123-45,010-8659-2107,요리
6253,임하윤,75,전주 팔달구 123-45,010-3717-3480,자전거 타기
6254,박은우,65,전주 팔달구 123-45,010-9482-5455,사진촬영
6255,김소율,77,남양주 일산동구 123-45,010-2892-3387,게임
6256,조서연,52,고양 팔달구 123-45,010-3497-3444,보드게임
6257,임현우,70,전주 덕양구 123-45,010-2058-6236,드로잉
6258,김지민,56,고양 서북구 123-45,010-2884-5611,음악감상
6259,이예린,45,안양 유성구 123-45,010-8858-2404,유튜브 보기
6260,임지후,48,전주 서북구 123-45,010-4337-3118,유튜브 보기
6261,최수빈,55,창원 덕진구 123-45,010-1227-8404,요리
6262,박지원,48,창원 강남구 123-45,010-2380-7702,독서
6263,이지원,35,부산 성북구 123-45,010-1864-2909,보드게임
6264,박태윤,33,김해 수성구 123-45,010-4779-2915,보드게임
6265,강유진,76,대구 서구 123-45,010-2951-1456,웹서핑
6266,박지민,21,평택 분당구 123-45,010-2250-6150,등산
6267,김민수,56,용인 송파구 123-45,010-4630-1470,사진촬영
6268,임지민,67,안양 중구 123-45,010-6943-9737,자전거 타기
6269,윤현우,27,울산 수성구 123-45,010-5944-1824,음악감상
6270,김예린,54,수원 서북구 123-45,010-6687-3036,운동
6271,정소율,64,용인 수성구 123-45,010-1556-8775,여행
6272,한지민,38,울산 일산동구 123-45,010-1629-6073,뜨개질
6273,한민수,62,용인 덕양구 123-45,010-7293-7988,음악감상
6274,조현우,24,서울 수성구 123-45,010-5329-5560,영화감상
6275,김유진,38,서울 장유동 123-45,010-1026-1400,드로잉
6276,정건우,38,제주 팔달구 123-45,010-3622-9067,게임
6277,정지원,47,대구 덕진구 123-45,010-2910-8083,자전거 타기
6278,윤태윤,43,광주 신제주 123-45,010-2105-8042,등산
6279,강지민,36,성남 중구 123-45,010-5872-6040,보드게임
6280,임건우,46,서울 북구 123-45,010-7384-2446,일기 쓰기
6281,조시우,39,고양 장유동 123-45,010-8315-1831,일기 쓰기
6282,임유진,51,안양 팔달구 123-45,010-2551-1617,유튜브 보기
6283,최유진,76,김해 수성구 123-45,010-4374-1208,보드게임
6284,박민수,75,수원 동구 123-45,010-4364-7828,음악감상
6285,조현우,21,인천 분당구 123-45,010-8316-2374,등산
6286,조하윤,56,전주 서북구 123-45,010-5260-2382,게임
6287,서현우,75,전주 동구 123-45,010-5564-2608,영화감상
6288,신태윤,25,수원 강서구 123-45,010-4227-6947,독서
6289,서지후,31,천안 진해구 123-45,010-6634-8137,요리
6290,서서준,37,광주 진해구 123-45,010-7198-5945,등산
6291,조지원,33,수원 분당구 123-45,010-1386-7992,유튜브 보기
6292,박하윤,76,화성 북구 123-45,010-2083-2124,요리
6293,서하은,75,고양 덕진구 123-45,010-3971-6503,보드게임
6294,이태윤,51,전주 진해구 123-45,010-1623-5874,웹서핑
6295,정시우,70,서울 팔달구 123-45,010-4537-4768,유튜브 보기
6296,신지후,32,광주 흥덕구 123-45,010-2262-3335,웹서핑
6297,윤예은,58,전주 서구 123-45,010-4480-2906,운동
6298,한하윤,42,성남 장유동 123-45,010-3933-4785,요리
6299,정하은,53,광주 분당구 123-45,010-4159-3463,사진촬영
6300,정지후,44,대구 덕양구 123-45,010-6770-1907,등산
6301,임태윤,72,청주 중구 123-45,010-6066-7200,음악감상
6302,정지후,46,대구 기흥구 123-45,010-2050-3950,게임
6303,한예린,76,울산 해운대구 123-45,010-1845-4958,게임
6304,김지안,33,울산 유성구 123-45,010-4905-6522,영화감상
6305,한지안,61,광주 서구 123-45,010-5007-2290,일기 쓰기
6306,임서준,55,울산 진해구 123-45,010-2805-3992,요리
6307,강지안,45,전주 진해구 123-45,010-8404-6253,웹서핑
6308,임지안,56,평택 해운대구 123-45,010-5570-6514,카페 투어
6309,윤수빈,52,천안 성북구 123-45,010-8641-8272,사진촬영
6310,최시우,76,청주 서구 123-45,010-6782-1656,사진촬영
6311,조유진,41,평택 해운대구 123-45,010-7858-9468,유튜브 보기
6312,윤수빈,71,대전 성동구 123-45,010-1725-6036,카페 투어
6313,서수빈,75,포항 흥덕구 123-45,010-1446-9290,영화감상
6314,이유진,75,전주 강남구 123-45,010-6476-4574,음악감상
6315,최은우,56,청주 기흥구 123-45,010-2449-3843,영화감상
6316,윤민수,54,수원 성동구 123-45,010-5242-4664,운동
6317,한유진,68,용인 서북구 123-45,010-9888-2912,운동
6318,신시우,30,안산 덕진구 123-45,010-2905-4962,웹서핑
6319,박도윤,29,안양 일산동구 123-45,010-3632-4970,뜨개질
6320,최지안,59,대구 흥덕구 123-45,010-1208-7790,운동
6321,강하윤,48,수원 유성구 123-45,010-6645-4057,보드게임
6322,윤하은,30,광주 수성구 123-45,010-6996-5924,요리
6323,정지안,46,창원 덕양구 123-45,010-5774-6560,여행
6324,임시우,48,인천 중구 123-45,010-1929-1461,유튜브 보기
6325,윤하은,47,화성 성동구 123-45,010-9615-3230,웹서핑
6326,윤현우,71,수원 유성구 123-45,010-5429-9915,유튜브 보기
6327,오하은,25,평택 덕양구 123-45,010-8533-9982,자전거 타기
6328,임은우,54,용인 덕양구 123-45,010-5157-1310,드로잉
6329,한도윤,52,전주 장유동 123-45,010-4141-7591,게임
6330,최시우,32,포항 서북구 123-45,010-7028-6512,자전거 타기
6331,조하윤,47,부산 송파구 123-45,010-3476-4420,드로잉
6332,정민수,57,인천 수성구 123-45,010-5626-6858,영화감상
6333,최지후,33,울산 강남구 123-45,010-6015-5652,자전거 타기
6334,강시우,35,김해 성동구 123-45,010-4673-5179,운동
6335,한태윤,56,화성 성동구 123-45,010-3619-4714,영화감상
6336,장서연,77,대구 동구 123-45,010-1521-4743,자전거 타기
6337,오현우,60,김해 서북구 123-45,010-1013-3277,운동
6338,서태윤,34,포항 흥덕구 123-45,010-7621-5732,뜨개질
6339,임도윤,35,서울 동구 123-45,010-3498-4519,음악감상
6340,이지안,22,고양 기흥구 123-45,010-3474-7957,영화감상
6341,신지후,74,광주 강서구 123-45,010-2127-4985,자전거 타기
6342,정수빈,70,수원 분당구 123-45,010-6646-7339,영화감상
6343,한시우,46,포항 송파구 123-45,010-1793-7685,게임
6344,강예린,63,화성 기흥구 123-45,010-6869-7614,운동
6345,최지안,75,김해 서북구 123-45,010-7797-5650,등산
6346,장예은,71,광주 남구 123-45,010-2437-7823,운동
6347,정지안,43,안산 흥덕구 123-45,010-8936-3338,웹서핑
6348,윤도윤,21,용인 흥덕구 123-45,010-8003-5712,영화감상
6349,박수빈,43,세종 달서구 123-45,010-1911-2726,뜨개질
6350,임민수,72,안양 동구 123-45,010-1667-1826,카페 투어
6351,박지원,59,천안 수성구 123-45,010-2807-5567,사진촬영
6352,김소율,40,창원 일산동구 123-45,010-9154-6836,게임
6353,한도윤,61,울산 달서구 123-45,010-1341-1326,게임
6354,이하은,35,포항 흥덕구 123-45,010-4758-9642,카페 투어
6355,김지민,38,광주 수성구 123-45,010-6502-4740,요리
6356,윤하윤,56,용인 장유동 123-45,010-3820-5226,일기 쓰기
6357,윤태윤,38,제주 달서구 123-45,010-2640-5913,음악감상
6358,김서준,70,남양주 덕양구 123-45,010-1512-2688,유튜브 보기
6359,정은우,44,부산 중구 123-45,010-7334-4648,뜨개질
6360,박지후,57,화성 장유동 123-45,010-3711-9938,유튜브 보기
6361,윤하은,39,고양 서북구 123-45,010-1878-8073,카페 투어
6362,장유진,22,세종 동구 123-45,010-5015-8963,보드게임
6363,최현우,60,평택 송파구 123-45,010-5061-5205,독서
6364,윤지민,78,부산 강서구 123-45,010-9221-7452,사진촬영
6365,신현우,46,대전 서북구 123-45,010-5040-4508,자전거 타기
6366,강시우,35,광주 서북구 123-45,010-2269-4357,자전거 타기
6367,장소율,64,부산 기흥구 123-45,010-2892-6369,자전거 타기
6368,정예린,29,성남 분당구 123-45,010-8725-8063,요리
6369,임민수,75,김해 기흥구 123-45,010-3559-6043,등산
6370,박민수,37,광주 강남구 123-45,010-7489-2644,드로잉
6371,조유진,70,울산 서구 123-45,010-6788-6061,요리
6372,박민수,36,인천 분당구 123-45,010-3046-8493,여행
6373,강하은,68,포항 해운대구 123-45,010-9617-4854,드로잉
6374,윤민수,39,서울 일산동구 123-45,010-1642-5417,일기 쓰기
6375,오예은,51,세종 성동구 123-45,010-2387-8017,음악감상
6376,최현우,48,용인 수성구 123-45,010-4762-5508,유튜브 보기
6377,조도윤,71,세종 기흥구 123-45,010-2848-7237,독서
6378,박예린,70,포항 서구 123-45,010-2610-3924,유튜브 보기
6379,정시우,54,전주 덕진구 123-45,010-2547-3093,독서
6380,오예린,60,용인 덕양구 123-45,010-9360-9301,유튜브 보기
6381,김지후,73,세종 동구 123-45,010-8098-3376,운동
6382,최예은,63,김해 신제주 123-45,010-4024-3533,뜨개질
6383,한지후,77,인천 장유동 123-45,010-2339-8496,사진촬영
6384,김지민,46,대구 송파구 123-45,010-3544-2415,뜨개질
6385,장소율,42,고양 덕진구 123-45,010-2897-4038,사진촬영
6386,장태윤,67,포항 팔달구 123-45,010-9428-3196,영화감상
6387,이수빈,34,청주 흥덕구 123-45,010-9282-9859,일기 쓰기
6388,김도윤,40,수원 서구 123-45,010-7002-2748,보드게임
6389,한지원,66,청주 남구 123-45,010-3524-6416,웹서핑
6390,최예린,57,세종 덕양구 123-45,010-7118-9520,요리
6391,최소율,23,용인 덕양구 123-45,010-6650-1862,운동
6392,최예린,63,울산 강남구 123-45,010-6870-6314,일기 쓰기
6393,최유진,69,김해 신제주 123-45,010-5939-1982,운동
6394,박도윤,72,안산 동구 123-45,010-6838-4699,사진촬영
6395,박서연,42,제주 덕진구 123-45,010-8858-1609,일기 쓰기
6396,최예린,47,대구 중구 123-45,010-5268-2018,게임
6397,장지원,74,세종 기흥구 123-45,010-6318-1400,자전거 타기
6398,김소율,55,안산 성북구 123-45,010-9548-5579,드로잉
6399,한시우,63,김해 남구 123-45,010-2842-1788,뜨개질
6400,서하은,68,전주 덕양구 123-45,010-8460-8348,수영
6401,최민수,54,울산 일산동구 123-45,010-3589-5686,드로잉
6402,김시우,79,울산 흥덕구 123-45,010-4889-2056,게임
6403,김민수,60,수원 신제주 123-45,010-5986-5975,뜨개질
6404,윤하은,30,평택 달서구 123-45,010-6766-3216,수영
6405,최지민,42,포항 성동구 123-45,010-4056-9439,자전거 타기
6406,장지원,76,광주 해운대구 123-45,010-9019-8988,보드게임
6407,서예은,28,청주 강남구 123-45,010-6354-2329,유튜브 보기
6408,서예은,40,천안 기흥구 123-45,010-6883-3814,웹서핑
6409,강지후,63,수원 유성구 123-45,010-7079-5917,음악감상
6410,윤서연,30,대전 강남구 123-45,010-3011-8510,카페 투어
6411,신현우,46,대전 북구 123-45,010-1226-7899,운동
6412,한유진,51,제주 수성구 123-45,010-6025-7293,보드게임
6413,김서연,72,인천 흥덕구 123-45,010-3930-8958,독서
6414,이지안,25,성남 기흥구 123-45,010-9922-1949,보드게임
6415,한서준,31,안양 일산동구 123-45,010-5402-5621,드로잉
6416,김예린,31,창원 장유동 123-45,010-2322-7622,유튜브 보기
6417,최서연,60,서울 수성구 123-45,010-1561-4059,드로잉
6418,박도윤,32,평택 중구 123-45,010-5486-5450,일기 쓰기
6419,임지후,43,수원 기흥구 123-45,010-1827-8015,음악감상
6420,김수빈,76,부산 장유동 123-45,010-2420-7121,자전거 타기
6421,윤건우,26,울산 서구 123-45,010-3212-6299,자전거 타기
6422,김건우,49,남양주 송파구 123-45,010-4193-4277,유튜브 보기
6423,서도윤,30,부산 달서구 123-45,010-3195-5721,영화감상
6424,박서준,74,부산 신제주 123-45,010-4881-6766,보드게임
6425,김예린,55,천안 서북구 123-45,010-7268-5648,게임
6426,임예린,26,광주 신제주 123-45,010-5977-3582,게임
6427,강건우,75,수원 유성구 123-45,010-5115-6034,보드게임
6428,오도윤,48,창원 일산동구 123-45,010-8479-3653,드로잉
6429,박수빈,75,남양주 기흥구 123-45,010-5863-3656,수영
6430,신서준,52,전주 흥덕구 123-45,010-5224-1404,자전거 타기
6431,서도윤,71,안양 진해구 123-45,010-2716-4067,유튜브 보기
6432,한도윤,32,울산 해운대구 123-45,010-8976-9693,일기 쓰기
6433,최하윤,74,제주 해운대구 123-45,010-6814-9532,음악감상
6434,최태윤,58,안산 송파구 123-45,010-2301-4833,게임
6435,정지원,67,전주 성북구 123-45,010-6804-2589,여행
6436,윤하은,28,청주 진해구 123-45,010-5579-8455,수영
6437,한건우,79,대구 흥덕구 123-45,010-5922-1604,웹서핑
6438,신예은,54,청주 진해구 123-45,010-7487-7379,게임
6439,조도윤,37,안양 신제주 123-45,010-1405-1181,자전거 타기
6440,윤하은,57,대구 성동구 123-45,010-9943-3396,게임
6441,오서준,68,울산 진해구 123-45,010-8201-9016,영화감상
6442,김건우,70,창원 북구 123-45,010-3584-1907,게임
6443,임예린,33,서울 성동구 123-45,010-9989-6390,독서
6444,박하윤,27,전주 성동구 123-45,010-9478-3785,사진촬영
6445,강건우,39,광주 성동구 123-45,010-7349-2336,뜨개질
6446,윤예은,27,제주 장유동 123-45,010-7071-4401,카페 투어
6447,서유진,65,고양 해운대구 123-45,010-8014-7503,보드게임
6448,강건우,73,성남 남구 123-45,010-4735-2785,자전거 타기
6449,윤서준,61,안산 덕진구 123-45,010-3045-8715,수영
6450,박시우,57,고양 성북구 123-45,010-4412-3196,등산
6451,장도윤,79,수원 흥덕구 123-45,010-4615-6535,요리
6452,조건우,68,남양주 중구 123-45,010-1554-1211,영화감상
6453,김시우,54,인천 북구 123-45,010-4185-3194,유튜브 보기
6454,최하윤,60,포항 송파구 123-45,010-9983-3286,요리
6455,윤소율,21,안양 송파구 123-45,010-8447-2319,요리
6456,오유진,61,서울 덕양구 123-45,010-6687-3158,여행
6457,오도윤,65,안양 덕진구 123-45,010-8344-8397,일기 쓰기
6458,윤현우,71,창원 북구 123-45,010-4912-9709,일기 쓰기
6459,조건우,57,천안 달서구 123-45,010-8544-2039,게임
6460,서소율,30,부산 장유동 123-45,010-3334-1683,영화감상
6461,서하윤,48,포항 기흥구 123-45,010-6852-9604,일기 쓰기
6462,이지민,40,천안 강남구 123-45,010-6543-1698,일기 쓰기
6463,정수빈,35,청주 남구 123-45,010-8225-2535,뜨개질
6464,임지후,55,용인 성동구 123-45,010-1216-4658,독서
6465,박하은,37,안산 유성구 123-45,010-3484-9447,수영
6466,윤수빈,49,광주 덕양구 123-45,010-2901-9301,등산
6467,임예은,53,수원 유성구 123-45,010-8490-8998,요리
6468,강지민,46,안산 서구 123-45,010-1963-3843,뜨개질
6469,장하은,69,고양 장유동 123-45,010-2928-6677,보드게임
6470,정지민,63,포항 덕진구 123-45,010-2760-1453,여행
6471,김서연,41,김해 유성구 123-45,010-8019-2206,독서
6472,김유진,37,용인 강남구 123-45,010-7424-5813,자전거 타기
6473,정하은,48,수원 남구 123-45,010-2928-2632,유튜브 보기
6474,김지안,42,화성 장유동 123-45,010-6809-6212,드로잉
6475,박지안,33,세종 기흥구 123-45,010-5012-9125,영화감상
6476,서하은,62,대구 동구 123-45,010-7432-6106,보드게임
6477,임하윤,57,수원 달서구 123-45,010-8604-8838,유튜브 보기
6478,최민수,41,서울 서구 123-45,010-3721-2752,요리
6479,김민수,59,용인 분당구 123-45,010-4350-2772,수영
6480,장현우,59,창원 진해구 123-45,010-7497-3536,독서
6481,오건우,70,김해 동구 123-45,010-4061-4104,보드게임
6482,이예린,38,대전 서구 123-45,010-6150-8834,웹서핑
6483,박하윤,48,광주 수성구 123-45,010-5359-3051,게임
6484,정서준,24,화성 흥덕구 123-45,010-1116-4576,일기 쓰기
6485,박예린,37,청주 강서구 123-45,010-3153-7661,보드게임
6486,장지민,39,천안 성북구 123-45,010-9666-4874,음악감상
6487,김지안,71,평택 서구 123-45,010-1120-7985,수영
6488,김수빈,23,용인 남구 123-45,010-5770-8586,유튜브 보기
6489,서하은,47,서울 성동구 123-45,010-2649-2095,등산
6490,강시우,53,고양 서구 123-45,010-9355-3408,요리
6491,조태윤,54,울산 수성구 123-45,010-6857-8488,자전거 타기
6492,김은우,75,세종 중구 123-45,010-1314-2741,자전거 타기
6493,김건우,76,대전 흥덕구 123-45,010-8534-2108,보드게임
6494,오서준,36,세종 진해구 123-45,010-4451-4787,드로잉
6495,강지후,31,포항 성북구 123-45,010-7083-1286,웹서핑
6496,조하은,35,용인 달서구 123-45,010-5659-8875,웹서핑
6497,박민수,64,안양 서북구 123-45,010-2542-9526,운동
6498,정예은,60,성남 북구 123-45,010-2704-1557,등산
6499,오소율,27,화성 진해구 123-45,010-5220-2300,보드게임
6500,최지민,32,전주 유성구 123-45,010-1631-3170,뜨개질
6501,오시우,35,광주 기흥구 123-45,010-6555-1754,요리
6502,윤민수,60,세종 흥덕구 123-45,010-9548-7540,여행
6503,임지원,58,고양 일산동구 123-45,010-1678-3730,드로잉
6504,최지원,22,창원 서구 123-45,010-5037-8699,등산
6505,정건우,20,남양주 강서구 123-45,010-5971-5627,요리
6506,최지안,66,수원 동구 123-45,010-3630-7521,카페 투어
6507,강유진,60,대구 흥덕구 123-45,010-3543-7968,영화감상
6508,임건우,29,부산 분당구 123-45,010-5597-9350,게임
6509,윤지안,76,서울 송파구 123-45,010-7640-5560,뜨개질
6510,최은우,60,광주 중구 123-45,010-5582-7564,일기 쓰기
6511,강서연,37,수원 해운대구 123-45,010-2657-1989,일기 쓰기
6512,한하은,64,대구 덕진구 123-45,010-7319-2435,웹서핑
6513,서유진,43,안양 강서구 123-45,010-7088-3320,뜨개질
6514,윤소율,59,광주 덕양구 123-45,010-4180-5924,일기 쓰기
6515,최유진,68,청주 장유동 123-45,010-6539-2354,독서
6516,장민수,21,대구 북구 123-45,010-3587-5849,카페 투어
6517,최유진,69,고양 수성구 123-45,010-2597-2564,사진촬영
6518,윤은우,71,세종 중구 123-45,010-2488-6675,자전거 타기
6519,임은우,78,천안 분당구 123-45,010-4925-5584,자전거 타기
6520,윤지안,46,평택 달서구 123-45,010-2073-3378,운동
6521,장소율,34,수원 장유동 123-45,010-8126-8837,사진촬영
6522,오서준,39,대전 송파구 123-45,010-1250-6775,운동
6523,장지원,75,안산 분당구 123-45,010-2534-5708,운동
6524,서도윤,72,부산 동구 123-45,010-8129-5156,요리
6525,조수빈,65,수원 기흥구 123-45,010-7619-3264,보드게임
6526,오소율,64,전주 팔달구 123-45,010-1426-8305,수영
6527,장태윤,23,제주 신제주 123-45,010-1768-1185,게임
6528,최도윤,46,제주 분당구 123-45,010-6787-2672,자전거 타기
6529,김수빈,67,김해 남구 123-45,010-6468-2328,사진촬영
6530,한지원,55,용인 북구 123-45,010-1656-3697,웹서핑
6531,장하윤,66,제주 진해구 123-45,010-2010-4590,일기 쓰기
6532,신수빈,70,청주 강남구 123-45,010-3831-9838,요리
6533,박지안,44,인천 강남구 123-45,010-4513-5699,수영
6534,서지원,46,용인 덕양구 123-45,010-3333-8503,카페 투어
6535,장하은,35,전주 송파구 123-45,010-9324-9850,여행
6536,신소율,62,김해 남구 123-45,010-8494-4613,뜨개질
6537,신예린,44,세종 동구 123-45,010-7578-7331,일기 쓰기
6538,이유진,45,포항 팔달구 123-45,010-2295-4162,수영
6539,윤건우,64,부산 덕양구 123-45,010-2295-7014,일기 쓰기
6540,조예은,28,천안 진해구 123-45,010-3222-8615,독서
6541,오서준,51,광주 장유동 123-45,010-6935-8830,운동
6542,임하은,54,남양주 팔달구 123-45,010-3599-7467,운동
6543,장지원,67,대구 성동구 123-45,010-2881-9250,음악감상
6544,박서준,62,수원 달서구 123-45,010-9912-3578,보드게임
6545,강지원,48,인천 강남구 123-45,010-8840-4693,뜨개질
6546,서서준,60,세종 수성구 123-45,010-9982-4331,자전거 타기
6547,윤은우,45,창원 일산동구 123-45,010-8099-7846,뜨개질
6548,최예은,73,안산 서북구 123-45,010-5677-3359,게임
6549,장소율,29,안산 일산동구 123-45,010-8230-9999,보드게임
6550,박지원,50,대전 분당구 123-45,010-8930-1247,자전거 타기
6551,박현우,57,용인 기흥구 123-45,010-4341-5674,뜨개질
6552,오하윤,24,대전 성북구 123-45,010-9611-9630,음악감상
6553,임건우,24,광주 일산동구 123-45,010-6023-8950,자전거 타기
6554,신지원,45,대전 분당구 123-45,010-3613-5906,음악감상
6555,김지원,33,광주 성북구 123-45,010-4520-1029,요리
6556,최하은,37,울산 덕진구 123-45,010-5724-1486,자전거 타기
6557,조민수,74,전주 동구 123-45,010-9820-5632,보드게임
6558,신서준,57,고양 수성구 123-45,010-3182-4811,드로잉
6559,강수빈,71,성남 성북구 123-45,010-1226-3792,영화감상
6560,이지후,46,포항 동구 123-45,010-4543-8145,사진촬영
6561,박지민,54,대구 강남구 123-45,010-2974-3487,게임
6562,한유진,41,수원 서구 123-45,010-2236-5049,보드게임
6563,정예은,72,남양주 서북구 123-45,010-2036-1964,유튜브 보기
6564,박지민,48,포항 북구 123-45,010-2740-1637,등산
6565,조서준,46,포항 유성구 123-45,010-5747-2072,요리
6566,최지후,43,안산 서구 123-45,010-4593-2669,게임
6567,이지안,48,화성 북구 123-45,010-3207-6662,등산
6568,강은우,63,전주 팔달구 123-45,010-2274-3419,웹서핑
6569,한지후,32,천안 남구 123-45,010-1925-6070,카페 투어
6570,한소율,49,고양 기흥구 123-45,010-8516-5999,웹서핑
6571,윤서준,59,광주 유성구 123-45,010-1210-1361,유튜브 보기
6572,조서준,59,대전 달서구 123-45,010-9251-4763,자전거 타기
6573,오은우,66,남양주 성동구 123-45,010-8970-7280,뜨개질
6574,정예린,32,대구 장유동 123-45,010-6021-9791,일기 쓰기
6575,장시우,53,제주 분당구 123-45,010-4268-7420,수영
6576,오은우,43,평택 강남구 123-45,010-8758-7829,운동
6577,서지민,42,대전 팔달구 123-45,010-2796-9085,영화감상
6578,강하윤,64,포항 팔달구 123-45,010-2268-5613,일기 쓰기
6579,김은우,45,수원 동구 123-45,010-3519-6318,게임
6580,서민수,77,서울 서북구 123-45,010-9867-4432,드로잉
6581,윤수빈,60,수원 중구 123-45,010-4530-1294,사진촬영
6582,윤하윤,45,화성 성동구 123-45,010-5169-4224,보드게임
6583,윤지원,24,울산 덕진구 123-45,010-1850-5888,음악감상
6584,강민수,27,광주 서북구 123-45,010-4562-4437,일기 쓰기
6585,강현우,42,용인 진해구 123-45,010-5284-3300,수영
6586,김예은,27,성남 남구 123-45,010-1620-1665,드로잉
6587,최서연,46,김해 강남구 123-45,010-3061-1082,드로잉
6588,윤유진,54,창원 서북구 123-45,010-2347-4133,유튜브 보기
6589,최예은,58,창원 강서구 123-45,010-2850-6844,수영
6590,이소율,53,수원 기흥구 123-45,010-6429-7400,카페 투어
6591,강시우,27,성남 서구 123-45,010-4704-6740,음악감상
6592,최유진,50,안산 서구 123-45,010-1406-2390,운동
6593,조소율,34,울산 중구 123-45,010-6772-2329,자전거 타기
6594,최지후,36,평택 흥덕구 123-45,010-1156-3245,카페 투어
6595,조유진,47,세종 남구 123-45,010-4547-7517,수영
6596,김지후,50,천안 강남구 123-45,010-3372-3200,독서
6597,한태윤,72,전주 분당구 123-45,010-6274-6505,여행
6598,서수빈,76,제주 서구 123-45,010-4274-3136,게임
6599,장현우,61,인천 분당구 123-45,010-4502-1495,카페 투어
6600,이하윤,40,제주 동구 123-45,010-1091-3445,음악감상
6601,조지민,53,포항 북구 123-45,010-3028-8478,사진촬영
6602,임예은,41,제주 달서구 123-45,010-1005-2360,드로잉
6603,윤태윤,71,인천 강서구 123-45,010-8537-7336,등산
6604,정현우,26,창원 신제주 123-45,010-2396-8355,드로잉
6605,정지후,68,김해 유성구 123-45,010-4690-2470,사진촬영
6606,박지안,71,안산 송파구 123-45,010-3790-3863,웹서핑
6607,서지민,63,김해 진해구 123-45,010-6764-9593,뜨개질
6608,조은우,33,김해 신제주 123-45,010-9568-4515,운동
6609,장지원,47,청주 팔달구 123-45,010-6900-2594,자전거 타기
6610,강민수,29,평택 일산동구 123-45,010-4750-7403,사진촬영
6611,신태윤,34,청주 일산동구 123-45,010-4279-4402,운동
6612,정은우,49,서울 북구 123-45,010-7101-9934,요리
6613,최민수,44,고양 일산동구 123-45,010-9442-4313,자전거 타기
6614,최수빈,20,청주 해운대구 123-45,010-5219-2397,자전거 타기
6615,강유진,47,안양 기흥구 123-45,010-6394-4554,뜨개질
6616,조현우,69,포항 흥덕구 123-45,010-4173-9897,자전거 타기
6617,정소율,36,제주 강남구 123-45,010-8389-8213,등산
6618,장민수,61,성남 진해구 123-45,010-3519-4612,운동
6619,조예린,28,성남 강남구 123-45,010-3870-4195,유튜브 보기
6620,윤지원,63,대전 분당구 123-45,010-3710-5655,여행
6621,오소율,51,전주 수성구 123-45,010-3955-5228,영화감상
6622,윤유진,53,인천 진해구 123-45,010-1417-2170,사진촬영
6623,정서연,71,남양주 강남구 123-45,010-8913-2587,카페 투어
6624,윤서연,65,안산 북구 123-45,010-3090-1734,여행
6625,조소율,29,세종 성동구 123-45,010-8109-2952,등산
6626,오지안,55,세종 해운대구 123-45,010-4128-8845,자전거 타기
6627,조하은,21,천안 진해구 123-45,010-9485-1579,독서
6628,신은우,24,수원 진해구 123-45,010-8904-3856,요리
6629,박지안,61,김해 분당구 123-45,010-9268-2558,카페 투어
6630,김민수,26,세종 일산동구 123-45,010-4854-4999,등산
6631,오수빈,74,용인 진해구 123-45,010-9224-4211,여행
6632,장예린,68,청주 덕진구 123-45,010-1656-5555,게임
6633,최하윤,61,안양 덕진구 123-45,010-5062-7113,사진촬영
6634,이시우,29,성남 강서구 123-45,010-9242-3109,영화감상
6635,서유진,46,화성 강남구 123-45,010-2988-2035,웹서핑
6636,장민수,57,서울 신제주 123-45,010-8906-2256,카페 투어
6637,한건우,75,부산 수성구 123-45,010-2341-4264,운동
6638,강예린,65,수원 해운대구 123-45,010-8388-8546,수영
6639,박유진,61,울산 동구 123-45,010-3847-8330,요리
6640,임도윤,46,인천 유성구 123-45,010-5822-3502,음악감상
6641,조소율,72,포항 덕양구 123-45,010-5632-1546,등산
6642,신지원,22,부산 신제주 123-45,010-5140-8029,드로잉
6643,신하윤,78,청주 강서구 123-45,010-7091-9425,유튜브 보기
6644,윤현우,57,천안 분당구 123-45,010-8860-9191,유튜브 보기
6645,박민수,72,전주 동구 123-45,010-4215-8384,영화감상
6646,한은우,36,울산 해운대구 123-45,010-3258-2397,음악감상
6647,최지원,30,포항 해운대구 123-45,010-2455-5769,등산
6648,서건우,56,전주 장유동 123-45,010-5156-3105,등산
6649,신은우,22,제주 기흥구 123-45,010-3049-9787,등산
6650,임건우,34,화성 남구 123-45,010-9254-6612,여행
6651,서은우,37,세종 남구 123-45,010-6891-5463,보드게임
6652,강하윤,28,세종 달서구 123-45,010-3294-4381,등산
6653,조민수,44,김해 유성구 123-45,010-4080-4880,영화감상
6654,윤유진,74,평택 북구 123-45,010-9320-7984,게임
6655,윤소율,47,대전 남구 123-45,010-1567-1198,요리
6656,임예린,57,포항 일산동구 123-45,010-8842-7043,유튜브 보기
6657,이지민,56,청주 송파구 123-45,010-6931-9450,운동
6658,조유진,62,수원 서북구 123-45,010-4632-4713,유튜브 보기
6659,서지원,56,제주 흥덕구 123-45,010-1331-3013,운동
6660,한지후,46,제주 수성구 123-45,010-3816-1931,웹서핑
6661,신은우,39,서울 수성구 123-45,010-4978-5863,독서
6662,최태윤,27,인천 흥덕구 123-45,010-3047-3353,뜨개질
6663,김유진,59,수원 강남구 123-45,010-8319-4139,뜨개질
6664,신현우,45,천안 해운대구 123-45,010-3216-2309,게임
6665,장지원,65,울산 장유동 123-45,010-7277-6073,자전거 타기
6666,정서연,29,수원 팔달구 123-45,010-6171-6575,독서
6667,장태윤,61,남양주 해운대구 123-45,010-8275-4321,사진촬영
6668,장지원,56,인천 흥덕구 123-45,010-1723-2792,독서
6669,정서연,42,천안 팔달구 123-45,010-1868-1990,드로잉
6670,강하은,31,부산 흥덕구 123-45,010-4293-9938,독서
6671,서하윤,54,서울 중구 123-45,010-6999-1263,웹서핑
6672,윤하은,48,김해 북구 123-45,010-3231-6349,음악감상
6673,조건우,65,전주 신제주 123-45,010-1472-1039,독서
6674,윤태윤,67,천안 신제주 123-45,010-2686-2587,자전거 타기
6675,박서준,22,창원 서북구 123-45,010-5435-7485,자전거 타기
6676,박도윤,65,대전 신제주 123-45,010-8622-3068,독서
6677,임태윤,31,제주 성동구 123-45,010-6791-8603,드로잉
6678,오서연,63,청주 남구 123-45,010-4300-2554,카페 투어
6679,한예은,41,대전 남구 123-45,010-1512-4627,게임
6680,최지원,47,고양 강서구 123-45,010-7454-6157,유튜브 보기
6681,정도윤,25,대구 강서구 123-45,010-9746-3116,게임
6682,정지민,40,제주 해운대구 123-45,010-9073-5991,독서
6683,서예은,31,창원 중구 123-45,010-2372-3216,수영
6684,정서준,25,남양주 강남구 123-45,010-4273-6944,음악감상
6685,한은우,68,포항 해운대구 123-45,010-8938-9896,일기 쓰기
6686,조지민,78,남양주 달서구 123-45,010-2387-8401,드로잉
6687,임시우,31,창원 성북구 123-45,010-6376-9901,드로잉
6688,장서준,32,제주 기흥구 123-45,010-3838-7644,유튜브 보기
6689,서지민,63,남양주 해운대구 123-45,010-5717-7921,보드게임
6690,정서연,57,전주 서북구 123-45,010-8380-1410,요리
6691,강예은,54,대전 동구 123-45,010-6333-6915,영화감상
6692,장지후,72,고양 덕양구 123-45,010-8588-4058,여행
6693,서하은,73,안양 수성구 123-45,010-8117-3212,일기 쓰기
6694,장예린,44,평택 진해구 123-45,010-1331-5528,등산
6695,이지민,76,수원 북구 123-45,010-7497-5375,자전거 타기
6696,한소율,37,평택 강서구 123-45,010-5717-6107,요리
6697,최은우,29,안양 남구 123-45,010-6384-6220,일기 쓰기
6698,한지원,65,대구 송파구 123-45,010-9040-7852,웹서핑
6699,임하은,73,수원 송파구 123-45,010-8878-3524,보드게임
6700,윤예린,23,인천 남구 123-45,010-4560-1828,일기 쓰기
6701,서민수,36,대전 일산동구 123-45,010-5752-8744,유튜브 보기
6702,김예은,46,천안 중구 123-45,010-6219-6366,자전거 타기
6703,정서연,60,대전 진해구 123-45,010-7163-4721,사진촬영
6704,오지민,38,용인 동구 123-45,010-7509-4920,사진촬영
6705,이예린,58,창원 서구 123-45,010-9131-1935,일기 쓰기
6706,장은우,52,청주 남구 123-45,010-6332-4173,자전거 타기
6707,장예린,55,수원 달서구 123-45,010-2487-5909,운동
6708,장수빈,21,성남 해운대구 123-45,010-6332-2126,뜨개질
6709,서건우,59,남양주 덕양구 123-45,010-1651-9066,게임
6710,정하윤,42,전주 남구 123-45,010-2523-3731,게임
6711,최하윤,44,수원 중구 123-45,010-3508-5225,유튜브 보기
6712,서건우,73,서울 달서구 123-45,010-1317-8381,웹서핑
6713,이하은,43,대구 기흥구 123-45,010-1423-4530,보드게임
6714,정지안,70,인천 중구 123-45,010-2920-3614,뜨개질
6715,윤시우,32,남양주 강서구 123-45,010-5025-7317,게임
6716,한시우,62,화성 팔달구 123-45,010-2664-2670,카페 투어
6717,정수빈,73,고양 팔달구 123-45,010-3007-6372,자전거 타기
6718,신유진,74,인천 덕양구 123-45,010-1099-1055,영화감상
6719,이건우,31,포항 송파구 123-45,010-7822-2561,뜨개질
6720,장건우,68,용인 진해구 123-45,010-5325-4401,수영
6721,서지민,66,고양 장유동 123-45,010-1179-5691,영화감상
6722,정하은,64,제주 강서구 123-45,010-8852-2334,영화감상
6723,임서준,33,포항 송파구 123-45,010-3899-5844,드로잉
6724,신예은,50,창원 팔달구 123-45,010-1933-2798,일기 쓰기
6725,오유진,66,용인 동구 123-45,010-6395-1238,요리
6726,신서준,26,전주 달서구 123-45,010-5419-3386,웹서핑
6727,서지후,29,광주 동구 123-45,010-9240-3016,뜨개질
6728,신태윤,62,광주 성동구 123-45,010-5870-3740,독서
6729,김소율,21,화성 송파구 123-45,010-8095-2652,등산
6730,윤지원,76,고양 신제주 123-45,010-8793-2037,게임
6731,임예은,36,포항 송파구 123-45,010-1509-3739,영화감상
6732,최유진,50,세종 성북구 123-45,010-7665-3461,보드게임
6733,임현우,23,대구 송파구 123-45,010-1703-1622,독서
6734,강하윤,56,울산 동구 123-45,010-1876-1925,영화감상
6735,박도윤,26,세종 성동구 123-45,010-6818-8030,카페 투어
6736,최서준,31,김해 진해구 123-45,010-3135-3311,수영
6737,최하윤,51,포항 성북구 123-45,010-7323-5796,수영
6738,서유진,52,제주 성동구 123-45,010-3790-2115,카페 투어
6739,최건우,71,안양 수성구 123-45,010-3263-2329,영화감상
6740,임지원,61,용인 송파구 123-45,010-1238-3995,뜨개질
6741,오도윤,51,화성 강남구 123-45,010-9276-4870,독서
6742,윤서준,66,청주 수성구 123-45,010-9405-7487,일기 쓰기
6743,장지후,39,울산 송파구 123-45,010-1925-5891,여행
6744,장지후,76,안양 진해구 123-45,010-1456-1641,일기 쓰기
6745,최서준,49,전주 덕진구 123-45,010-1096-2659,웹서핑
6746,오은우,44,인천 동구 123-45,010-5507-3577,음악감상
6747,임은우,50,울산 유성구 123-45,010-5794-3862,일기 쓰기
6748,윤서연,43,광주 달서구 123-45,010-7411-4656,독서
6749,정서연,74,세종 강남구 123-45,010-6768-1636,영화감상
6750,김소율,71,울산 신제주 123-45,010-8630-5504,일기 쓰기
6751,최서준,71,인천 서구 123-45,010-2615-4504,웹서핑
6752,서은우,59,인천 덕양구 123-45,010-1017-7874,독서
6753,강서준,30,성남 유성구 123-45,010-8029-6858,독서
6754,오예린,38,남양주 신제주 123-45,010-5992-3278,보드게임
6755,이하은,59,천안 덕진구 123-45,010-4813-6434,카페 투어
6756,장도윤,65,성남 서북구 123-45,010-4329-2245,여행
6757,신서연,28,전주 서북구 123-45,010-5525-4035,수영
6758,한지안,55,울산 흥덕구 123-45,010-8792-1025,드로잉
6759,임예린,46,대전 수성구 123-45,010-7026-1156,일기 쓰기
6760,신유진,22,부산 북구 123-45,010-6155-5074,등산
6761,정지안,65,안산 흥덕구 123-45,010-5890-5927,등산
6762,장하은,36,인천 송파구 123-45,010-7910-2226,독서
6763,정현우,20,평택 신제주 123-45,010-9880-3294,카페 투어
6764,김지민,77,울산 일산동구 123-45,010-7750-9249,사진촬영
6765,임수빈,78,성남 성동구 123-45,010-1202-8488,요리
6766,장지후,26,인천 달서구 123-45,010-5978-6481,유튜브 보기
6767,서지후,44,광주 동구 123-45,010-2678-3055,카페 투어
6768,임예은,53,용인 남구 123-45,010-4820-8850,여행
6769,한예린,69,대구 동구 123-45,010-1759-4484,뜨개질
6770,정서준,25,제주 일산동구 123-45,010-3308-6277,요리
6771,오도윤,20,청주 유성구 123-45,010-4475-1536,일기 쓰기
6772,박수빈,21,세종 서구 123-45,010-8052-7004,사진촬영
6773,윤지후,22,안산 성동구 123-45,010-2608-3341,보드게임
6774,박예은,73,울산 남구 123-45,010-9428-2456,사진촬영
6775,이지민,58,고양 중구 123-45,010-8241-1722,여행
6776,윤지후,26,용인 덕진구 123-45,010-4582-2265,자전거 타기
6777,강예은,43,울산 진해구 123-45,010-2941-8065,독서
6778,오수빈,74,서울 팔달구 123-45,010-7082-4208,자전거 타기
6779,장예은,39,안산 중구 123-45,010-9695-3410,사진촬영
6780,임소율,36,대전 중구 123-45,010-2995-2231,여행
6781,김은우,27,고양 남구 123-45,010-7934-5552,영화감상
6782,강서준,39,천안 성북구 123-45,010-2998-4614,드로잉
6783,조예린,31,대구 해운대구 123-45,010-2237-1827,보드게임
6784,정소율,23,수원 해운대구 123-45,010-5625-6695,독서
6785,김수빈,73,제주 강남구 123-45,010-1747-3284,운동
6786,신지원,49,화성 남구 123-45,010-8048-5106,보드게임
6787,박시우,29,제주 팔달구 123-45,010-6483-7012,음악감상
6788,한지원,71,부산 달서구 123-45,010-3489-3265,카페 투어
6789,박하윤,34,남양주 덕진구 123-45,010-7988-4164,등산
6790,임건우,72,성남 장유동 123-45,010-2392-5772,사진촬영
6791,박지후,31,고양 흥덕구 123-45,010-9801-9660,수영
6792,정예은,47,평택 수성구 123-45,010-9051-8436,음악감상
6793,오태윤,50,남양주 흥덕구 123-45,010-8713-4679,영화감상
6794,정하은,56,고양 강서구 123-45,010-8871-6747,드로잉
6795,서시우,47,고양 달서구 123-45,010-3703-3052,보드게임
6796,정민수,68,성남 송파구 123-45,010-4760-7826,게임
6797,윤은우,20,울산 강남구 123-45,010-4194-3902,독서
6798,박현우,77,청주 성북구 123-45,010-3003-9360,카페 투어
6799,한소율,54,전주 강남구 123-45,010-6221-2892,자전거 타기
6800,김지원,58,김해 덕양구 123-45,010-9278-4401,등산
6801,박지안,58,김해 북구 123-45,010-9687-2097,유튜브 보기
6802,임민수,46,평택 흥덕구 123-45,010-4830-5988,웹서핑
6803,정하윤,52,수원 덕양구 123-45,010-6068-6932,등산
6804,정지원,45,창원 진해구 123-45,010-8719-6250,자전거 타기
6805,장은우,42,광주 기흥구 123-45,010-2128-5344,사진촬영
6806,임서연,20,인천 달서구 123-45,010-8302-8196,등산
6807,김서연,41,세종 서북구 123-45,010-1170-2580,등산
6808,박시우,37,울산 덕양구 123-45,010-7409-5349,수영
6809,윤서연,49,김해 강서구 123-45,010-9438-3610,보드게임
6810,강태윤,71,창원 흥덕구 123-45,010-4357-3835,웹서핑
6811,박유진,68,안양 신제주 123-45,010-1904-3595,운동
6812,정지후,65,용인 기흥구 123-45,010-4126-5257,유튜브 보기
6813,오하윤,67,창원 해운대구 123-45,010-3215-1680,보드게임
6814,김서준,39,서울 장유동 123-45,010-5377-5712,일기 쓰기
6815,최도윤,63,화성 팔달구 123-45,010-6631-7626,음악감상
6816,한지안,35,수원 북구 123-45,010-3628-8192,여행
6817,조유진,40,제주 성북구 123-45,010-2812-2299,자전거 타기
6818,최소율,52,안산 진해구 123-45,010-2732-2914,웹서핑
6819,박유진,28,천안 수성구 123-45,010-4925-5906,독서
6820,오도윤,77,광주 진해구 123-45,010-8357-4184,보드게임
6821,조시우,40,창원 흥덕구 123-45,010-1494-8257,일기 쓰기
6822,김예은,50,대구 중구 123-45,010-3469-3722,웹서핑
6823,오태윤,52,성남 흥덕구 123-45,010-2044-3088,유튜브 보기
6824,윤지안,24,포항 북구 123-45,010-5504-2458,수영
6825,정예은,50,인천 해운대구 123-45,010-6811-9466,게임
6826,오지민,56,광주 팔달구 123-45,010-2620-7464,여행
6827,최지안,67,안양 송파구 123-45,010-9226-7111,드로잉
6828,한태윤,39,고양 팔달구 123-45,010-6941-6518,독서
6829,이예은,63,전주 해운대구 123-45,010-6693-3496,드로잉
6830,장시우,59,고양 서구 123-45,010-4433-8892,유튜브 보기
6831,강유진,20,용인 일산동구 123-45,010-1929-5870,수영
6832,강지원,48,용인 신제주 123-45,010-6756-6292,여행
6833,장지후,43,안산 신제주 123-45,010-4051-2729,자전거 타기
6834,임민수,71,고양 일산동구 123-45,010-1836-2110,드로잉
6835,한지민,49,창원 해운대구 123-45,010-1520-5308,영화감상
6836,임은우,73,청주 팔달구 123-45,010-2485-5827,보드게임
6837,최서준,66,성남 성동구 123-45,010-1317-5975,카페 투어
6838,정민수,52,남양주 북구 123-45,010-2741-1805,등산
6839,최유진,20,성남 기흥구 123-45,010-4422-1026,보드게임
6840,최시우,79,천안 분당구 123-45,010-3416-5988,독서
6841,정하윤,75,김해 장유동 123-45,010-8298-5624,보드게임
6842,임예은,37,광주 성동구 123-45,010-6276-9090,자전거 타기
6843,임수빈,50,고양 덕진구 123-45,010-2901-2744,드로잉
6844,서태윤,70,천안 달서구 123-45,010-4285-3064,카페 투어
6845,윤서연,32,평택 성북구 123-45,010-7324-2420,영화감상
6846,장유진,36,제주 진해구 123-45,010-6017-3893,요리
6847,최수빈,55,천안 흥덕구 123-45,010-6044-7998,게임
6848,강지후,50,청주 팔달구 123-45,010-9740-1693,자전거 타기
6849,임유진,67,광주 유성구 123-45,010-2170-7997,게임
6850,서시우,71,대전 남구 123-45,010-4756-9798,드로잉
6851,윤하윤,62,세종 일산동구 123-45,010-9083-9747,영화감상
6852,박지원,47,대구 중구 123-45,010-5949-5867,보드게임
6853,한하윤,61,수원 흥덕구 123-45,010-3292-8874,뜨개질
6854,최서준,47,화성 일산동구 123-45,010-2965-7973,드로잉
6855,강건우,73,울산 달서구 123-45,010-4234-3537,여행
6856,정예은,44,창원 신제주 123-45,010-3761-6700,요리
6857,정서준,22,광주 서북구 123-45,010-9130-3154,독서
6858,이서준,36,대구 북구 123-45,010-6405-2705,일기 쓰기
6859,임지후,42,안산 일산동구 123-45,010-5161-1566,등산
6860,임시우,58,천안 강남구 123-45,010-5238-3654,게임
6861,오태윤,34,안산 덕진구 123-45,010-6108-3062,드로잉
6862,장도윤,41,대구 기흥구 123-45,010-1210-2708,게임
6863,강민수,70,대전 신제주 123-45,010-1976-3851,드로잉
6864,정현우,53,부산 신제주 123-45,010-9429-6387,게임
6865,최하윤,24,성남 장유동 123-45,010-5331-4710,수영
6866,정태윤,56,남양주 송파구 123-45,010-5805-1972,보드게임
6867,최예린,25,광주 강남구 123-45,010-2312-3296,독서
6868,최하윤,69,대전 신제주 123-45,010-4063-4065,자전거 타기
6869,한지민,58,용인 진해구 123-45,010-5885-3562,요리
6870,오서준,55,용인 강서구 123-45,010-9991-7914,유튜브 보기
6871,김민수,47,수원 분당구 123-45,010-5711-3692,운동
6872,박유진,50,수원 달서구 123-45,010-4083-8280,웹서핑
6873,한소율,26,천안 진해구 123-45,010-7771-9201,드로잉
6874,오민수,63,대전 성북구 123-45,010-3087-9301,카페 투어
6875,조유진,51,성남 남구 123-45,010-2934-8185,자전거 타기
6876,박지안,75,대구 기흥구 123-45,010-3416-5514,웹서핑
6877,신지후,49,서울 기흥구 123-45,010-1510-3564,보드게임
6878,서지민,44,대구 중구 123-45,010-1628-9023,여행
6879,이은우,75,고양 해운대구 123-45,010-6190-1269,자전거 타기
6880,정소율,78,안양 강서구 123-45,010-2672-6061,독서
6881,조시우,50,남양주 강남구 123-45,010-2300-6476,요리
6882,한지안,46,성남 팔달구 123-45,010-1832-6086,영화감상
6883,조서연,21,천안 수성구 123-45,010-3437-2097,사진촬영
6884,서도윤,41,대전 달서구 123-45,010-8442-9875,여행
6885,장수빈,55,용인 성동구 123-45,010-7559-3647,음악감상
6886,김하윤,28,천안 덕양구 123-45,010-9130-4620,드로잉
6887,최도윤,34,세종 북구 123-45,010-7317-2869,운동
6888,이지안,57,대전 장유동 123-45,010-3765-7258,드로잉
6889,조민수,42,성남 유성구 123-45,010-5917-7837,독서
6890,정은우,71,안양 흥덕구 123-45,010-2170-2335,드로잉
6891,김도윤,41,화성 송파구 123-45,010-9452-5977,드로잉
6892,윤소율,29,천안 강남구 123-45,010-2131-5867,웹서핑
6893,한태윤,76,안산 송파구 123-45,010-7456-6000,웹서핑
6894,신지민,40,세종 동구 123-45,010-1583-1367,드로잉
6895,장건우,40,평택 성북구 123-45,010-2380-7396,운동
6896,강소율,23,안산 수성구 123-45,010-7547-6245,웹서핑
6897,오지후,33,남양주 수성구 123-45,010-1238-8902,사진촬영
6898,박도윤,69,안양 성북구 123-45,010-1915-3902,일기 쓰기
6899,오서연,65,청주 수성구 123-45,010-5156-8223,뜨개질
6900,김은우,41,성남 장유동 123-45,010-1165-5058,음악감상
6901,정하은,25,창원 진해구 123-45,010-6777-2201,영화감상
6902,박지후,46,대전 유성구 123-45,010-6229-4314,등산
6903,최예린,42,인천 강남구 123-45,010-4284-8907,드로잉
6904,이수빈,76,포항 강서구 123-45,010-6121-7320,보드게임
6905,신예은,36,남양주 남구 123-45,010-2032-9439,독서
6906,장건우,29,부산 중구 123-45,010-9502-2797,뜨개질
6907,박유진,21,세종 강서구 123-45,010-5179-8549,음악감상
6908,오예은,44,광주 성북구 123-45,010-3999-1936,일기 쓰기
6909,조민수,73,성남 분당구 123-45,010-6947-5976,게임
6910,정서준,64,서울 강남구 123-45,010-6924-1429,웹서핑
6911,임도윤,35,서울 중구 123-45,010-3779-3072,일기 쓰기
6912,이하윤,73,서울 중구 123-45,010-2904-7394,영화감상
6913,최예은,58,평택 강서구 123-45,010-8914-1830,요리
6914,이소율,68,용인 동구 123-45,010-5440-1643,영화감상
6915,박예린,55,제주 팔달구 123-45,010-2699-5051,유튜브 보기
6916,이현우,31,인천 남구 123-45,010-9314-4838,음악감상
6917,조도윤,37,성남 일산동구 123-45,010-7773-3136,운동
6918,박태윤,69,김해 성북구 123-45,010-7138-6758,일기 쓰기
6919,장민수,79,안산 장유동 123-45,010-1539-5181,독서
6920,장서준,69,화성 분당구 123-45,010-2230-8228,뜨개질
6921,김현우,66,안양 해운대구 123-45,010-6116-3845,일기 쓰기
6922,조예은,67,안산 진해구 123-45,010-1395-4680,카페 투어
6923,장유진,73,대전 남구 123-45,010-6579-8975,운동
6924,윤수빈,21,서울 강남구 123-45,010-9100-5715,영화감상
6925,서하윤,63,제주 장유동 123-45,010-7447-4870,사진촬영
6926,임태윤,70,포항 팔달구 123-45,010-5497-8967,여행
6927,김지원,66,광주 성북구 123-45,010-3084-5137,등산
6928,장예린,25,평택 장유동 123-45,010-6821-3500,자전거 타기
6929,오지안,79,인천 흥덕구 123-45,010-3254-4635,독서
6930,한시우,65,포항 진해구 123-45,010-4181-5532,운동
6931,김민수,58,창원 팔달구 123-45,010-3532-6187,보드게임
6932,조하윤,73,평택 덕양구 123-45,010-8503-9671,카페 투어
6933,신민수,45,부산 강서구 123-45,010-9010-2756,유튜브 보기
6934,강지원,42,용인 장유동 123-45,010-8704-6639,운동
6935,장하윤,57,김해 해운대구 123-45,010-3316-2765,일기 쓰기
6936,강소율,47,평택 강남구 123-45,010-9476-7204,음악감상
6937,정현우,46,창원 서구 123-45,010-5097-1432,카페 투어
6938,서지민,79,김해 서북구 123-45,010-7465-5208,운동
6939,정지민,42,수원 강남구 123-45,010-3117-5398,음악감상
6940,조서연,30,김해 수성구 123-45,010-5283-5427,유튜브 보기
6941,김서연,70,부산 해운대구 123-45,010-1652-4752,수영
6942,장수빈,69,용인 신제주 123-45,010-6383-3206,여행
6943,오서준,54,광주 흥덕구 123-45,010-4525-5968,웹서핑
6944,이지후,61,서울 일산동구 123-45,010-7147-4019,게임
6945,장예은,53,평택 흥덕구 123-45,010-6492-7157,영화감상
6946,임은우,27,김해 송파구 123-45,010-3292-3795,게임
6947,장수빈,46,대전 진해구 123-45,010-9349-1473,음악감상
6948,서민수,77,전주 신제주 123-45,010-2046-1317,드로잉
6949,정지안,66,천안 달서구 123-45,010-3183-2437,보드게임
6950,윤예린,59,고양 덕진구 123-45,010-2007-3717,보드게임
6951,오지안,44,청주 송파구 123-45,010-4846-3033,자전거 타기
6952,이서연,38,인천 달서구 123-45,010-4171-1474,음악감상
6953,신태윤,43,평택 덕진구 123-45,010-3207-1040,음악감상
6954,임지원,23,천안 달서구 123-45,010-6559-4837,수영
6955,임태윤,48,창원 진해구 123-45,010-8023-8890,자전거 타기
6956,강하은,48,수원 강서구 123-45,010-4858-7295,일기 쓰기
6957,김수빈,34,세종 신제주 123-45,010-6026-3768,독서
6958,조서준,28,안양 북구 123-45,010-6430-8371,독서
6959,박예린,52,김해 성북구 123-45,010-6567-4403,운동
6960,한예린,22,청주 진해구 123-45,010-3963-8711,영화감상
6961,조시우,48,울산 팔달구 123-45,010-8090-5003,음악감상
6962,오시우,70,제주 유성구 123-45,010-9315-5190,웹서핑
6963,김현우,26,창원 팔달구 123-45,010-6384-4515,등산
6964,조지원,61,제주 강남구 123-45,010-1558-7233,게임
6965,강지안,73,전주 수성구 123-45,010-6758-6787,수영
6966,최지안,65,천안 장유동 123-45,010-5126-4216,웹서핑
6967,신도윤,64,광주 남구 123-45,010-7825-1595,유튜브 보기
6968,장하윤,54,김해 성동구 123-45,010-4395-6260,보드게임
6969,박지민,20,서울 동구 123-45,010-2142-7278,보드게임
6970,조태윤,41,전주 덕양구 123-45,010-5223-3327,게임
6971,임유진,64,대전 신제주 123-45,010-4994-2827,게임
6972,이민수,71,안산 팔달구 123-45,010-1442-2081,독서
6973,강지민,39,인천 수성구 123-45,010-6802-3988,음악감상
6974,장지민,73,대구 서구 123-45,010-5719-9452,드로잉
6975,오예린,30,인천 동구 123-45,010-1907-5051,운동
6976,이서준,48,청주 해운대구 123-45,010-8883-5800,운동
6977,정예린,36,세종 덕양구 123-45,010-9746-2783,음악감상
6978,신하윤,50,대구 장유동 123-45,010-1100-4407,뜨개질
6979,윤지원,68,제주 신제주 123-45,010-5332-7690,사진촬영
6980,김하은,31,대전 분당구 123-45,010-7118-3409,요리
6981,임예은,64,천안 흥덕구 123-45,010-5966-2414,유튜브 보기
6982,김수빈,72,대전 서북구 123-45,010-5911-2127,음악감상
6983,한현우,65,서울 수성구 123-45,010-1717-3058,운동
6984,이유진,46,광주 덕진구 123-45,010-6996-3323,카페 투어
6985,윤예은,55,용인 남구 123-45,010-2902-6752,독서
6986,정건우,23,인천 강서구 123-45,010-2840-6902,등산
6987,이서준,28,포항 팔달구 123-45,010-1494-9817,영화감상
6988,박도윤,67,안산 강남구 123-45,010-4115-2472,드로잉
6989,강지민,49,안산 동구 123-45,010-2442-6790,운동
6990,윤태윤,43,천안 덕양구 123-45,010-4328-3674,여행
6991,정소율,58,성남 덕양구 123-45,010-3775-3520,카페 투어
6992,강태윤,32,평택 팔달구 123-45,010-1452-4742,운동
6993,강하윤,33,천안 장유동 123-45,010-3458-5104,게임
6994,이서준,31,평택 팔달구 123-45,010-8261-1204,등산
6995,오서준,31,안양 동구 123-45,010-1424-9839,카페 투어
6996,장수빈,66,세종 달서구 123-45,010-9808-1838,음악감상
6997,윤지원,56,창원 강남구 123-45,010-8270-2926,요리
6998,한수빈,56,성남 송파구 123-45,010-1209-1140,요리
6999,박지민,71,성남 수성구 123-45,010-8753-6261,영화감상
7000,임하은,44,안양 송파구 123-45,010-5589-5352,뜨개질
7001,오예린,42,광주 기흥구 123-45,010-1415-4071,운동
7002,김시우,58,울산 유성구 123-45,010-8490-3786,등산
7003,윤하은,41,전주 강서구 123-45,010-4987-1700,등산
7004,박서준,48,부산 덕진구 123-45,010-3957-8228,음악감상
7005,한현우,71,부산 신제주 123-45,010-3643-2012,자전거 타기
7006,박지민,77,대전 남구 123-45,010-1642-6262,드로잉
7007,신서연,38,세종 기흥구 123-45,010-1636-1186,웹서핑
7008,신민수,52,청주 해운대구 123-45,010-8055-5297,자전거 타기
7009,김은우,39,서울 성동구 123-45,010-3155-1806,유튜브 보기
7010,박수빈,41,포항 흥덕구 123-45,010-7112-5039,운동
7011,서지후,35,천안 강서구 123-45,010-7894-9800,유튜브 보기
7012,이하은,73,세종 분당구 123-45,010-6474-8744,유튜브 보기
7013,정하윤,22,서울 장유동 123-45,010-6368-1395,보드게임
7014,오하은,73,남양주 기흥구 123-45,010-9100-6782,보드게임
7015,이지민,37,김해 동구 123-45,010-3631-3582,카페 투어
7016,박예린,51,부산 동구 123-45,010-6720-3105,보드게임
7017,김수빈,51,고양 성북구 123-45,010-1912-3843,등산
7018,정하은,31,화성 동구 123-45,010-4253-5971,웹서핑
7019,장서연,35,평택 북구 123-45,010-1705-6852,일기 쓰기
7020,김지후,26,용인 장유동 123-45,010-3584-7572,영화감상
7021,신시우,71,청주 기흥구 123-45,010-5637-9032,운동
7022,오서준,69,대구 강남구 123-45,010-4205-5438,음악감상
7023,한수빈,48,수원 팔달구 123-45,010-2954-9121,보드게임
7024,오하은,69,청주 일산동구 123-45,010-1770-4689,사진촬영
7025,정은우,26,수원 해운대구 123-45,010-4070-9032,사진촬영
7026,김소율,24,부산 수성구 123-45,010-3499-6670,카페 투어
7027,신지후,35,안양 유성구 123-45,010-2668-5718,자전거 타기
7028,최서연,58,안양 성동구 123-45,010-6198-6583,음악감상
7029,윤도윤,28,대전 유성구 123-45,010-4491-1733,자전거 타기
7030,임은우,32,광주 장유동 123-45,010-8431-1509,드로잉
7031,윤건우,33,청주 신제주 123-45,010-2814-6092,사진촬영
7032,장지안,27,안산 덕진구 123-45,010-4004-2808,독서
7033,김태윤,53,용인 해운대구 123-45,010-2859-4909,등산
7034,장민수,20,평택 동구 123-45,010-4977-4913,유튜브 보기
7035,임현우,50,안산 서구 123-45,010-2344-6113,운동
7036,장예린,37,평택 동구 123-45,010-6308-3498,독서
7037,서태윤,56,용인 기흥구 123-45,010-1120-8688,여행
7038,신지민,46,광주 해운대구 123-45,010-5634-9963,카페 투어
7039,윤소율,42,전주 팔달구 123-45,010-6194-4933,독서
7040,신서연,28,서울 수성구 123-45,010-3910-9142,음악감상
7041,오예린,70,광주 성동구 123-45,010-4665-5088,운동
7042,장건우,68,김해 서북구 123-45,010-3272-3323,요리
7043,한지민,57,제주 동구 123-45,010-7980-2898,카페 투어
7044,박서준,39,화성 동구 123-45,010-5827-4116,요리
7045,강서준,31,포항 서북구 123-45,010-1102-9244,유튜브 보기
7046,한서연,71,고양 유성구 123-45,010-8284-6313,영화감상
7047,한소율,22,천안 일산동구 123-45,010-1534-2934,게임
7048,오지안,52,안산 해운대구 123-45,010-3289-1683,사진촬영
7049,오민수,55,용인 성북구 123-45,010-8487-2875,수영
7050,오민수,47,청주 강남구 123-45,010-7510-9372,음악감상
7051,박유진,27,김해 송파구 123-45,010-2136-4090,음악감상
7052,최유진,77,세종 송파구 123-45,010-5745-5461,독서
7053,신시우,50,서울 북구 123-45,010-9092-5590,요리
7054,윤태윤,71,용인 북구 123-45,010-9239-2293,유튜브 보기
7055,정지안,38,김해 기흥구 123-45,010-9818-4766,영화감상
7056,신현우,75,평택 남구 123-45,010-8092-6880,일기 쓰기
7057,박유진,67,화성 북구 123-45,010-9174-6117,뜨개질
7058,정지안,65,대전 성동구 123-45,010-6509-4453,카페 투어
7059,강서연,56,수원 강남구 123-45,010-4292-5250,드로잉
7060,이수빈,38,대전 팔달구 123-45,010-2208-7565,독서
7061,정시우,48,전주 북구 123-45,010-3667-7304,사진촬영
7062,강태윤,75,대구 성동구 123-45,010-5506-9418,영화감상
7063,서은우,28,안산 덕진구 123-45,010-1487-1950,사진촬영
7064,임하은,25,제주 강서구 123-45,010-4655-2724,드로잉
7065,이민수,75,세종 진해구 123-45,010-5724-2350,자전거 타기
7066,조지원,62,인천 유성구 123-45,010-6164-7572,여행
7067,서지안,48,안양 강서구 123-45,010-2777-8625,독서
7068,김현우,54,서울 중구 123-45,010-1975-1684,자전거 타기
7069,김소율,69,김해 장유동 123-45,010-7482-4344,음악감상
7070,신유진,54,포항 일산동구 123-45,010-5405-6653,요리
7071,조은우,50,대구 강남구 123-45,010-3291-4925,여행
7072,신서준,51,서울 기흥구 123-45,010-2162-9895,사진촬영
7073,최은우,25,남양주 덕진구 123-45,010-4523-1959,영화감상
7074,이하은,35,전주 기흥구 123-45,010-4292-9819,수영
7075,이민수,47,남양주 중구 123-45,010-8070-5848,드로잉
7076,장수빈,73,수원 덕양구 123-45,010-4423-5155,웹서핑
7077,이서연,33,대구 송파구 123-45,010-4881-6289,자전거 타기
7078,임지후,72,고양 신제주 123-45,010-9176-4815,카페 투어
7079,윤지민,51,울산 해운대구 123-45,010-6904-1978,웹서핑
7080,박지후,20,수원 성동구 123-45,010-8182-3153,요리
7081,장서연,67,서울 성북구 123-45,010-4570-4710,뜨개질
7082,박지민,26,울산 남구 123-45,010-3555-8969,운동
7083,조태윤,70,청주 흥덕구 123-45,010-8499-8861,등산
7084,최유진,40,전주 서구 123-45,010-4079-6697,음악감상
7085,임도윤,61,서울 팔달구 123-45,010-6288-9560,요리
7086,이유진,58,서울 북구 123-45,010-9676-4801,음악감상
7087,정지원,36,포항 송파구 123-45,010-3078-3552,영화감상
7088,임수빈,20,청주 해운대구 123-45,010-7433-3179,뜨개질
7089,강건우,29,고양 장유동 123-45,010-9713-2989,유튜브 보기
7090,정하은,49,청주 흥덕구 123-45,010-8235-7647,뜨개질
7091,강지안,40,수원 일산동구 123-45,010-5544-3530,음악감상
7092,김건우,38,김해 일산동구 123-45,010-3550-8878,뜨개질
7093,임지후,71,용인 장유동 123-45,010-5743-2503,일기 쓰기
7094,조민수,22,광주 신제주 123-45,010-7144-1962,게임
7095,신지안,63,남양주 성동구 123-45,010-1483-1164,일기 쓰기
7096,한지원,48,전주 동구 123-45,010-1717-5964,여행
7097,윤수빈,57,포항 유성구 123-45,010-9953-8796,수영
7098,최서준,20,세종 진해구 123-45,010-8763-4323,수영
7099,장지안,49,부산 해운대구 123-45,010-8766-6870,사진촬영
7100,오유진,55,부산 덕진구 123-45,010-3135-6187,사진촬영
7101,윤지안,57,안양 서구 123-45,010-1439-2076,일기 쓰기
7102,조서준,50,화성 송파구 123-45,010-6668-6194,일기 쓰기
7103,조민수,78,부산 북구 123-45,010-7641-8488,카페 투어
7104,서현우,71,천안 흥덕구 123-45,010-2754-5188,일기 쓰기
7105,임예은,41,평택 해운대구 123-45,010-2673-2281,일기 쓰기
7106,신시우,69,포항 남구 123-45,010-9420-7391,카페 투어
7107,임태윤,66,포항 강남구 123-45,010-1644-5441,보드게임
7108,오유진,63,포항 동구 123-45,010-2207-1190,사진촬영
7109,강민수,59,김해 덕진구 123-45,010-2183-8858,운동
7110,강소율,49,안양 강서구 123-45,010-8489-3850,자전거 타기
7111,한시우,20,평택 송파구 123-45,010-7455-4811,영화감상
7112,임민수,77,고양 동구 123-45,010-9110-2611,유튜브 보기
7113,서예린,52,평택 달서구 123-45,010-4873-4446,웹서핑
7114,서소율,54,천안 흥덕구 123-45,010-3868-8858,드로잉
7115,오하은,70,안산 중구 123-45,010-5274-7260,등산
7116,최지안,59,대구 해운대구 123-45,010-7528-3145,운동
7117,조하윤,59,안양 유성구 123-45,010-6167-1270,뜨개질
7118,오도윤,44,김해 북구 123-45,010-5462-4825,웹서핑
7119,장서연,66,수원 흥덕구 123-45,010-3213-6341,등산
7120,조예은,34,성남 송파구 123-45,010-2971-4146,웹서핑
7121,윤수빈,62,수원 성북구 123-45,010-2401-4442,영화감상
7122,조태윤,46,수원 동구 123-45,010-7925-8813,드로잉
7123,신수빈,73,용인 중구 123-45,010-6368-1422,사진촬영
7124,오예린,58,대구 달서구 123-45,010-9473-8852,웹서핑
7125,정예린,63,천안 분당구 123-45,010-7432-9426,뜨개질
7126,한지민,62,평택 성동구 123-45,010-6827-4471,수영
7127,장예린,50,안양 남구 123-45,010-5284-2062,운동
7128,윤서연,58,김해 팔달구 123-45,010-3440-5087,자전거 타기
7129,서예은,23,인천 진해구 123-45,010-9026-2037,웹서핑
7130,강하윤,30,제주 남구 123-45,010-9486-5030,요리
7131,신지안,71,대구 신제주 123-45,010-2255-2407,음악감상
7132,오시우,64,제주 북구 123-45,010-5802-3797,보드게임
7133,최시우,38,성남 송파구 123-45,010-9936-2748,카페 투어
7134,임수빈,58,수원 남구 123-45,010-2904-3684,유튜브 보기
7135,최지민,22,대전 강서구 123-45,010-3722-4951,카페 투어
7136,한도윤,50,천안 분당구 123-45,010-4933-5580,일기 쓰기
7137,윤예은,64,용인 북구 123-45,010-7363-7616,드로잉
7138,윤서연,68,남양주 서구 123-45,010-9600-9135,드로잉
7139,서예린,24,남양주 장유동 123-45,010-6646-5079,보드게임
7140,신수빈,25,대구 분당구 123-45,010-1659-2086,등산
7141,조은우,48,대전 강서구 123-45,010-7721-8815,보드게임
7142,최지안,63,광주 팔달구 123-45,010-5469-4281,보드게임
7143,임예은,49,용인 남구 123-45,010-2433-6527,등산
7144,박수빈,65,전주 덕양구 123-45,010-2787-7385,영화감상
7145,최수빈,32,수원 팔달구 123-45,010-8644-6177,일기 쓰기
7146,신시우,78,세종 강서구 123-45,010-1929-1600,카페 투어
7147,장예은,25,전주 송파구 123-45,010-1405-9151,유튜브 보기
7148,김도윤,22,고양 서북구 123-45,010-9573-7902,카페 투어
7149,서민수,70,천안 강남구 123-45,010-2210-5352,웹서핑
7150,신소율,46,천안 진해구 123-45,010-4843-6460,카페 투어
7151,강지후,76,전주 송파구 123-45,010-1169-5694,독서
7152,오서연,20,광주 분당구 123-45,010-8721-7412,카페 투어
7153,윤지원,55,대구 덕진구 123-45,010-4485-4874,카페 투어
7154,최예린,79,포항 서북구 123-45,010-5523-5583,드로잉
7155,임예은,49,용인 팔달구 123-45,010-3476-6253,웹서핑
7156,임지안,54,화성 팔달구 123-45,010-5151-8349,요리
7157,최수빈,31,평택 덕양구 123-45,010-7980-8401,여행
7158,조시우,21,광주 성동구 123-45,010-1265-3039,음악감상
7159,임수빈,41,화성 일산동구 123-45,010-9600-2277,영화감상
7160,강지원,65,수원 신제주 123-45,010-9767-9959,음악감상
7161,이서연,41,평택 유성구 123-45,010-5423-6707,드로잉
7162,오예은,47,청주 강서구 123-45,010-5045-4790,게임
7163,신민수,60,제주 남구 123-45,010-3724-5100,보드게임
7164,조태윤,21,김해 덕진구 123-45,010-9921-1147,웹서핑
7165,윤유진,35,안양 덕진구 123-45,010-5222-7920,수영
7166,신유진,27,포항 신제주 123-45,010-5591-9682,수영
7167,조은우,70,광주 덕양구 123-45,010-6248-4178,수영
7168,장서준,66,고양 중구 123-45,010-5413-6169,독서
7169,장시우,59,제주 덕진구 123-45,010-3769-9826,운동
7170,장서준,47,화성 흥덕구 123-45,010-1544-4380,사진촬영
7171,강하은,43,세종 중구 123-45,010-4324-6321,요리
7172,강지민,43,서울 서구 123-45,010-5259-9401,수영
7173,윤서연,26,청주 북구 123-45,010-9208-1256,독서
7174,강서연,76,서울 중구 123-45,010-9062-1203,카페 투어
7175,박예은,42,포항 송파구 123-45,010-4016-5455,등산
7176,오도윤,62,세종 덕양구 123-45,010-6460-3571,영화감상
7177,박지안,68,성남 수성구 123-45,010-6827-8233,게임
7178,신지후,62,울산 강서구 123-45,010-3450-2825,요리
7179,장하윤,28,남양주 흥덕구 123-45,010-5140-3861,일기 쓰기
7180,김지후,73,대전 유성구 123-45,010-3694-1294,보드게임
7181,박유진,33,고양 성동구 123-45,010-5898-8598,운동
7182,한서연,20,화성 성동구 123-45,010-7765-4804,등산
7183,장지민,22,제주 성북구 123-45,010-5192-8243,뜨개질
7184,오서연,29,대구 북구 123-45,010-9859-2307,유튜브 보기
7185,조수빈,24,고양 진해구 123-45,010-3677-9079,요리
7186,서예은,36,평택 남구 123-45,010-3509-8517,일기 쓰기
7187,서은우,37,제주 서구 123-45,010-1885-4121,수영
7188,박예은,58,제주 덕양구 123-45,010-7833-5698,독서
7189,윤유진,50,안산 동구 123-45,010-4100-3524,사진촬영
7190,김지후,52,평택 기흥구 123-45,010-1940-1764,게임
7191,서서연,68,남양주 일산동구 123-45,010-2145-9135,수영
7192,정시우,24,안산 흥덕구 123-45,010-1946-6675,드로잉
7193,김하윤,68,화성 북구 123-45,010-2320-6364,카페 투어
7194,임소율,21,안양 강남구 123-45,010-3688-7697,자전거 타기
7195,한태윤,42,창원 성동구 123-45,010-9885-1044,여행
7196,장하윤,70,울산 중구 123-45,010-3204-5566,등산
7197,이하은,64,평택 달서구 123-45,010-5239-6224,음악감상
7198,임수빈,31,대구 분당구 123-45,010-5675-7051,운동
7199,윤하은,66,창원 진해구 123-45,010-2930-1266,독서
7200,장하은,57,부산 신제주 123-45,010-9905-7818,드로잉
7201,장은우,34,창원 해운대구 123-45,010-5906-7241,여행
7202,강예은,74,인천 서북구 123-45,010-2500-2988,독서
7203,최도윤,25,천안 성동구 123-45,010-3622-4263,자전거 타기
7204,임예은,57,안산 기흥구 123-45,010-3952-6001,일기 쓰기
7205,서수빈,60,세종 유성구 123-45,010-9122-8277,게임
7206,신서준,37,창원 북구 123-45,010-6978-7714,운동
7207,윤도윤,75,서울 남구 123-45,010-2451-5691,자전거 타기
7208,임소율,74,광주 분당구 123-45,010-5304-4265,유튜브 보기
7209,서태윤,56,세종 장유동 123-45,010-1901-2476,유튜브 보기
7210,김시우,74,수원 일산동구 123-45,010-5143-1862,등산
7211,이예은,20,창원 동구 123-45,010-7423-1256,음악감상
7212,김지후,32,천안 중구 123-45,010-7835-2186,뜨개질
7213,서수빈,31,부산 진해구 123-45,010-4941-8640,뜨개질
7214,장소율,35,안산 달서구 123-45,010-1938-7184,게임
7215,김지민,39,천안 달서구 123-45,010-6228-3317,웹서핑
7216,정민수,43,안양 중구 123-45,010-5632-1926,등산
7217,조도윤,45,광주 기흥구 123-45,010-8921-5687,유튜브 보기
7218,서지민,61,성남 송파구 123-45,010-4363-6247,카페 투어
7219,강태윤,46,포항 덕양구 123-45,010-4769-2353,사진촬영
7220,조현우,62,안양 덕양구 123-45,010-5231-4996,웹서핑
7221,한현우,78,수원 팔달구 123-45,010-4737-2123,수영
7222,김건우,43,안산 중구 123-45,010-8794-1509,영화감상
7223,임소율,79,세종 해운대구 123-45,010-3397-2965,운동
7224,오은우,62,대구 달서구 123-45,010-1152-2563,등산
7225,강지민,58,울산 분당구 123-45,010-4732-7642,일기 쓰기
7226,정서연,35,고양 유성구 123-45,010-5359-3080,유튜브 보기
7227,정지원,31,대전 해운대구 123-45,010-5218-3337,자전거 타기
7228,장시우,39,수원 강서구 123-45,010-2899-3148,자전거 타기
7229,정은우,64,남양주 해운대구 123-45,010-3468-2452,일기 쓰기
7230,이서준,35,부산 수성구 123-45,010-2402-5657,일기 쓰기
7231,신서준,26,세종 서구 123-45,010-2015-3541,유튜브 보기
7232,박도윤,57,남양주 신제주 123-45,010-6121-8855,음악감상
7233,서도윤,65,남양주 일산동구 123-45,010-7952-6491,카페 투어
7234,신하은,61,대전 팔달구 123-45,010-9179-6520,음악감상
7235,신지후,48,세종 성동구 123-45,010-7020-8768,웹서핑
7236,최시우,32,고양 달서구 123-45,010-5984-8212,여행
7237,최건우,53,전주 일산동구 123-45,010-4176-1206,웹서핑
7238,조민수,31,청주 수성구 123-45,010-7467-4140,사진촬영
7239,김지원,44,광주 분당구 123-45,010-3449-2332,유튜브 보기
7240,한예린,67,대전 신제주 123-45,010-4337-4562,독서
7241,최예은,20,부산 신제주 123-45,010-8580-5236,드로잉
7242,윤지원,61,울산 송파구 123-45,010-3720-2807,영화감상
7243,신지안,23,화성 흥덕구 123-45,010-1734-2895,보드게임
7244,최소율,51,서울 기흥구 123-45,010-3245-5675,영화감상
7245,강은우,74,대전 덕양구 123-45,010-5052-3806,독서
7246,서도윤,53,광주 중구 123-45,010-4611-8695,웹서핑
7247,서민수,25,화성 덕진구 123-45,010-6755-4010,사진촬영
7248,서지민,60,성남 덕진구 123-45,010-4986-4597,음악감상
7249,서유진,67,용인 달서구 123-45,010-1465-5260,보드게임
7250,장유진,34,천안 남구 123-45,010-4797-3565,여행
7251,최민수,46,인천 서북구 123-45,010-5609-7581,여행
7252,임지후,38,광주 중구 123-45,010-3057-7105,사진촬영
7253,윤하윤,62,부산 팔달구 123-45,010-9137-1830,유튜브 보기
7254,오현우,71,김해 남구 123-45,010-3076-9601,수영
7255,한민수,38,화성 덕양구 123-45,010-1070-2631,일기 쓰기
7256,서지후,33,천안 남구 123-45,010-3403-7487,카페 투어
7257,윤시우,28,김해 진해구 123-45,010-9373-3099,뜨개질
7258,장예린,45,김해 덕양구 123-45,010-3538-9803,일기 쓰기
7259,최태윤,29,천안 장유동 123-45,010-4435-4538,운동
7260,조태윤,72,천안 덕양구 123-45,010-8951-1223,웹서핑
7261,강수빈,69,안산 남구 123-45,010-2390-9004,게임
7262,윤소율,48,청주 수성구 123-45,010-7950-1291,독서
7263,이예은,70,안산 서구 123-45,010-6681-6100,웹서핑
7264,박시우,72,천안 서북구 123-45,010-5540-1144,유튜브 보기
7265,정지원,57,울산 분당구 123-45,010-9154-3370,뜨개질
7266,조서준,67,평택 덕양구 123-45,010-3527-3608,영화감상
7267,장유진,58,대전 덕진구 123-45,010-2230-3398,독서
7268,장지후,42,안양 강남구 123-45,010-2300-7899,보드게임
7269,서하은,75,성남 분당구 123-45,010-5851-2139,카페 투어
7270,한태윤,64,청주 기흥구 123-45,010-1471-9347,웹서핑
7271,장태윤,77,남양주 진해구 123-45,010-3724-8472,영화감상
7272,윤하윤,48,평택 유성구 123-45,010-6734-5328,등산
7273,김시우,37,제주 유성구 123-45,010-5575-2607,게임
7274,조태윤,49,부산 송파구 123-45,010-7429-9756,자전거 타기
7275,서은우,55,고양 기흥구 123-45,010-8553-9642,자전거 타기
7276,이지안,70,수원 진해구 123-45,010-7866-4319,등산
7277,장건우,65,남양주 해운대구 123-45,010-2944-1424,드로잉
7278,정수빈,23,김해 장유동 123-45,010-3497-4435,카페 투어
7279,장태윤,55,안양 신제주 123-45,010-9255-8651,여행
7280,김서준,46,대전 팔달구 123-45,010-1400-2184,웹서핑
7281,장지원,52,천안 중구 123-45,010-8252-5428,여행
7282,윤지안,46,청주 달서구 123-45,010-4755-3871,운동
7283,신소율,47,안산 유성구 123-45,010-1117-3364,보드게임
7284,강유진,54,고양 팔달구 123-45,010-3792-4586,수영
7285,정지안,34,포항 남구 123-45,010-5013-9973,보드게임
7286,김지민,22,용인 기흥구 123-45,010-8499-3138,게임
7287,김은우,65,서울 장유동 123-45,010-6643-6462,웹서핑
7288,최예은,55,안양 유성구 123-45,010-8642-1775,음악감상
7289,정현우,54,고양 신제주 123-45,010-7186-2601,운동
7290,최하윤,51,천안 중구 123-45,010-9705-2426,수영
7291,이건우,66,성남 기흥구 123-45,010-1016-2279,웹서핑
7292,이현우,57,세종 신제주 123-45,010-9070-6421,음악감상
7293,서지원,78,대전 기흥구 123-45,010-1947-9440,여행
7294,오하윤,76,용인 동구 123-45,010-9333-6352,독서
7295,임하윤,50,성남 일산동구 123-45,010-7174-4039,웹서핑
7296,한지안,60,김해 동구 123-45,010-1644-4245,등산
7297,최건우,68,성남 흥덕구 123-45,010-6224-4508,사진촬영
7298,윤서연,58,안산 흥덕구 123-45,010-2791-1580,운동
7299,한민수,20,포항 달서구 123-45,010-9732-3784,수영
7300,이은우,36,안산 수성구 123-45,010-7612-3391,자전거 타기
7301,김예린,21,고양 북구 123-45,010-5089-6172,유튜브 보기
7302,최지후,33,창원 동구 123-45,010-9472-3662,유튜브 보기
7303,조하윤,78,고양 유성구 123-45,010-5754-1208,일기 쓰기
7304,정시우,32,용인 서구 123-45,010-5975-2354,카페 투어
7305,윤소율,53,고양 덕양구 123-45,010-1134-7687,여행
7306,박지안,53,포항 강남구 123-45,010-7214-8805,웹서핑
7307,서지원,62,창원 흥덕구 123-45,010-9824-7592,운동
7308,정지원,53,용인 장유동 123-45,010-6179-4752,카페 투어
7309,이지원,71,대구 성동구 123-45,010-6863-8126,운동
7310,정태윤,30,평택 동구 123-45,010-7538-4267,여행
7311,서서연,77,대전 강서구 123-45,010-4671-9104,음악감상
7312,강예린,67,용인 강서구 123-45,010-6353-7783,웹서핑
7313,서서준,69,청주 해운대구 123-45,010-1532-7753,유튜브 보기
7314,오하윤,47,서울 강남구 123-45,010-3485-8726,웹서핑
7315,김예은,55,포항 서북구 123-45,010-2773-2800,유튜브 보기
7316,서도윤,66,고양 장유동 123-45,010-7378-7304,일기 쓰기
7317,한건우,53,창원 덕양구 123-45,010-1310-6880,운동
7318,이예은,41,고양 해운대구 123-45,010-7005-7447,수영
7319,최하윤,64,포항 덕양구 123-45,010-2059-9552,요리
7320,한서준,34,세종 흥덕구 123-45,010-4580-4291,자전거 타기
7321,신수빈,32,남양주 동구 123-45,010-9651-4474,게임
7322,장건우,24,화성 덕양구 123-45,010-5804-5581,뜨개질
7323,김도윤,23,인천 강서구 123-45,010-9674-9655,웹서핑
7324,오지민,70,천안 진해구 123-45,010-2505-2303,웹서핑
7325,서은우,54,안산 남구 123-45,010-1388-7856,음악감상
7326,최지안,24,전주 성북구 123-45,010-9729-4402,수영
7327,이소율,34,대전 흥덕구 123-45,010-9208-1455,게임
7328,조태윤,36,부산 중구 123-45,010-3376-1022,수영
7329,오도윤,71,안산 분당구 123-45,010-4874-8235,게임
7330,정하은,41,고양 진해구 123-45,010-3683-4532,독서
7331,신건우,55,천안 유성구 123-45,010-2470-8254,운동
7332,신예은,30,대전 일산동구 123-45,010-3168-4550,여행
7333,이건우,27,광주 동구 123-45,010-1139-5169,음악감상
7334,박유진,67,세종 신제주 123-45,010-1180-5948,등산
7335,한하은,55,고양 해운대구 123-45,010-6253-5868,유튜브 보기
7336,신하은,37,창원 강남구 123-45,010-1307-8040,영화감상
7337,임지안,77,전주 성동구 123-45,010-4201-6570,드로잉
7338,김현우,29,김해 진해구 123-45,010-5555-7282,여행
7339,이지민,70,안산 동구 123-45,010-8028-4075,운동
7340,정예린,76,인천 북구 123-45,010-3896-5300,등산
7341,조하윤,50,성남 중구 123-45,010-7754-4240,등산
7342,김지민,20,화성 강남구 123-45,010-6984-9750,등산
7343,박시우,55,인천 장유동 123-45,010-1250-9466,영화감상
7344,김서연,29,천안 수성구 123-45,010-7559-1722,수영
7345,임도윤,22,제주 신제주 123-45,010-2480-4097,사진촬영
7346,오지원,44,포항 북구 123-45,010-6699-4224,여행
7347,장서연,36,세종 유성구 123-45,010-4057-6752,여행
7348,신수빈,22,전주 남구 123-45,010-4064-1353,보드게임
7349,오건우,77,남양주 진해구 123-45,010-3042-5647,수영
7350,정건우,77,용인 서구 123-45,010-6844-5391,드로잉
7351,박태윤,51,부산 덕진구 123-45,010-4568-3766,영화감상
7352,최지민,44,울산 서구 123-45,010-8467-7595,요리
7353,조시우,31,천안 동구 123-45,010-1248-3816,보드게임
7354,장지민,26,평택 북구 123-45,010-6547-8596,유튜브 보기
7355,서서연,45,수원 일산동구 123-45,010-9119-1228,사진촬영
7356,정건우,75,전주 서북구 123-45,010-7200-1966,일기 쓰기
7357,최하윤,75,울산 서북구 123-45,010-6426-5116,음악감상
7358,장하윤,29,안양 분당구 123-45,010-8384-5303,웹서핑
7359,윤시우,38,남양주 동구 123-45,010-9494-8210,여행
7360,최지후,67,대전 송파구 123-45,010-4215-1339,유튜브 보기
7361,신건우,66,수원 팔달구 123-45,010-7583-6413,여행
7362,서지후,32,성남 성북구 123-45,010-6147-1792,독서
7363,오서준,73,세종 해운대구 123-45,010-3460-6135,게임
7364,김서연,48,안양 송파구 123-45,010-3681-9705,자전거 타기
7365,강소율,48,인천 팔달구 123-45,010-8714-9690,등산
7366,신하은,76,인천 진해구 123-45,010-6077-8767,뜨개질
7367,이하은,24,화성 중구 123-45,010-7700-2085,음악감상
7368,박유진,77,김해 강서구 123-45,010-4908-5946,여행
7369,박서연,21,수원 서북구 123-45,010-2488-3354,뜨개질
7370,신소율,45,서울 수성구 123-45,010-2396-9283,보드게임
7371,신지원,25,성남 남구 123-45,010-5643-8954,독서
7372,정지후,27,세종 장유동 123-45,010-3497-4292,자전거 타기
7373,임현우,25,화성 달서구 123-45,010-8098-6094,뜨개질
7374,서태윤,70,세종 유성구 123-45,010-1777-3750,카페 투어
7375,박서준,65,안양 강남구 123-45,010-7938-2295,보드게임
7376,김민수,50,용인 강서구 123-45,010-1729-6097,자전거 타기
7377,윤유진,39,울산 성북구 123-45,010-7112-1790,일기 쓰기
7378,서지원,69,평택 남구 123-45,010-2109-3462,여행
7379,임태윤,64,인천 강서구 123-45,010-4913-7780,게임
7380,서건우,74,포항 성동구 123-45,010-8562-8831,게임
7381,박은우,69,전주 덕진구 123-45,010-4386-7138,운동
7382,신민수,24,부산 북구 123-45,010-4726-1068,요리
7383,임지민,42,서울 분당구 123-45,010-5112-5432,유튜브 보기
7384,김서준,35,평택 성동구 123-45,010-5478-9318,유튜브 보기
7385,한도윤,73,수원 강서구 123-45,010-8920-1489,요리
7386,조태윤,28,평택 덕진구 123-45,010-2182-6568,일기 쓰기
7387,신예은,26,고양 달서구 123-45,010-1832-4861,영화감상
7388,장민수,72,광주 강남구 123-45,010-7635-6272,등산
7389,오지원,36,청주 진해구 123-45,010-8003-2780,수영
7390,한지안,37,포항 동구 123-45,010-2012-1617,음악감상
7391,조민수,78,수원 남구 123-45,010-1511-7865,게임
7392,최하은,59,남양주 서북구 123-45,010-6643-6756,드로잉
7393,신지원,77,창원 분당구 123-45,010-5297-9604,뜨개질
7394,임도윤,47,포항 강남구 123-45,010-9431-3224,음악감상
7395,서하윤,24,천안 해운대구 123-45,010-1111-7293,카페 투어
7396,이태윤,38,울산 송파구 123-45,010-9093-4953,요리
7397,최지원,34,울산 유성구 123-45,010-9756-2599,영화감상
7398,정건우,69,안산 덕진구 123-45,010-2873-9750,사진촬영
7399,박지민,61,울산 강서구 123-45,010-1038-3649,사진촬영
7400,오건우,50,포항 일산동구 123-45,010-7025-5936,등산
7401,오예린,73,화성 덕양구 123-45,010-4242-5365,카페 투어
7402,서지민,57,대구 중구 123-45,010-2753-6673,등산
7403,장유진,73,대전 신제주 123-45,010-8382-2557,뜨개질
7404,이지민,51,울산 남구 123-45,010-1695-2593,운동
7405,조지민,55,울산 분당구 123-45,010-4605-5552,유튜브 보기
7406,박유진,77,광주 일산동구 123-45,010-9167-8361,독서
7407,한소율,47,대구 북구 123-45,010-9213-3224,웹서핑
7408,한지안,36,대전 덕양구 123-45,010-3575-7003,유튜브 보기
7409,신지안,76,수원 팔달구 123-45,010-6372-1694,일기 쓰기
7410,박예린,54,성남 달서구 123-45,010-1195-1536,영화감상
7411,김현우,29,용인 분당구 123-45,010-2053-3515,드로잉
7412,강시우,42,인천 서북구 123-45,010-8584-1064,자전거 타기
7413,오은우,28,청주 신제주 123-45,010-7823-6449,여행
7414,서지민,27,평택 해운대구 123-45,010-6365-1804,요리
7415,장도윤,45,성남 흥덕구 123-45,010-6173-3879,음악감상
7416,강민수,74,김해 송파구 123-45,010-9629-2022,웹서핑
7417,윤현우,39,서울 유성구 123-45,010-4917-4823,사진촬영
7418,정시우,30,세종 수성구 123-45,010-7421-3591,요리
7419,임예린,44,전주 장유동 123-45,010-5757-6650,음악감상
7420,서수빈,26,남양주 중구 123-45,010-9523-7782,독서
7421,신시우,56,울산 덕양구 123-45,010-8600-7480,보드게임
7422,강지안,73,울산 서구 123-45,010-5323-8975,등산
7423,윤수빈,50,서울 장유동 123-45,010-8973-4516,게임
7424,임건우,78,성남 해운대구 123-45,010-1603-3368,보드게임
7425,박건우,53,대전 수성구 123-45,010-6263-9670,드로잉
7426,신현우,42,고양 남구 123-45,010-1247-7157,수영
7427,박지원,34,세종 북구 123-45,010-6205-1055,드로잉
7428,신도윤,24,천안 분당구 123-45,010-9653-3388,드로잉
7429,강현우,68,화성 강남구 123-45,010-3514-5992,유튜브 보기
7430,이은우,55,세종 덕양구 123-45,010-6281-1456,독서
7431,최소율,62,인천 덕양구 123-45,010-6749-4961,일기 쓰기
7432,최유진,22,서울 장유동 123-45,010-4369-9570,요리
7433,김소율,62,제주 유성구 123-45,010-9409-4469,여행
7434,한지후,28,수원 팔달구 123-45,010-9802-6778,사진촬영
7435,김도윤,32,안양 성북구 123-45,010-3957-3747,보드게임
7436,임하은,26,성남 강서구 123-45,010-9968-4297,웹서핑
7437,박지민,54,안산 남구 123-45,010-2988-9942,요리
7438,박태윤,47,남양주 해운대구 123-45,010-2096-9681,수영
7439,박하윤,33,용인 성동구 123-45,010-1789-1581,운동
7440,임소율,70,인천 장유동 123-45,010-3344-5306,여행
7441,임은우,30,제주 성북구 123-45,010-5972-2139,요리
7442,최예린,30,대전 성동구 123-45,010-9669-8310,등산
7443,한서준,65,포항 수성구 123-45,010-9493-1287,음악감상
7444,윤지안,62,광주 송파구 123-45,010-6611-9149,게임
7445,오소율,48,천안 해운대구 123-45,010-1063-5140,요리
7446,조은우,35,수원 서북구 123-45,010-5239-2697,뜨개질
7447,최예은,76,김해 진해구 123-45,010-1229-5737,보드게임
7448,임하윤,72,청주 신제주 123-45,010-6095-4570,자전거 타기
7449,윤소율,29,청주 팔달구 123-45,010-3950-8912,여행
7450,서하윤,56,제주 일산동구 123-45,010-9976-6994,유튜브 보기
7451,장예린,45,세종 수성구 123-45,010-2142-1690,자전거 타기
7452,신시우,71,용인 강남구 123-45,010-6342-4129,카페 투어
7453,조현우,49,광주 북구 123-45,010-1698-2776,수영
7454,장현우,26,부산 수성구 123-45,010-2798-7704,일기 쓰기
7455,이예은,22,안산 장유동 123-45,010-7358-4796,운동
7456,최시우,22,평택 진해구 123-45,010-6343-1041,독서
7457,정서연,76,전주 해운대구 123-45,010-7193-4941,여행
7458,윤예은,40,전주 송파구 123-45,010-5307-5453,게임
7459,오예은,69,천안 해운대구 123-45,010-7151-6285,영화감상
7460,김지원,66,수원 성북구 123-45,010-5305-3340,뜨개질
7461,한은우,45,김해 동구 123-45,010-4701-5965,카페 투어
7462,장지민,48,포항 남구 123-45,010-9782-2751,독서
7463,한서준,43,인천 덕양구 123-45,010-9311-1814,자전거 타기
7464,박은우,79,남양주 강남구 123-45,010-2654-5480,독서
7465,김현우,70,남양주 남구 123-45,010-2468-4760,드로잉
7466,임예은,20,용인 북구 123-45,010-4791-4695,일기 쓰기
7467,김서준,47,세종 수성구 123-45,010-7080-5086,영화감상
7468,임지원,45,부산 해운대구 123-45,010-1261-4502,카페 투어
7469,김예린,21,인천 동구 123-45,010-5728-5360,웹서핑
7470,한지민,73,평택 덕양구 123-45,010-1046-6037,유튜브 보기
7471,조지원,31,김해 성동구 123-45,010-6145-1463,유튜브 보기
7472,조예린,31,대전 기흥구 123-45,010-4214-2565,카페 투어
7473,박민수,27,평택 진해구 123-45,010-8391-7219,요리
7474,최서준,75,광주 송파구 123-45,010-6243-7344,사진촬영
7475,신시우,69,제주 성북구 123-45,010-3409-5191,요리
7476,서예은,39,창원 해운대구 123-45,010-2585-1183,여행
7477,한유진,76,평택 송파구 123-45,010-1355-4075,일기 쓰기
7478,한서연,54,대구 북구 123-45,010-1294-7842,운동
7479,서현우,39,인천 동구 123-45,010-8226-3567,뜨개질
7480,박하윤,39,인천 서구 123-45,010-3126-6290,카페 투어
7481,서지후,35,광주 흥덕구 123-45,010-5963-8854,일기 쓰기
7482,이태윤,62,인천 해운대구 123-45,010-3327-2873,영화감상
7483,서지후,55,안양 달서구 123-45,010-5699-6311,자전거 타기
7484,임태윤,36,천안 유성구 123-45,010-3805-2639,뜨개질
7485,신건우,30,전주 장유동 123-45,010-7775-4300,수영
7486,강현우,30,수원 진해구 123-45,010-9150-5134,드로잉
7487,이민수,77,안산 팔달구 123-45,010-5612-4495,요리
7488,조수빈,33,화성 수성구 123-45,010-2806-7102,드로잉
7489,한태윤,35,용인 신제주 123-45,010-4799-2047,여행
7490,정태윤,35,창원 강서구 123-45,010-9323-5441,유튜브 보기
7491,오유진,23,세종 분당구 123-45,010-3197-3310,등산
7492,이하윤,60,울산 덕양구 123-45,010-4298-5671,등산
7493,윤지원,35,수원 덕진구 123-45,010-1027-9846,사진촬영
7494,임지안,73,안산 서구 123-45,010-1086-2961,보드게임
7495,조예은,20,서울 일산동구 123-45,010-5438-4070,요리
7496,윤하윤,47,화성 기흥구 123-45,010-4359-9994,게임
7497,임태윤,46,포항 해운대구 123-45,010-7131-7800,사진촬영
7498,김지원,64,고양 팔달구 123-45,010-5664-4520,운동
7499,오시우,75,전주 분당구 123-45,010-2231-4205,보드게임
7500,서예은,56,대전 팔달구 123-45,010-5054-1534,독서
7501,장건우,32,제주 북구 123-45,010-6303-1670,운동
7502,이도윤,36,안산 기흥구 123-45,010-2727-1524,음악감상
7503,윤지원,49,대구 남구 123-45,010-9992-6964,드로잉
7504,오은우,57,안산 유성구 123-45,010-2200-2876,드로잉
7505,강시우,40,수원 분당구 123-45,010-7111-3032,여행
7506,신소율,68,창원 성북구 123-45,010-2397-2734,음악감상
7507,최태윤,66,인천 동구 123-45,010-4281-4555,운동
7508,정지안,39,김해 달서구 123-45,010-4755-5028,사진촬영
7509,최지민,67,용인 강남구 123-45,010-8644-7350,웹서핑
7510,오민수,49,수원 강남구 123-45,010-2776-9102,운동
7511,오지후,62,평택 해운대구 123-45,010-8411-1465,보드게임
7512,임현우,49,화성 달서구 123-45,010-6433-8046,음악감상
7513,윤도윤,21,제주 성북구 123-45,010-1204-2975,드로잉
7514,신유진,55,광주 중구 123-45,010-5418-1092,보드게임
7515,윤지후,72,천안 성동구 123-45,010-4140-6608,요리
7516,오유진,65,평택 신제주 123-45,010-7624-1642,영화감상
7517,서소율,58,천안 달서구 123-45,010-3008-7844,음악감상
7518,정민수,42,인천 팔달구 123-45,010-3089-7896,자전거 타기
7519,최수빈,37,화성 성동구 123-45,010-2981-1246,웹서핑
7520,신태윤,61,울산 덕양구 123-45,010-2474-7647,게임
7521,조지원,66,용인 남구 123-45,010-4793-5782,요리
7522,서수빈,66,대전 해운대구 123-45,010-6775-2217,사진촬영
7523,한지안,26,대전 덕진구 123-45,010-5823-1996,사진촬영
7524,오지안,38,부산 북구 123-45,010-6574-5478,드로잉
7525,장소율,61,안산 수성구 123-45,010-7205-3731,영화감상
7526,신지원,78,성남 신제주 123-45,010-9675-2952,수영
7527,강예은,61,서울 강서구 123-45,010-9840-3594,자전거 타기
7528,김은우,72,인천 송파구 123-45,010-9428-9207,음악감상
7529,박지후,74,천안 흥덕구 123-45,010-7878-2219,게임
7530,한서연,40,인천 수성구 123-45,010-5901-1349,등산
7531,최하윤,70,김해 유성구 123-45,010-9890-2664,게임
7532,한은우,75,남양주 동구 123-45,010-5827-8490,카페 투어
7533,서태윤,50,제주 수성구 123-45,010-4658-6200,유튜브 보기
7534,최수빈,70,서울 분당구 123-45,010-3853-9240,등산
7535,신지후,59,서울 송파구 123-45,010-1044-4181,카페 투어
7536,최건우,50,천안 수성구 123-45,010-6245-3871,게임
7537,장하윤,69,용인 진해구 123-45,010-2075-2672,영화감상
7538,서현우,41,세종 유성구 123-45,010-3843-1113,보드게임
7539,김하윤,54,용인 수성구 123-45,010-8821-9243,수영
7540,최지후,79,전주 북구 123-45,010-4065-1014,드로잉
7541,한민수,31,서울 장유동 123-45,010-7408-1061,자전거 타기
7542,최서준,37,대구 덕진구 123-45,010-9631-8039,등산
7543,강수빈,33,광주 유성구 123-45,010-1727-9296,독서
7544,강도윤,60,천안 유성구 123-45,010-6959-4934,등산
7545,정민수,56,세종 진해구 123-45,010-4385-1141,뜨개질
7546,한민수,53,서울 팔달구 123-45,010-9729-5747,요리
7547,윤예린,70,성남 해운대구 123-45,010-8945-3445,유튜브 보기
7548,박지후,46,청주 수성구 123-45,010-2280-7768,사진촬영
7549,박현우,39,세종 송파구 123-45,010-1414-2040,수영
7550,김하은,79,고양 강서구 123-45,010-5097-8549,웹서핑
7551,오예린,61,화성 수성구 123-45,010-8411-2377,사진촬영
7552,박은우,61,대구 달서구 123-45,010-2058-6772,보드게임
7553,조건우,65,수원 팔달구 123-45,010-9654-4776,사진촬영
7554,조시우,73,화성 흥덕구 123-45,010-9143-8877,카페 투어
7555,한건우,40,포항 기흥구 123-45,010-5973-3902,영화감상
7556,박하은,60,제주 해운대구 123-45,010-8846-1090,드로잉
7557,오서연,62,인천 수성구 123-45,010-7716-9716,등산
7558,김예린,20,화성 흥덕구 123-45,010-8491-6819,게임
7559,조예은,61,대전 성동구 123-45,010-6999-1946,등산
7560,신하은,33,청주 중구 123-45,010-8108-1449,운동
7561,장서준,42,전주 덕진구 123-45,010-1421-4347,자전거 타기
7562,신현우,32,대구 동구 123-45,010-7982-2510,자전거 타기
7563,장지후,42,서울 강서구 123-45,010-8769-1326,웹서핑
7564,김소율,58,수원 신제주 123-45,010-9293-2467,뜨개질
7565,신민수,33,안산 덕양구 123-45,010-3274-8278,사진촬영
7566,조지원,72,서울 강서구 123-45,010-3670-6280,게임
7567,윤지민,61,고양 해운대구 123-45,010-8779-9442,자전거 타기
7568,윤지안,28,인천 기흥구 123-45,010-4063-7110,영화감상
7569,정예은,70,평택 서구 123-45,010-4763-1237,독서
7570,박하윤,54,대구 흥덕구 123-45,010-7293-7271,게임
7571,장지안,59,포항 서구 123-45,010-1510-8582,뜨개질
7572,서서준,55,울산 진해구 123-45,010-2996-5467,사진촬영
7573,신지안,51,평택 일산동구 123-45,010-3360-7304,운동
7574,장예은,32,서울 강서구 123-45,010-6337-5516,사진촬영
7575,신지원,43,평택 중구 123-45,010-2888-4154,유튜브 보기
7576,신지원,78,수원 해운대구 123-45,010-9722-7514,요리
7577,김소율,50,인천 기흥구 123-45,010-6449-7446,여행
7578,최시우,71,창원 일산동구 123-45,010-9740-9398,게임
7579,장시우,55,인천 동구 123-45,010-2058-4149,드로잉
7580,박도윤,63,고양 수성구 123-45,010-2483-4578,자전거 타기
7581,김서연,48,남양주 강서구 123-45,010-2935-8984,게임
7582,서하은,27,청주 북구 123-45,010-2884-2191,유튜브 보기
7583,임현우,21,부산 성동구 123-45,010-6381-2985,등산
7584,정지민,40,대구 덕양구 123-45,010-4037-5341,사진촬영
7585,이하윤,49,김해 서북구 123-45,010-3864-3127,수영
7586,오지안,72,청주 중구 123-45,010-7371-2517,음악감상
7587,최지민,66,천안 달서구 123-45,010-2895-9892,등산
7588,서하윤,22,대구 성북구 123-45,010-1362-2369,사진촬영
7589,오하은,72,화성 성동구 123-45,010-5038-1665,일기 쓰기
7590,윤지민,33,화성 강남구 123-45,010-5784-7121,여행
7591,서지원,46,대전 일산동구 123-45,010-2626-8991,웹서핑
7592,정소율,21,부산 해운대구 123-45,010-6113-5583,뜨개질
7593,신하윤,26,광주 장유동 123-45,010-2471-9278,요리
7594,이하은,55,청주 중구 123-45,010-2851-5635,자전거 타기
7595,정하은,73,용인 송파구 123-45,010-7812-4289,요리
7596,신하윤,73,창원 덕양구 123-45,010-3162-5559,보드게임
7597,오민수,40,안양 서구 123-45,010-7861-8768,등산
7598,최수빈,67,남양주 덕양구 123-45,010-5356-2507,카페 투어
7599,윤수빈,71,화성 강남구 123-45,010-2911-5612,보드게임
7600,조소율,57,울산 북구 123-45,010-1365-7689,뜨개질
7601,신하은,68,천안 송파구 123-45,010-8655-6053,사진촬영
7602,임도윤,79,대구 달서구 123-45,010-6226-9841,웹서핑
7603,오지민,27,포항 해운대구 123-45,010-2826-3438,게임
7604,김태윤,43,인천 달서구 123-45,010-4026-1252,사진촬영
7605,임태윤,74,제주 덕진구 123-45,010-2212-6407,카페 투어
7606,임태윤,43,대구 동구 123-45,010-4376-5628,자전거 타기
7607,정소율,34,천안 성동구 123-45,010-2140-5600,자전거 타기
7608,서태윤,61,포항 유성구 123-45,010-8897-4418,여행
7609,신예은,64,성남 동구 123-45,010-3414-2220,수영
7610,오서준,65,대전 분당구 123-45,010-2163-9677,자전거 타기
7611,박유진,44,서울 덕양구 123-45,010-9727-3818,일기 쓰기
7612,김하은,56,용인 해운대구 123-45,010-4946-5169,등산
7613,한서준,40,세종 북구 123-45,010-4284-9004,게임
7614,박지안,31,인천 해운대구 123-45,010-7932-7684,여행
7615,임지민,61,부산 강남구 123-45,010-2602-7164,보드게임
7616,정건우,24,화성 달서구 123-45,010-5125-4914,보드게임
7617,조현우,32,남양주 서북구 123-45,010-5366-2393,카페 투어
7618,이수빈,26,천안 분당구 123-45,010-9707-5233,카페 투어
7619,신지안,77,포항 팔달구 123-45,010-8765-6061,자전거 타기
7620,오현우,68,김해 기흥구 123-45,010-7834-1876,보드게임
7621,장지후,30,천안 송파구 123-45,010-8116-8138,독서
7622,정하은,74,성남 달서구 123-45,010-1496-1492,여행
7623,조건우,23,성남 수성구 123-45,010-2432-1823,게임
7624,임지원,38,성남 기흥구 123-45,010-9154-7705,뜨개질
7625,박지안,43,화성 북구 123-45,010-7742-3110,독서
7626,서지안,59,평택 성북구 123-45,010-7756-6516,사진촬영
7627,윤시우,45,성남 서북구 123-45,010-6267-9880,독서
7628,윤도윤,24,인천 남구 123-45,010-7915-3863,독서
7629,최지민,42,서울 흥덕구 123-45,010-2900-2766,드로잉
7630,오건우,61,화성 강서구 123-45,010-4925-8483,웹서핑
7631,오하윤,53,창원 진해구 123-45,010-3918-3249,일기 쓰기
7632,최지민,27,광주 덕양구 123-45,010-3166-6472,보드게임
7633,최예은,69,인천 해운대구 123-45,010-4695-8986,음악감상
7634,임예은,55,천안 신제주 123-45,010-3124-7151,유튜브 보기
7635,조시우,44,인천 분당구 123-45,010-3714-4370,영화감상
7636,이서준,51,안산 덕진구 123-45,010-3868-1466,뜨개질
7637,정서연,66,수원 중구 123-45,010-6445-2466,등산
7638,장현우,27,포항 강서구 123-45,010-9458-6705,여행
7639,최현우,29,안산 기흥구 123-45,010-5197-2266,유튜브 보기
7640,박예린,32,성남 해운대구 123-45,010-3732-6205,자전거 타기
7641,서지안,54,화성 덕양구 123-45,010-7455-7557,드로잉
7642,박도윤,51,남양주 덕진구 123-45,010-1710-8145,드로잉
7643,신서준,46,김해 기흥구 123-45,010-1664-6547,게임
7644,신서준,49,부산 덕양구 123-45,010-8917-4635,음악감상
7645,이지안,25,화성 북구 123-45,010-7942-6196,드로잉
7646,임지안,48,울산 팔달구 123-45,010-2183-5358,뜨개질
7647,윤예은,77,광주 덕진구 123-45,010-8556-4243,카페 투어
7648,정시우,27,화성 강서구 123-45,010-7801-9587,음악감상
7649,장하은,23,화성 강서구 123-45,010-1872-3440,운동
7650,박건우,57,성남 일산동구 123-45,010-1327-6353,웹서핑
7651,한도윤,79,남양주 유성구 123-45,010-1599-8739,자전거 타기
7652,정수빈,78,인천 흥덕구 123-45,010-1207-6244,게임
7653,조서연,79,서울 서북구 123-45,010-1430-2999,여행
7654,최건우,32,평택 남구 123-45,010-7109-6259,음악감상
7655,김도윤,68,성남 덕진구 123-45,010-8899-5771,요리
7656,이서준,54,세종 성북구 123-45,010-4942-6143,카페 투어
7657,이서연,47,인천 강서구 123-45,010-7481-2169,일기 쓰기
7658,임유진,59,남양주 유성구 123-45,010-4641-2786,일기 쓰기
7659,임민수,48,천안 일산동구 123-45,010-9846-4195,등산
7660,조지원,39,용인 분당구 123-45,010-2264-1476,웹서핑
7661,윤예은,49,서울 강남구 123-45,010-3104-3368,요리
7662,최수빈,71,용인 성북구 123-45,010-5554-1302,카페 투어
7663,이건우,23,남양주 분당구 123-45,010-2746-5754,사진촬영
7664,서은우,29,화성 북구 123-45,010-6876-5019,영화감상
7665,이지안,30,울산 일산동구 123-45,010-1130-8362,수영
7666,신예은,60,청주 장유동 123-45,010-6930-3297,자전거 타기
7667,한건우,64,인천 동구 123-45,010-6654-9010,유튜브 보기
7668,서건우,51,수원 기흥구 123-45,010-2466-4435,사진촬영
7669,이서연,34,대전 성동구 123-45,010-9537-5345,수영
7670,오소율,58,고양 유성구 123-45,010-3528-9609,음악감상
7671,김예은,44,울산 진해구 123-45,010-8770-4713,자전거 타기
7672,신예은,58,김해 송파구 123-45,010-3170-4741,카페 투어
7673,임소율,44,화성 덕양구 123-45,010-3052-9555,유튜브 보기
7674,정은우,44,부산 해운대구 123-45,010-1861-5664,보드게임
7675,오지민,23,화성 해운대구 123-45,010-4813-7432,게임
7676,윤건우,58,평택 흥덕구 123-45,010-8572-3841,여행
7677,윤지후,78,수원 기흥구 123-45,010-1619-7888,등산
7678,오하은,24,남양주 남구 123-45,010-2887-8308,일기 쓰기
7679,이하윤,25,광주 동구 123-45,010-2953-9854,음악감상
7680,정지민,59,대구 해운대구 123-45,010-3009-2223,사진촬영
7681,강현우,46,인천 해운대구 123-45,010-7398-1362,운동
7682,박현우,76,광주 기흥구 123-45,010-5247-6742,뜨개질
7683,서시우,22,전주 강서구 123-45,010-2573-9789,웹서핑
7684,장소율,24,평택 일산동구 123-45,010-7727-8031,게임
7685,김지민,57,제주 성북구 123-45,010-5461-8344,뜨개질
7686,장은우,57,전주 강남구 123-45,010-1333-1749,카페 투어
7687,최민수,77,제주 일산동구 123-45,010-6505-3699,자전거 타기
7688,박예린,71,창원 덕진구 123-45,010-1727-4993,수영
7689,임예린,55,천안 강서구 123-45,010-1632-7321,보드게임
7690,조소율,79,인천 동구 123-45,010-4985-1771,카페 투어
7691,김소율,32,청주 분당구 123-45,010-6261-6097,음악감상
7692,서예린,74,울산 팔달구 123-45,010-6689-5724,여행
7693,신예린,68,안양 북구 123-45,010-1951-3134,독서
7694,신도윤,46,청주 수성구 123-45,010-6492-5598,웹서핑
7695,오도윤,41,제주 중구 123-45,010-7642-8919,요리
7696,장태윤,70,광주 성북구 123-45,010-8510-9961,뜨개질
7697,정시우,27,대전 북구 123-45,010-6906-5047,독서
7698,김소율,57,창원 유성구 123-45,010-2124-2375,카페 투어
7699,장지안,37,제주 팔달구 123-45,010-8358-6685,여행
7700,김소율,35,김해 송파구 123-45,010-8068-2024,독서
7701,서은우,54,세종 송파구 123-45,010-2433-4372,웹서핑
7702,김예린,33,제주 장유동 123-45,010-9603-3670,음악감상
7703,신수빈,27,청주 흥덕구 123-45,010-9570-4803,요리
7704,박지후,37,대전 팔달구 123-45,010-9693-4121,사진촬영
7705,임은우,43,대구 송파구 123-45,010-1685-3308,여행
7706,조민수,62,성남 성동구 123-45,010-5095-6331,수영
7707,강수빈,45,포항 강남구 123-45,010-9423-4800,보드게임
7708,조지안,39,수원 서북구 123-45,010-3160-1116,뜨개질
7709,오서준,43,전주 북구 123-45,010-2564-2712,사진촬영
7710,조하윤,36,수원 동구 123-45,010-9986-2629,웹서핑
7711,최유진,33,세종 장유동 123-45,010-6275-1790,자전거 타기
7712,김지안,74,평택 달서구 123-45,010-2228-4920,일기 쓰기
7713,한하윤,49,청주 분당구 123-45,010-7120-9257,수영
7714,윤시우,23,부산 서구 123-45,010-3411-4726,자전거 타기
7715,오지민,48,안양 수성구 123-45,010-1935-4307,일기 쓰기
7716,윤서준,35,안양 북구 123-45,010-6107-4871,음악감상
7717,정시우,31,인천 진해구 123-45,010-2151-4501,수영
7718,이유진,22,전주 성동구 123-45,010-4650-6828,여행
7719,정지안,66,포항 서구 123-45,010-7428-6168,자전거 타기
7720,오현우,43,전주 남구 123-45,010-2684-5119,영화감상
7721,서수빈,75,용인 서북구 123-45,010-1675-7892,운동
7722,박지후,67,천안 팔달구 123-45,010-5502-7568,뜨개질
7723,서지원,71,제주 성북구 123-45,010-6993-4916,자전거 타기
7724,서지민,33,울산 강남구 123-45,010-3135-8473,웹서핑
7725,정서연,70,남양주 수성구 123-45,010-5154-5464,독서
7726,임지민,76,김해 신제주 123-45,010-4449-4930,영화감상
7727,임은우,71,광주 남구 123-45,010-6317-4609,등산
7728,장도윤,40,울산 북구 123-45,010-8012-4860,뜨개질
7729,장지안,76,세종 해운대구 123-45,010-6502-6367,뜨개질
7730,강서준,54,세종 서구 123-45,010-9186-8481,보드게임
7731,오서준,29,포항 서구 123-45,010-2306-1493,운동
7732,윤민수,35,대전 남구 123-45,010-8387-4794,사진촬영
7733,강예린,73,청주 남구 123-45,010-5614-6875,음악감상
7734,임건우,37,김해 강남구 123-45,010-3857-1983,수영
7735,김도윤,54,세종 북구 123-45,010-4311-6633,뜨개질
7736,이예린,43,안양 달서구 123-45,010-7780-8441,뜨개질
7737,김서연,65,부산 진해구 123-45,010-9066-1914,독서
7738,박도윤,52,울산 성동구 123-45,010-5590-8474,사진촬영
7739,서서준,74,안양 팔달구 123-45,010-3204-8517,요리
7740,정서준,60,고양 달서구 123-45,010-4159-9554,수영
7741,최현우,47,서울 서북구 123-45,010-4954-1228,웹서핑
7742,이현우,48,포항 송파구 123-45,010-4730-1419,보드게임
7743,임예은,65,제주 남구 123-45,010-6233-1449,사진촬영
7744,한은우,38,제주 성동구 123-45,010-7940-7005,여행
7745,정현우,56,서울 성동구 123-45,010-3517-7451,일기 쓰기
7746,신건우,42,대구 동구 123-45,010-1531-4402,여행
7747,임하은,55,전주 분당구 123-45,010-5397-2852,수영
7748,강소율,57,인천 해운대구 123-45,010-5291-1554,여행
7749,윤지안,25,성남 해운대구 123-45,010-8749-1334,독서
7750,박하윤,20,고양 장유동 123-45,010-1538-7591,요리
7751,이수빈,51,광주 유성구 123-45,010-7683-1808,드로잉
7752,서은우,56,제주 동구 123-45,010-7060-8081,독서
7753,오현우,71,대전 장유동 123-45,010-4322-4748,운동
7754,강지후,31,청주 덕진구 123-45,010-8671-6273,수영
7755,이서준,62,전주 유성구 123-45,010-8752-7979,게임
7756,이하윤,36,대구 남구 123-45,010-3080-4817,영화감상
7757,김지원,49,고양 장유동 123-45,010-9426-6150,독서
7758,오은우,34,김해 북구 123-45,010-5139-3393,드로잉
7759,이소율,76,화성 분당구 123-45,010-7717-5918,드로잉
7760,서현우,21,안양 서북구 123-45,010-7861-8579,여행
7761,정지원,66,울산 진해구 123-45,010-5630-1652,자전거 타기
7762,오하윤,67,대구 진해구 123-45,010-1060-7711,독서
7763,임수빈,73,인천 동구 123-45,010-3210-9761,독서
7764,박예은,59,화성 송파구 123-45,010-5901-1375,영화감상
7765,최수빈,65,남양주 강남구 123-45,010-6790-1486,사진촬영
7766,김하은,60,제주 송파구 123-45,010-6772-8643,보드게임
7767,오서준,21,대전 진해구 123-45,010-1239-5299,음악감상
7768,김지민,34,제주 유성구 123-45,010-3142-7029,독서
7769,최민수,67,천안 강남구 123-45,010-9674-9467,드로잉
7770,한서준,30,화성 성북구 123-45,010-2593-3957,드로잉
7771,최소율,60,천안 일산동구 123-45,010-4101-7910,웹서핑
7772,한예린,25,포항 분당구 123-45,010-5746-9485,사진촬영
7773,김지후,48,울산 강서구 123-45,010-2267-4301,드로잉
7774,조지안,61,김해 장유동 123-45,010-8293-8773,드로잉
7775,오하은,69,대구 성동구 123-45,010-2770-4624,웹서핑
7776,조지민,78,제주 중구 123-45,010-7856-3574,사진촬영
7777,임현우,76,김해 북구 123-45,010-2303-5810,보드게임
7778,오소율,29,창원 강서구 123-45,010-2087-6634,수영
7779,서은우,49,청주 덕진구 123-45,010-9672-3058,유튜브 보기
7780,김서준,63,화성 장유동 123-45,010-4527-1481,수영
7781,장예은,38,남양주 팔달구 123-45,010-7200-6171,음악감상
7782,임도윤,57,고양 강남구 123-45,010-4175-2365,뜨개질
7783,정유진,40,안양 송파구 123-45,010-7213-6948,일기 쓰기
7784,윤하윤,57,광주 장유동 123-45,010-2569-2510,독서
7785,장도윤,52,대구 팔달구 123-45,010-3052-8447,카페 투어
7786,신지원,62,전주 팔달구 123-45,010-2204-1982,수영
7787,신지원,22,부산 서구 123-45,010-8251-3918,영화감상
7788,윤지원,47,부산 성북구 123-45,010-9005-5317,뜨개질
7789,서민수,44,부산 흥덕구 123-45,010-2477-6056,사진촬영
7790,김하윤,20,전주 해운대구 123-45,010-2040-5085,일기 쓰기
7791,최지민,58,용인 중구 123-45,010-2088-2175,영화감상
7792,장지민,31,전주 일산동구 123-45,010-4771-7214,운동
7793,서소율,79,고양 덕진구 123-45,010-6770-6532,보드게임
7794,이하윤,59,대구 덕양구 123-45,010-7226-7394,독서
7795,김예은,58,인천 남구 123-45,010-7782-5353,음악감상
7796,박현우,71,성남 남구 123-45,010-3787-8097,자전거 타기
7797,서지민,29,성남 북구 123-45,010-8442-7765,보드게임
7798,조서준,23,김해 장유동 123-45,010-2826-9748,영화감상
7799,정하윤,64,창원 덕진구 123-45,010-6068-8130,운동
7800,오지민,24,화성 강남구 123-45,010-4725-3981,영화감상
7801,이지민,57,대전 성북구 123-45,010-3455-6297,게임
7802,이현우,20,인천 동구 123-45,010-7584-3340,일기 쓰기
7803,신민수,77,대구 중구 123-45,010-8130-3843,등산
7804,조하윤,62,고양 강서구 123-45,010-7169-1771,카페 투어
7805,장서준,61,부산 진해구 123-45,010-2752-1257,등산
7806,윤지안,45,수원 송파구 123-45,010-7692-1786,게임
7807,조유진,61,평택 동구 123-45,010-4136-8947,드로잉
7808,임현우,21,인천 수성구 123-45,010-7687-7723,일기 쓰기
7809,오민수,55,전주 장유동 123-45,010-2725-2660,운동
7810,강지후,51,부산 기흥구 123-45,010-7559-3982,유튜브 보기
7811,박유진,56,울산 일산동구 123-45,010-8238-3252,게임
7812,오예은,45,광주 분당구 123-45,010-9528-6213,수영
7813,최태윤,44,청주 해운대구 123-45,010-8982-1876,등산
7814,한은우,38,천안 해운대구 123-45,010-8575-4248,뜨개질
7815,조지민,49,김해 덕진구 123-45,010-8500-7684,유튜브 보기
7816,한소율,69,천안 덕양구 123-45,010-9690-7968,등산
7817,한지후,40,광주 분당구 123-45,010-3579-7623,수영
7818,김서연,42,청주 동구 123-45,010-6581-2023,독서
7819,한서준,77,창원 성북구 123-45,010-2202-3292,유튜브 보기
7820,오지원,22,대전 성동구 123-45,010-2854-7606,자전거 타기
7821,장유진,46,천안 수성구 123-45,010-1556-9278,드로잉
7822,한예은,27,세종 송파구 123-45,010-4098-5101,뜨개질
7823,이민수,32,남양주 팔달구 123-45,010-4144-9012,영화감상
7824,한은우,76,광주 진해구 123-45,010-4453-8093,웹서핑
7825,윤건우,72,서울 신제주 123-45,010-6634-4569,운동
7826,오도윤,32,대전 성동구 123-45,010-3164-2624,웹서핑
7827,박서연,50,세종 강서구 123-45,010-9502-4596,등산
7828,신지후,71,안산 유성구 123-45,010-7061-2054,카페 투어
7829,오수빈,48,인천 서구 123-45,010-7283-8576,웹서핑
7830,신시우,46,전주 성동구 123-45,010-3501-3625,영화감상
7831,최지후,79,전주 해운대구 123-45,010-9740-1220,수영
7832,한수빈,23,고양 장유동 123-45,010-8544-9161,음악감상
7833,정예린,59,창원 일산동구 123-45,010-1888-2266,자전거 타기
7834,최시우,30,안산 분당구 123-45,010-2507-4255,요리
7835,최하윤,23,용인 서북구 123-45,010-9467-3643,유튜브 보기
7836,이지민,75,울산 성동구 123-45,010-1908-8509,유튜브 보기
7837,정도윤,33,포항 기흥구 123-45,010-6354-1961,운동
7838,오하윤,61,안산 덕진구 123-45,010-6104-5788,운동
7839,오예은,57,천안 유성구 123-45,010-3809-6979,사진촬영
7840,조은우,21,안산 진해구 123-45,010-4147-5548,자전거 타기
7841,임민수,26,포항 송파구 123-45,010-4727-2099,뜨개질
7842,박서연,74,전주 동구 123-45,010-8891-6310,유튜브 보기
7843,윤현우,74,광주 성북구 123-45,010-6808-1762,드로잉
7844,강예은,35,세종 분당구 123-45,010-8004-1844,수영
7845,정소율,50,서울 덕진구 123-45,010-1808-8009,수영
7846,한수빈,24,대전 달서구 123-45,010-5683-5102,뜨개질
7847,김은우,42,고양 성동구 123-45,010-2486-2345,유튜브 보기
7848,최건우,34,평택 송파구 123-45,010-1367-1550,게임
7849,조소율,36,성남 유성구 123-45,010-2614-9602,웹서핑
7850,김하윤,54,제주 서북구 123-45,010-3746-4028,유튜브 보기
7851,서서연,65,용인 서구 123-45,010-7853-6967,웹서핑
7852,한시우,37,안양 신제주 123-45,010-1875-4242,웹서핑
7853,윤서준,29,대전 동구 123-45,010-6608-1912,유튜브 보기
7854,서하은,25,광주 분당구 123-45,010-1559-7536,드로잉
7855,오지원,30,성남 달서구 123-45,010-1596-4222,보드게임
7856,서예은,54,울산 강남구 123-45,010-9386-3080,여행
7857,윤소율,53,대구 강남구 123-45,010-1933-5625,뜨개질
7858,정도윤,69,천안 진해구 123-45,010-3586-3266,음악감상
7859,신민수,75,포항 장유동 123-45,010-1850-8356,영화감상
7860,최소율,23,수원 강남구 123-45,010-3435-8575,게임
7861,최민수,72,김해 해운대구 123-45,010-9023-8015,보드게임
7862,정도윤,34,창원 강서구 123-45,010-2971-5905,수영
7863,서하은,22,고양 유성구 123-45,010-5737-6666,카페 투어
7864,박현우,53,창원 일산동구 123-45,010-8774-2897,음악감상
7865,최지원,30,수원 기흥구 123-45,010-7453-4704,뜨개질
7866,서민수,67,포항 장유동 123-45,010-7842-5030,유튜브 보기
7867,강지안,32,서울 달서구 123-45,010-1592-5640,일기 쓰기
7868,최지후,64,수원 해운대구 123-45,010-2140-1028,자전거 타기
7869,서예린,50,부산 달서구 123-45,010-9783-4741,유튜브 보기
7870,윤하윤,66,평택 서북구 123-45,010-2775-6874,독서
7871,최민수,21,안양 동구 123-45,010-4967-5350,음악감상
7872,조지민,76,제주 송파구 123-45,010-5483-1145,유튜브 보기
7873,박지안,49,용인 덕양구 123-45,010-5021-4989,카페 투어
7874,박소율,45,창원 신제주 123-45,010-5331-8714,자전거 타기
7875,장태윤,76,울산 수성구 123-45,010-2094-5219,드로잉
7876,한예린,49,남양주 덕진구 123-45,010-2436-1471,요리
7877,강시우,71,제주 덕양구 123-45,010-6159-7434,사진촬영
7878,이현우,37,부산 북구 123-45,010-1212-3257,웹서핑
7879,이은우,27,대전 유성구 123-45,010-3189-9793,수영
7880,조지민,34,인천 서북구 123-45,010-3847-7888,카페 투어
7881,강하은,64,청주 서구 123-45,010-2637-3714,유튜브 보기
7882,임민수,46,천안 서구 123-45,010-5179-3790,카페 투어
7883,윤소율,68,평택 유성구 123-45,010-3916-4270,뜨개질
7884,정소율,40,창원 장유동 123-45,010-2781-1858,드로잉
7885,윤은우,60,대구 북구 123-45,010-5343-6054,드로잉
7886,김지후,23,대전 일산동구 123-45,010-3369-7488,자전거 타기
7887,오지원,44,안양 중구 123-45,010-9155-3435,영화감상
7888,임건우,40,청주 덕진구 123-45,010-7284-8503,요리
7889,최지원,38,김해 남구 123-45,010-9917-4798,자전거 타기
7890,정예린,66,창원 북구 123-45,010-5204-7648,카페 투어
7891,윤서준,27,용인 팔달구 123-45,010-2770-5960,카페 투어
7892,서건우,63,서울 신제주 123-45,010-1854-1525,영화감상
7893,장하윤,64,성남 달서구 123-45,010-3911-4410,뜨개질
7894,윤민수,53,울산 성동구 123-45,010-6254-9150,드로잉
7895,임태윤,21,제주 분당구 123-45,010-5538-7332,요리
7896,조지안,64,인천 동구 123-45,010-4665-1516,등산
7897,박현우,36,광주 덕양구 123-45,010-7862-5473,유튜브 보기
7898,조도윤,45,수원 팔달구 123-45,010-8069-9762,게임
7899,강현우,61,김해 진해구 123-45,010-1753-7465,일기 쓰기
7900,강도윤,54,남양주 신제주 123-45,010-3879-7190,카페 투어
7901,박지민,67,제주 성북구 123-45,010-6520-4693,웹서핑
7902,윤민수,22,남양주 장유동 123-45,010-3419-9139,영화감상
7903,이소율,73,수원 송파구 123-45,010-6856-5621,게임
7904,윤하은,24,포항 덕양구 123-45,010-2638-7610,운동
7905,강민수,28,광주 수성구 123-45,010-6087-3892,일기 쓰기
7906,신예린,40,천안 북구 123-45,010-9055-6290,자전거 타기
7907,박예린,71,청주 성북구 123-45,010-5576-6185,영화감상
7908,이지후,27,서울 일산동구 123-45,010-1768-5959,요리
7909,최하윤,65,평택 분당구 123-45,010-9745-4247,여행
7910,김도윤,34,부산 성북구 123-45,010-3408-2808,사진촬영
7911,서지후,20,화성 성북구 123-45,010-4783-7125,뜨개질
7912,강지후,27,창원 분당구 123-45,010-2308-4774,운동
7913,임서연,28,김해 신제주 123-45,010-3592-8821,수영
7914,조서준,34,제주 송파구 123-45,010-4360-7939,운동
7915,임예은,28,대전 신제주 123-45,010-8335-5065,일기 쓰기
7916,박하은,56,창원 신제주 123-45,010-2282-2015,일기 쓰기
7917,조은우,35,성남 성북구 123-45,010-6010-2032,독서
7918,박현우,30,성남 남구 123-45,010-8774-9051,드로잉
7919,조예은,46,부산 진해구 123-45,010-2303-1748,게임
7920,이현우,49,포항 중구 123-45,010-9626-1458,독서
7921,신지민,44,광주 중구 123-45,010-6761-3646,음악감상
7922,임지후,31,제주 덕양구 123-45,010-4730-1866,드로잉
7923,강지후,36,용인 진해구 123-45,010-5742-4736,뜨개질
7924,오지민,79,남양주 강서구 123-45,010-4796-6230,영화감상
7925,이도윤,31,제주 중구 123-45,010-4124-1857,수영
7926,김유진,52,서울 덕양구 123-45,010-7524-8454,독서
7927,정지민,40,성남 일산동구 123-45,010-5854-4779,영화감상
7928,장하윤,71,성남 덕양구 123-45,010-5160-2652,유튜브 보기
7929,장지민,42,청주 신제주 123-45,010-8827-6135,게임
7930,이서준,23,안양 진해구 123-45,010-3132-4545,음악감상
7931,신지안,59,화성 진해구 123-45,010-4126-1678,카페 투어
7932,한현우,59,포항 진해구 123-45,010-7070-7325,요리
7933,조서연,31,평택 덕진구 123-45,010-2278-5913,뜨개질
7934,이하윤,66,광주 북구 123-45,010-1514-4449,뜨개질
7935,임지후,57,포항 북구 123-45,010-2958-8656,영화감상
7936,이서연,67,용인 남구 123-45,010-7094-5270,자전거 타기
7937,강유진,40,고양 일산동구 123-45,010-1404-8670,드로잉
7938,최하윤,67,화성 성동구 123-45,010-7079-6367,카페 투어
7939,임소율,65,울산 중구 123-45,010-4966-8755,등산
7940,정서연,61,제주 유성구 123-45,010-5248-7866,유튜브 보기
7941,서시우,39,부산 서북구 123-45,010-9279-2544,유튜브 보기
7942,조은우,24,광주 덕진구 123-45,010-6449-2082,드로잉
7943,최서연,37,대구 덕양구 123-45,010-9750-1669,게임
7944,최하은,27,부산 동구 123-45,010-1765-7840,등산
7945,신지후,49,인천 신제주 123-45,010-1495-2021,자전거 타기
7946,서서준,41,울산 서북구 123-45,010-1233-5804,사진촬영
7947,서민수,35,청주 일산동구 123-45,010-5590-7680,게임
7948,임서연,31,안산 유성구 123-45,010-6091-5575,사진촬영
7949,조건우,29,울산 유성구 123-45,010-8554-2942,뜨개질
7950,김은우,76,안산 달서구 123-45,010-8720-1555,자전거 타기
7951,오예린,44,용인 성동구 123-45,010-1518-9722,사진촬영
7952,윤현우,39,천안 달서구 123-45,010-4124-4040,음악감상
7953,김건우,25,용인 강서구 123-45,010-9713-5571,독서
7954,임서준,47,용인 흥덕구 123-45,010-1412-2248,사진촬영
7955,서지원,56,포항 덕양구 123-45,010-7479-2315,게임
7956,이서연,36,대전 신제주 123-45,010-5742-5555,음악감상
7957,박지원,51,창원 동구 123-45,010-8908-4452,드로잉
7958,이예린,64,전주 중구 123-45,010-6031-4683,뜨개질
7959,최건우,27,서울 성동구 123-45,010-3399-8869,웹서핑
7960,최현우,29,대전 흥덕구 123-45,010-3739-7864,영화감상
7961,윤지후,56,세종 서구 123-45,010-7059-4320,영화감상
7962,한민수,33,대전 서구 123-45,010-4511-5708,요리
7963,조지안,40,제주 일산동구 123-45,010-2191-3910,수영
7964,서은우,36,대전 중구 123-45,010-5193-5527,일기 쓰기
7965,윤지후,28,서울 해운대구 123-45,010-8535-3497,독서
7966,강현우,27,전주 진해구 123-45,010-6006-3362,음악감상
7967,오민수,41,용인 성북구 123-45,010-5448-3784,일기 쓰기
7968,오유진,35,안산 해운대구 123-45,010-6562-7223,사진촬영
7969,서소율,31,부산 송파구 123-45,010-8918-5421,웹서핑
7970,정수빈,37,안양 덕진구 123-45,010-2578-4039,유튜브 보기
7971,오태윤,24,안양 달서구 123-45,010-5976-4793,게임
7972,장태윤,31,부산 흥덕구 123-45,010-9589-8058,웹서핑
7973,임건우,76,청주 동구 123-45,010-7242-6421,여행
7974,강유진,29,안양 덕양구 123-45,010-6349-1945,등산
7975,강지원,34,용인 수성구 123-45,010-5801-6522,자전거 타기
7976,장예린,44,전주 장유동 123-45,010-2161-6414,요리
7977,강예은,21,김해 덕양구 123-45,010-8521-8640,유튜브 보기
7978,윤지후,69,서울 중구 123-45,010-4046-1481,게임
7979,한예린,39,포항 송파구 123-45,010-7161-7210,일기 쓰기
7980,최건우,42,인천 덕양구 123-45,010-7688-1868,수영
7981,서서연,52,전주 성북구 123-45,010-6453-9648,사진촬영
7982,강현우,42,세종 성동구 123-45,010-5685-3863,사진촬영
7983,신유진,54,수원 서북구 123-45,010-6746-1219,요리
7984,신소율,24,제주 북구 123-45,010-5489-5579,드로잉
7985,한유진,58,천안 강남구 123-45,010-6485-6363,유튜브 보기
7986,이서준,64,성남 흥덕구 123-45,010-4194-6426,드로잉
7987,임도윤,52,제주 기흥구 123-45,010-1459-6027,독서
7988,한지민,68,대구 동구 123-45,010-4636-6829,웹서핑
7989,윤도윤,71,화성 동구 123-45,010-5976-7291,게임
7990,김도윤,35,창원 송파구 123-45,010-7485-8396,사진촬영
7991,장시우,58,안산 유성구 123-45,010-6419-5699,독서
7992,장도윤,76,광주 성동구 123-45,010-2881-3248,일기 쓰기
7993,강민수,26,제주 성북구 123-45,010-1808-1590,뜨개질
7994,한예은,67,김해 달서구 123-45,010-5686-5115,카페 투어
7995,서건우,38,광주 송파구 123-45,010-4196-9955,요리
7996,이서연,53,화성 흥덕구 123-45,010-7192-9125,뜨개질
7997,최하은,57,성남 신제주 123-45,010-4004-4773,뜨개질
7998,박민수,31,대전 신제주 123-45,010-4605-3512,사진촬영
7999,오수빈,49,성남 강서구 123-45,010-1341-9867,웹서핑
8000,한지안,71,세종 서북구 123-45,010-3522-5332,등산
8001,최서준,78,전주 성동구 123-45,010-4108-1471,게임
8002,강건우,20,남양주 서북구 123-45,010-9570-3403,드로잉
8003,김예린,22,전주 해운대구 123-45,010-7854-1626,영화감상
8004,조건우,29,수원 서북구 123-45,010-5733-4861,요리
8005,오유진,66,광주 강서구 123-45,010-9344-8438,등산
8006,이하윤,58,서울 팔달구 123-45,010-6286-6492,요리
8007,오건우,79,포항 북구 123-45,010-1183-7778,사진촬영
8008,오하윤,33,제주 장유동 123-45,010-5978-4592,카페 투어
8009,임서준,29,평택 중구 123-45,010-9152-5776,유튜브 보기
8010,임은우,29,제주 동구 123-45,010-9511-8066,자전거 타기
8011,조하윤,46,울산 서구 123-45,010-9760-7753,게임
8012,윤예은,45,울산 장유동 123-45,010-3786-9756,요리
8013,박하은,67,안산 성북구 123-45,010-5420-2478,운동
8014,한지후,73,서울 서북구 123-45,010-5382-5302,영화감상
8015,이지안,32,평택 팔달구 123-45,010-2465-7336,요리
8016,윤은우,74,천안 기흥구 123-45,010-7203-3706,등산
8017,서지원,39,안양 기흥구 123-45,010-2789-6888,음악감상
8018,정민수,37,남양주 수성구 123-45,010-6556-6960,카페 투어
8019,이하은,25,인천 북구 123-45,010-2395-5199,웹서핑
8020,윤하은,56,용인 수성구 123-45,010-9726-5146,등산
8021,조시우,62,세종 달서구 123-45,010-6809-5470,뜨개질
8022,임하윤,42,전주 성북구 123-45,010-8599-8224,뜨개질
8023,오민수,37,부산 성북구 123-45,010-9092-2597,게임
8024,윤도윤,46,포항 강서구 123-45,010-2532-4436,여행
8025,임소율,45,안산 성동구 123-45,010-2017-7807,독서
8026,오유진,36,부산 흥덕구 123-45,010-6601-1094,일기 쓰기
8027,강건우,43,천안 분당구 123-45,010-4317-8444,뜨개질
8028,최하은,74,광주 남구 123-45,010-3316-6752,여행
8029,신서연,29,서울 송파구 123-45,010-9166-1605,독서
8030,서지안,51,창원 성동구 123-45,010-2329-6458,자전거 타기
8031,조예은,28,울산 강서구 123-45,010-8583-7234,웹서핑
8032,서도윤,54,제주 서북구 123-45,010-6917-6925,보드게임
8033,이서준,77,제주 동구 123-45,010-7454-6686,여행
8034,김현우,23,대구 성동구 123-45,010-4230-5323,뜨개질
8035,김지민,69,청주 흥덕구 123-45,010-4776-3352,독서
8036,조지원,47,성남 북구 123-45,010-1929-4908,웹서핑
8037,정은우,24,제주 강서구 123-45,010-9066-6227,수영
8038,장도윤,68,창원 달서구 123-45,010-5506-1818,카페 투어
8039,박민수,76,수원 성동구 123-45,010-4842-9534,카페 투어
8040,박소율,77,대전 장유동 123-45,010-4159-6469,자전거 타기
8041,오현우,29,수원 해운대구 123-45,010-5867-3291,카페 투어
8042,김지원,49,고양 분당구 123-45,010-8572-2655,등산
8043,최지후,29,부산 강남구 123-45,010-1099-4404,웹서핑
8044,정수빈,48,화성 신제주 123-45,010-5863-9568,일기 쓰기
8045,장지민,29,인천 해운대구 123-45,010-7936-3528,요리
8046,박현우,55,천안 동구 123-45,010-4524-9970,뜨개질
8047,윤현우,54,세종 중구 123-45,010-3389-5169,유튜브 보기
8048,이건우,31,포항 유성구 123-45,010-5977-8981,게임
8049,정서준,36,포항 성북구 123-45,010-1104-2240,음악감상
8050,박현우,42,남양주 일산동구 123-45,010-8442-4715,여행
8051,김지민,57,용인 성북구 123-45,010-6999-9695,여행
8052,임지후,32,제주 장유동 123-45,010-2957-4604,드로잉
8053,정예은,26,청주 성동구 123-45,010-2349-3085,자전거 타기
8054,정유진,34,포항 중구 123-45,010-2854-2497,뜨개질
8055,박지후,32,안양 남구 123-45,010-4897-9428,유튜브 보기
8056,한도윤,77,제주 달서구 123-45,010-1939-7220,사진촬영
8057,이예린,59,인천 장유동 123-45,010-1166-9069,보드게임
8058,한서연,70,화성 중구 123-45,010-6504-6741,사진촬영
8059,오서연,21,대구 중구 123-45,010-1802-3473,요리
8060,최유진,47,남양주 기흥구 123-45,010-2507-8966,요리
8061,정유진,74,평택 덕진구 123-45,010-5963-7089,유튜브 보기
8062,서하윤,36,세종 성북구 123-45,010-2352-4063,사진촬영
8063,신하은,64,대전 팔달구 123-45,010-5884-5749,요리
8064,박소율,78,안산 서북구 123-45,010-6997-7098,드로잉
8065,조서준,44,청주 성북구 123-45,010-6668-1392,운동
8066,신은우,62,안양 신제주 123-45,010-7038-8127,여행
8067,최하은,67,울산 팔달구 123-45,010-1758-5066,자전거 타기
8068,김지원,65,부산 일산동구 123-45,010-3889-3992,사진촬영
8069,신하은,25,울산 일산동구 123-45,010-3121-3884,요리
8070,최예은,21,광주 송파구 123-45,010-9723-7485,여행
8071,오지안,33,안양 중구 123-45,010-4488-6886,사진촬영
8072,이도윤,66,울산 진해구 123-45,010-4952-7143,음악감상
8073,박도윤,21,평택 덕양구 123-45,010-4378-2747,카페 투어
8074,김태윤,77,세종 북구 123-45,010-9477-7344,보드게임
8075,강민수,41,서울 달서구 123-45,010-1658-4491,등산
8076,박민수,23,성남 일산동구 123-45,010-4864-5401,운동
8077,서유진,60,제주 성동구 123-45,010-1711-7894,등산
8078,장예린,65,화성 성북구 123-45,010-2357-3962,여행
8079,이서연,68,김해 성북구 123-45,010-8765-2047,카페 투어
8080,윤태윤,25,대전 일산동구 123-45,010-4290-4268,여행
8081,조지원,66,대전 강남구 123-45,010-1376-5517,독서
8082,조지원,35,창원 강남구 123-45,010-5868-7017,웹서핑
8083,박지후,46,제주 동구 123-45,010-8751-8842,사진촬영
8084,장하윤,56,서울 달서구 123-45,010-1575-9297,요리
8085,조유진,46,대전 수성구 123-45,010-4077-7464,등산
8086,최예은,33,천안 분당구 123-45,010-4960-7542,요리
8087,신서준,51,평택 수성구 123-45,010-2081-6518,음악감상
8088,박예린,55,평택 서북구 123-45,010-1045-9232,요리
8089,정서연,77,화성 덕진구 123-45,010-4967-3702,음악감상
8090,김지후,72,화성 흥덕구 123-45,010-5339-4920,뜨개질
8091,오태윤,46,인천 성북구 123-45,010-2363-5601,운동
8092,박시우,56,안산 덕진구 123-45,010-4014-7632,자전거 타기
8093,서현우,79,김해 팔달구 123-45,010-2644-1553,웹서핑
8094,장지안,52,대구 덕양구 123-45,010-7156-3657,영화감상
8095,오서준,36,고양 기흥구 123-45,010-4726-6973,요리
8096,김민수,21,광주 흥덕구 123-45,010-3705-9947,사진촬영
8097,신서준,56,광주 서구 123-45,010-7462-4455,등산
8098,조지원,41,부산 팔달구 123-45,010-2474-1143,일기 쓰기
8099,최태윤,78,광주 강서구 123-45,010-1976-1864,운동
8100,이현우,23,인천 성북구 123-45,010-5093-8743,자전거 타기
8101,강은우,35,부산 일산동구 123-45,010-6219-2969,음악감상
8102,정지안,38,청주 기흥구 123-45,010-6647-3123,게임
8103,장지안,33,남양주 장유동 123-45,010-8371-3931,일기 쓰기
8104,오서준,74,인천 흥덕구 123-45,010-5068-4941,웹서핑
8105,이시우,38,서울 기흥구 123-45,010-1397-1774,웹서핑
8106,오건우,68,대구 장유동 123-45,010-8938-2461,카페 투어
8107,김지민,52,인천 흥덕구 123-45,010-8150-5645,뜨개질
8108,박하은,30,김해 분당구 123-45,010-9037-1349,일기 쓰기
8109,강예은,71,세종 팔달구 123-45,010-1458-1672,운동
8110,오하은,68,안산 남구 123-45,010-7827-9373,등산
8111,이예은,38,울산 해운대구 123-45,010-3768-7832,게임
8112,장하은,79,세종 진해구 123-45,010-2088-5895,운동
8113,오예은,31,창원 강남구 123-45,010-8620-2813,독서
8114,오시우,32,세종 강서구 123-45,010-2010-5731,요리
8115,윤서연,66,세종 북구 123-45,010-1131-3506,웹서핑
8116,윤지후,32,청주 덕양구 123-45,010-5525-5322,운동
8117,장지민,70,평택 서구 123-45,010-5474-1471,영화감상
8118,서예은,48,포항 성북구 123-45,010-2631-6222,드로잉
8119,김서연,57,남양주 성북구 123-45,010-9590-3732,자전거 타기
8120,윤예은,66,김해 수성구 123-45,010-8100-3032,요리
8121,최하은,55,울산 성북구 123-45,010-1132-1572,등산
8122,최하윤,42,평택 기흥구 123-45,010-2354-6191,수영
8123,박태윤,23,창원 성북구 123-45,010-8481-3462,음악감상
8124,김현우,41,남양주 중구 123-45,010-7781-1079,영화감상
8125,한지원,68,인천 강남구 123-45,010-8154-7093,독서
8126,한민수,64,고양 유성구 123-45,010-4451-6103,운동
8127,오예린,28,서울 덕진구 123-45,010-7587-2768,자전거 타기
8128,장지원,29,서울 수성구 123-45,010-5288-1568,음악감상
8129,장유진,67,부산 흥덕구 123-45,010-3315-8433,보드게임
8130,박소율,27,평택 송파구 123-45,010-2018-3235,등산
8131,박예린,72,울산 강서구 123-45,010-4678-6841,사진촬영
8132,최지안,57,성남 송파구 123-45,010-8718-8491,수영
8133,장도윤,53,부산 중구 123-45,010-6073-4346,웹서핑
8134,박도윤,23,서울 중구 123-45,010-7760-5062,일기 쓰기
8135,오소율,26,고양 팔달구 123-45,010-7434-4763,일기 쓰기
8136,박은우,59,청주 강서구 123-45,010-1221-9727,등산
8137,서서준,26,부산 서구 123-45,010-2636-1934,운동
8138,정지안,56,창원 신제주 123-45,010-3667-1103,등산
8139,이태윤,20,평택 진해구 123-45,010-5053-3660,뜨개질
8140,임건우,33,남양주 남구 123-45,010-6094-1509,여행
8141,윤예린,77,안산 서구 123-45,010-6426-1190,뜨개질
8142,임예린,70,광주 성북구 123-45,010-8644-3301,웹서핑
8143,오지후,32,창원 서구 123-45,010-5648-2853,여행
8144,장유진,72,천안 달서구 123-45,010-7618-8958,카페 투어
8145,조하은,60,세종 흥덕구 123-45,010-8012-1458,여행
8146,오예린,48,안산 서구 123-45,010-8348-2417,운동
8147,임하윤,67,용인 성북구 123-45,010-2083-1014,일기 쓰기
8148,오지안,36,천안 흥덕구 123-45,010-2519-9008,요리
8149,장지안,61,광주 덕양구 123-45,010-6482-1434,웹서핑
8150,정도윤,44,대전 수성구 123-45,010-4113-2635,뜨개질
8151,임유진,68,용인 덕양구 123-45,010-6134-2630,요리
8152,박은우,57,광주 유성구 123-45,010-8279-4252,자전거 타기
8153,한수빈,77,성남 진해구 123-45,010-1140-4237,요리
8154,신태윤,64,안산 덕양구 123-45,010-9725-8187,등산
8155,서건우,65,부산 기흥구 123-45,010-2098-7615,수영
8156,장서준,26,성남 일산동구 123-45,010-7288-2401,유튜브 보기
8157,서지민,48,부산 강서구 123-45,010-6971-9805,요리
8158,박지안,29,안양 성동구 123-45,010-2487-9728,등산
8159,임현우,64,안양 수성구 123-45,010-5413-6231,카페 투어
8160,정예은,48,수원 성북구 123-45,010-5924-7289,웹서핑
8161,김소율,34,성남 일산동구 123-45,010-3173-1960,음악감상
8162,박은우,38,창원 팔달구 123-45,010-8846-9500,독서
8163,김현우,58,안양 북구 123-45,010-9809-6095,음악감상
8164,김지안,63,천안 북구 123-45,010-1778-7330,카페 투어
8165,오지민,43,광주 장유동 123-45,010-1932-3111,수영
8166,임지후,53,세종 덕양구 123-45,010-9772-8397,게임
8167,한소율,27,평택 진해구 123-45,010-4156-1943,등산
8168,조하윤,27,부산 해운대구 123-45,010-8122-1829,사진촬영
8169,강현우,62,세종 신제주 123-45,010-7342-4089,음악감상
8170,서하윤,32,대구 남구 123-45,010-8376-4132,자전거 타기
8171,이수빈,63,천안 중구 123-45,010-1312-5167,자전거 타기
8172,이예은,40,광주 덕진구 123-45,010-4980-9978,등산
8173,신서연,20,안양 유성구 123-45,010-1789-7312,뜨개질
8174,신하윤,20,수원 북구 123-45,010-4058-7840,카페 투어
8175,임지민,74,남양주 서구 123-45,010-2115-5974,영화감상
8176,정수빈,38,포항 팔달구 123-45,010-2823-8553,보드게임
8177,장지후,57,대구 수성구 123-45,010-2032-5546,영화감상
8178,박유진,33,성남 송파구 123-45,010-9362-3707,여행
8179,박현우,63,안산 서구 123-45,010-5087-5462,등산
8180,정서연,24,고양 북구 123-45,010-9805-6449,등산
8181,조지안,21,김해 서구 123-45,010-6350-8217,자전거 타기
8182,이민수,79,제주 기흥구 123-45,010-3584-4108,카페 투어
8183,박지안,31,대전 해운대구 123-45,010-3195-4077,카페 투어
8184,오예린,43,인천 덕진구 123-45,010-6598-2219,수영
8185,장은우,40,고양 일산동구 123-45,010-7473-9331,수영
8186,박지민,34,제주 남구 123-45,010-5468-3466,뜨개질
8187,윤예은,30,화성 중구 123-45,010-3695-9924,여행
8188,이시우,27,안양 분당구 123-45,010-5016-3464,여행
8189,신하윤,45,안산 덕양구 123-45,010-4808-4785,웹서핑
8190,장하은,73,성남 강남구 123-45,010-1206-9630,게임
8191,최수빈,24,용인 중구 123-45,010-6451-6690,여행
8192,강현우,44,청주 성북구 123-45,010-1628-9974,요리
8193,박소율,25,울산 달서구 123-45,010-6283-4594,유튜브 보기
8194,장현우,37,부산 신제주 123-45,010-9974-6032,드로잉
8195,조도윤,45,울산 흥덕구 123-45,010-1847-6953,독서
8196,이지안,58,용인 서북구 123-45,010-2218-9357,일기 쓰기
8197,서은우,20,인천 덕양구 123-45,010-2738-3360,뜨개질
8198,장지민,22,인천 기흥구 123-45,010-9396-8223,카페 투어
8199,임수빈,44,화성 송파구 123-45,010-4251-7871,보드게임
8200,서시우,64,대구 남구 123-45,010-1250-9111,카페 투어
8201,신서연,34,고양 성동구 123-45,010-3229-3337,보드게임
8202,최소율,28,김해 해운대구 123-45,010-4313-6645,게임
8203,정지원,35,광주 팔달구 123-45,010-5175-8494,카페 투어
8204,임수빈,67,서울 진해구 123-45,010-4941-3850,카페 투어
8205,이하은,43,수원 강남구 123-45,010-8028-9366,웹서핑
8206,신지후,71,김해 팔달구 123-45,010-3011-3320,웹서핑
8207,오현우,52,화성 일산동구 123-45,010-7883-9756,등산
8208,박예린,35,남양주 장유동 123-45,010-8185-8775,웹서핑
8209,김하은,22,창원 일산동구 123-45,010-2160-6943,요리
8210,장소율,62,대전 신제주 123-45,010-1764-7929,영화감상
8211,장수빈,20,포항 성동구 123-45,010-6855-6177,영화감상
8212,오소율,64,성남 강서구 123-45,010-6096-7510,카페 투어
8213,장하윤,41,성남 해운대구 123-45,010-5023-2148,등산
8214,강수빈,66,천안 북구 123-45,010-9290-5736,보드게임
8215,조예린,30,안양 진해구 123-45,010-3251-3167,뜨개질
8216,강소율,50,화성 성북구 123-45,010-6232-4263,음악감상
8217,이도윤,62,천안 수성구 123-45,010-2074-6180,보드게임
8218,신하은,27,제주 기흥구 123-45,010-1759-1893,일기 쓰기
8219,임시우,40,제주 남구 123-45,010-9984-5484,웹서핑
8220,윤지원,60,고양 진해구 123-45,010-4139-2594,요리
8221,조예은,74,성남 흥덕구 123-45,010-4146-5129,웹서핑
8222,김태윤,33,대전 장유동 123-45,010-6321-9903,요리
8223,조예은,44,제주 중구 123-45,010-1644-5010,카페 투어
8224,오서연,23,청주 신제주 123-45,010-1344-7950,수영
8225,한서준,56,포항 강서구 123-45,010-9357-8201,유튜브 보기
8226,신소율,24,제주 덕양구 123-45,010-8578-3392,수영
8227,오예린,63,안양 동구 123-45,010-1273-4511,수영
8228,오하윤,64,화성 서북구 123-45,010-3518-9669,수영
8229,임하은,54,화성 유성구 123-45,010-5204-3421,일기 쓰기
8230,임지안,59,인천 덕진구 123-45,010-3345-2870,수영
8231,김은우,49,제주 팔달구 123-45,010-4429-9340,유튜브 보기
8232,신민수,64,포항 남구 123-45,010-1087-2901,영화감상
8233,정은우,26,세종 분당구 123-45,010-8240-1236,독서
8234,오소율,52,용인 달서구 123-45,010-3654-1202,유튜브 보기
8235,장유진,62,세종 덕진구 123-45,010-7586-5504,수영
8236,장하윤,78,서울 분당구 123-45,010-2690-2687,요리
8237,임현우,33,수원 팔달구 123-45,010-6392-2448,등산
8238,윤하윤,41,전주 기흥구 123-45,010-7985-2836,수영
8239,임하윤,34,안양 강서구 123-45,010-7431-2829,독서
8240,정서연,29,수원 달서구 123-45,010-2415-4722,게임
8241,장은우,39,인천 성북구 123-45,010-8339-3975,독서
8242,이하은,39,남양주 서북구 123-45,010-9266-4411,일기 쓰기
8243,윤예린,64,포항 흥덕구 123-45,010-9867-9793,일기 쓰기
8244,윤건우,60,제주 팔달구 123-45,010-9334-1520,게임
8245,임지원,68,세종 덕양구 123-45,010-1747-8555,여행
8246,임예린,66,포항 해운대구 123-45,010-3177-2617,수영
8247,박현우,65,화성 덕진구 123-45,010-3016-3997,독서
8248,최유진,76,천안 흥덕구 123-45,010-6431-2247,유튜브 보기
8249,장민수,56,천안 북구 123-45,010-5423-7882,드로잉
8250,윤시우,53,광주 해운대구 123-45,010-6846-1796,등산
8251,서시우,49,안양 신제주 123-45,010-5445-1625,드로잉
8252,강서준,73,용인 분당구 123-45,010-9674-3888,여행
8253,신서준,74,안양 수성구 123-45,010-1695-5933,독서
8254,윤도윤,46,광주 분당구 123-45,010-2313-5645,카페 투어
8255,오하윤,28,울산 성북구 123-45,010-5706-5285,음악감상
8256,최시우,63,창원 신제주 123-45,010-1783-2083,자전거 타기
8257,최유진,32,안양 덕양구 123-45,010-3339-2107,여행
8258,오건우,75,창원 흥덕구 123-45,010-3906-8212,게임
8259,정수빈,46,화성 서구 123-45,010-4799-8632,게임
8260,강서준,22,청주 팔달구 123-45,010-5622-6592,여행
8261,정은우,40,남양주 동구 123-45,010-8579-4158,유튜브 보기
8262,서도윤,61,제주 수성구 123-45,010-8865-2201,보드게임
8263,윤예은,42,안산 일산동구 123-45,010-3940-3980,등산
8264,정소율,37,창원 성북구 123-45,010-7576-8527,독서
8265,최유진,46,서울 북구 123-45,010-6855-1188,독서
8266,한예린,52,김해 수성구 123-45,010-5647-6667,웹서핑
8267,박지원,33,전주 송파구 123-45,010-2025-6759,자전거 타기
8268,강현우,73,용인 해운대구 123-45,010-3939-9887,영화감상
8269,김서준,76,광주 서북구 123-45,010-5823-5422,독서
8270,윤은우,75,세종 강서구 123-45,010-6690-7251,유튜브 보기
8271,이지원,52,대전 서북구 123-45,010-6470-4754,요리
8272,한하은,34,화성 서구 123-45,010-2761-9489,자전거 타기
8273,박현우,57,성남 팔달구 123-45,010-1819-3972,일기 쓰기
8274,최하윤,32,수원 신제주 123-45,010-7348-3017,사진촬영
8275,김도윤,32,대구 서북구 123-45,010-1835-8869,드로잉
8276,강서준,72,세종 팔달구 123-45,010-4000-7341,음악감상
8277,최서연,52,김해 북구 123-45,010-8699-7070,뜨개질
8278,장도윤,49,안양 달서구 123-45,010-2491-4613,일기 쓰기
8279,최태윤,48,대전 달서구 123-45,010-2433-4895,카페 투어
8280,장지민,27,수원 송파구 123-45,010-7138-3499,유튜브 보기
8281,서유진,22,부산 유성구 123-45,010-2000-3763,등산
8282,한지민,67,광주 북구 123-45,010-2673-4039,드로잉
8283,박예린,23,대전 성북구 123-45,010-4790-8210,요리
8284,서시우,30,고양 남구 123-45,010-3565-5675,드로잉
8285,윤현우,71,성남 일산동구 123-45,010-8936-5525,등산
8286,임지원,74,포항 분당구 123-45,010-9660-4183,뜨개질
8287,김지민,52,성남 진해구 123-45,010-8883-5844,웹서핑
8288,신지안,67,창원 달서구 123-45,010-5427-8700,독서
8289,최은우,79,대전 팔달구 123-45,010-2245-5178,자전거 타기
8290,한하윤,42,남양주 북구 123-45,010-1670-9820,등산
8291,장하은,32,안양 해운대구 123-45,010-5905-2878,사진촬영
8292,신소율,68,포항 일산동구 123-45,010-4547-9991,음악감상
8293,한지원,61,부산 신제주 123-45,010-9573-3899,일기 쓰기
8294,조예은,42,제주 기흥구 123-45,010-4670-1311,게임
8295,강예은,47,안양 중구 123-45,010-2726-2352,보드게임
8296,김건우,66,천안 성동구 123-45,010-5196-5620,뜨개질
8297,임민수,59,화성 덕양구 123-45,010-1554-7983,자전거 타기
8298,신예린,59,광주 북구 123-45,010-3772-9136,여행
8299,조민수,33,고양 성동구 123-45,010-8972-4122,사진촬영
8300,오건우,76,용인 진해구 123-45,010-2168-3243,요리
8301,김수빈,67,대전 해운대구 123-45,010-3034-7616,웹서핑
8302,이현우,62,안양 동구 123-45,010-4840-5895,자전거 타기
8303,최시우,46,안산 성북구 123-45,010-1714-7395,사진촬영
8304,박민수,60,서울 기흥구 123-45,010-3398-9172,사진촬영
8305,이지후,46,천안 강남구 123-45,010-6311-4564,음악감상
8306,윤지원,56,제주 중구 123-45,010-1722-7844,웹서핑
8307,강지안,61,성남 덕양구 123-45,010-6471-4269,게임
8308,한하윤,72,광주 동구 123-45,010-1574-8535,카페 투어
8309,서은우,24,전주 북구 123-45,010-3896-8253,보드게임
8310,윤지안,76,전주 해운대구 123-45,010-3946-4286,카페 투어
8311,강수빈,47,제주 송파구 123-45,010-9749-6726,드로잉
8312,정현우,37,포항 수성구 123-45,010-7600-3115,여행
8313,최예은,52,창원 흥덕구 123-45,010-9749-3689,일기 쓰기
8314,서도윤,33,창원 진해구 123-45,010-6488-1182,게임
8315,임은우,20,성남 송파구 123-45,010-1499-5567,독서
8316,장태윤,59,대구 서북구 123-45,010-6292-8817,영화감상
8317,오시우,20,청주 남구 123-45,010-7814-4769,유튜브 보기
8318,이서연,58,화성 분당구 123-45,010-7076-6380,음악감상
8319,장지후,56,부산 분당구 123-45,010-7889-5015,유튜브 보기
8320,조지원,34,청주 흥덕구 123-45,010-5755-4897,일기 쓰기
8321,최은우,34,고양 남구 123-45,010-9250-6740,웹서핑
8322,정소율,44,포항 신제주 123-45,010-4350-3312,드로잉
8323,이서연,75,전주 북구 123-45,010-7767-2880,일기 쓰기
8324,조수빈,46,전주 강남구 123-45,010-3467-9195,요리
8325,오서준,67,창원 장유동 123-45,010-8131-6740,요리
8326,김수빈,27,인천 동구 123-45,010-8702-1762,등산
8327,최건우,72,서울 북구 123-45,010-6501-2088,뜨개질
8328,이유진,30,전주 흥덕구 123-45,010-5429-4742,독서
8329,정서연,71,서울 서북구 123-45,010-7049-4487,자전거 타기
8330,최도윤,75,성남 성북구 123-45,010-1205-6937,운동
8331,이은우,68,창원 강서구 123-45,010-1371-1689,요리
8332,이시우,51,전주 송파구 123-45,010-6322-7388,영화감상
8333,강지후,74,김해 덕진구 123-45,010-9506-7358,웹서핑
8334,최예린,76,남양주 해운대구 123-45,010-1681-2863,웹서핑
8335,윤예은,39,광주 북구 123-45,010-4641-9081,여행
8336,신유진,61,화성 서구 123-45,010-3576-2099,일기 쓰기
8337,신지안,59,용인 유성구 123-45,010-3759-4081,운동
8338,정태윤,69,인천 서구 123-45,010-3867-8218,일기 쓰기
8339,최소율,37,울산 기흥구 123-45,010-8255-3320,요리
8340,오시우,68,광주 서북구 123-45,010-7769-5964,보드게임
8341,최예린,35,세종 수성구 123-45,010-8512-3968,요리
8342,정소율,44,청주 서북구 123-45,010-4252-2499,자전거 타기
8343,이건우,78,울산 동구 123-45,010-3678-7816,일기 쓰기
8344,임현우,56,평택 성북구 123-45,010-7763-1959,보드게임
8345,김민수,26,광주 북구 123-45,010-4149-2754,여행
8346,임수빈,79,고양 남구 123-45,010-6003-5625,일기 쓰기
8347,오은우,74,용인 덕양구 123-45,010-1284-3559,카페 투어
8348,오하은,56,서울 서구 123-45,010-5568-8411,등산
8349,장서준,56,성남 분당구 123-45,010-6575-1993,등산
8350,최서연,23,김해 덕양구 123-45,010-3503-7334,사진촬영
8351,강지안,72,천안 송파구 123-45,010-2667-9431,운동
8352,최시우,50,광주 성동구 123-45,010-2710-7002,수영
8353,강예은,33,평택 북구 123-45,010-8836-7659,뜨개질
8354,서지원,39,안양 분당구 123-45,010-2890-1784,사진촬영
8355,신지후,25,안양 흥덕구 123-45,010-6401-6966,음악감상
8356,정수빈,32,서울 기흥구 123-45,010-4863-5066,운동
8357,정시우,73,안산 흥덕구 123-45,010-3502-7777,영화감상
8358,최하은,25,평택 신제주 123-45,010-5443-1184,유튜브 보기
8359,박태윤,21,부산 유성구 123-45,010-5512-4749,보드게임
8360,강예린,23,청주 덕양구 123-45,010-8218-6756,여행
8361,윤도윤,39,대전 중구 123-45,010-2051-9562,운동
8362,강태윤,63,광주 기흥구 123-45,010-2962-6702,유튜브 보기
8363,김민수,44,인천 달서구 123-45,010-8702-6787,요리
8364,임수빈,50,울산 서북구 123-45,010-6647-5880,일기 쓰기
8365,장도윤,52,김해 성동구 123-45,010-9717-2280,사진촬영
8366,임지안,22,성남 기흥구 123-45,010-6158-2250,수영
8367,오서준,49,성남 서구 123-45,010-2965-1674,자전거 타기
8368,오은우,63,서울 강서구 123-45,010-3238-1366,영화감상
8369,오예은,68,화성 달서구 123-45,010-2411-9849,요리
8370,박예린,26,대구 일산동구 123-45,010-1497-8236,수영
8371,이서준,46,화성 성동구 123-45,010-9668-6888,드로잉
8372,서하은,76,부산 성동구 123-45,010-7063-3725,게임
8373,박예린,59,안양 강서구 123-45,010-3796-1543,여행
8374,임은우,35,전주 수성구 123-45,010-9122-3347,음악감상
8375,김지후,37,창원 강남구 123-45,010-7930-3262,웹서핑
8376,강하윤,47,대구 팔달구 123-45,010-1106-7359,게임
8377,신수빈,21,안양 송파구 123-45,010-5682-2520,뜨개질
8378,김현우,40,남양주 송파구 123-45,010-1162-4161,요리
8379,서시우,63,창원 진해구 123-45,010-9857-3748,음악감상
8380,신유진,46,부산 송파구 123-45,010-3871-2786,운동
8381,서도윤,77,대전 강남구 123-45,010-5164-1293,뜨개질
8382,오건우,35,세종 강남구 123-45,010-3959-5372,게임
8383,서지민,40,청주 동구 123-45,010-1464-8418,독서
8384,조지민,69,창원 송파구 123-45,010-7774-3647,요리
8385,한은우,24,세종 장유동 123-45,010-3482-9493,영화감상
8386,신민수,42,대전 팔달구 123-45,010-8770-3564,수영
8387,박지안,72,전주 흥덕구 123-45,010-1751-4463,등산
8388,신예은,34,세종 분당구 123-45,010-2215-4934,웹서핑
8389,신하윤,26,성남 분당구 123-45,010-4628-2106,요리
8390,박건우,42,화성 진해구 123-45,010-6371-3675,요리
8391,신서연,74,대전 성동구 123-45,010-2934-2197,게임
8392,윤현우,43,천안 일산동구 123-45,010-7043-6758,영화감상
8393,임예은,39,세종 성동구 123-45,010-7042-6770,드로잉
8394,서하은,31,인천 진해구 123-45,010-3219-4224,여행
8395,장지후,27,대구 강남구 123-45,010-6445-2282,운동
8396,박민수,46,대구 장유동 123-45,010-3088-5353,등산
8397,최서연,27,남양주 성동구 123-45,010-3612-2942,뜨개질
8398,장은우,20,평택 서구 123-45,010-5984-8154,등산
8399,오민수,75,안산 남구 123-45,010-2396-1503,수영
8400,이은우,73,전주 기흥구 123-45,010-1631-2069,드로잉
8401,오민수,29,대전 서북구 123-45,010-7979-7966,보드게임
8402,장예은,55,대전 강남구 123-45,010-3555-2994,게임
8403,서지후,42,대구 북구 123-45,010-1652-4300,여행
8404,정예은,44,대구 진해구 123-45,010-8401-9147,수영
8405,신서준,51,남양주 기흥구 123-45,010-4461-1842,독서
8406,김서연,58,청주 서북구 123-45,010-3037-5160,여행
8407,윤민수,52,세종 강서구 123-45,010-6987-6160,드로잉
8408,윤하은,77,남양주 유성구 123-45,010-8108-5411,요리
8409,이은우,59,포항 달서구 123-45,010-2059-6385,운동
8410,정지후,54,천안 덕양구 123-45,010-9213-6652,영화감상
8411,한지민,72,부산 팔달구 123-45,010-2698-6997,게임
8412,오지원,27,세종 기흥구 123-45,010-1146-1804,수영
8413,정시우,30,인천 북구 123-45,010-6062-3533,드로잉
8414,이도윤,59,대구 분당구 123-45,010-2618-4589,운동
8415,한은우,52,서울 유성구 123-45,010-4226-6073,자전거 타기
8416,임도윤,41,고양 수성구 123-45,010-8658-5392,음악감상
8417,정시우,32,창원 동구 123-45,010-7900-9876,게임
8418,임지후,77,인천 서구 123-45,010-6470-9517,보드게임
8419,서태윤,42,광주 팔달구 123-45,010-5297-5237,자전거 타기
8420,윤은우,68,고양 신제주 123-45,010-4468-7125,드로잉
8421,이소율,20,화성 동구 123-45,010-4990-2823,수영
8422,임시우,43,화성 진해구 123-45,010-8200-1794,웹서핑
8423,김하윤,23,울산 서구 123-45,010-3785-1761,사진촬영
8424,강시우,56,평택 기흥구 123-45,010-4383-6308,자전거 타기
8425,강소율,27,천안 덕양구 123-45,010-9733-5973,영화감상
8426,최지안,55,천안 덕진구 123-45,010-1224-6133,자전거 타기
8427,윤하윤,43,광주 신제주 123-45,010-9312-4501,게임
8428,장하은,53,김해 남구 123-45,010-3893-7365,보드게임
8429,최하은,58,천안 서구 123-45,010-8440-4440,사진촬영
8430,장지안,43,포항 덕진구 123-45,010-9405-6670,독서
8431,조지안,37,김해 장유동 123-45,010-2184-9432,수영
8432,임서연,46,창원 기흥구 123-45,010-7701-5072,사진촬영
8433,서시우,63,제주 수성구 123-45,010-8174-8294,카페 투어
8434,신유진,60,대전 중구 123-45,010-6057-2356,운동
8435,서지원,35,평택 북구 123-45,010-4688-8652,웹서핑
8436,신현우,57,전주 분당구 123-45,010-5263-5092,음악감상
8437,오서준,78,용인 일산동구 123-45,010-1449-3193,여행
8438,김민수,77,울산 서북구 123-45,010-9707-3033,자전거 타기
8439,강예린,79,고양 서북구 123-45,010-6560-2607,여행
8440,박도윤,52,광주 강남구 123-45,010-1715-3442,독서
8441,강도윤,29,제주 신제주 123-45,010-7992-1143,영화감상
8442,임수빈,68,성남 성동구 123-45,010-3099-2427,보드게임
8443,이서준,58,천안 서북구 123-45,010-6751-8402,영화감상
8444,김민수,24,부산 남구 123-45,010-5641-7027,등산
8445,정지민,58,대전 성북구 123-45,010-5979-1273,독서
8446,윤서연,43,김해 유성구 123-45,010-1962-5851,유튜브 보기
8447,서지안,48,제주 팔달구 123-45,010-1199-9724,카페 투어
8448,강지후,48,천안 중구 123-45,010-4609-4101,일기 쓰기
8449,장은우,71,광주 해운대구 123-45,010-9802-1366,사진촬영
8450,강태윤,24,청주 팔달구 123-45,010-4934-5737,카페 투어
8451,윤시우,28,화성 수성구 123-45,010-4751-4383,운동
8452,김은우,30,창원 해운대구 123-45,010-1868-9272,운동
8453,박건우,54,남양주 분당구 123-45,010-7069-5024,요리
8454,이유진,45,대구 일산동구 123-45,010-7640-5404,뜨개질
8455,이지안,56,평택 진해구 123-45,010-8007-4305,보드게임
8456,이지안,76,안산 일산동구 123-45,010-5952-3038,운동
8457,최민수,20,포항 분당구 123-45,010-6836-5501,유튜브 보기
8458,강소율,38,용인 서구 123-45,010-2688-1758,웹서핑
8459,최예린,30,인천 강남구 123-45,010-5015-5308,자전거 타기
8460,박지원,20,남양주 덕진구 123-45,010-3238-3781,드로잉
8461,신지안,48,성남 강남구 123-45,010-6143-7638,독서
8462,한은우,29,창원 진해구 123-45,010-7367-5125,카페 투어
8463,오태윤,47,대구 덕양구 123-45,010-5504-5790,독서
8464,오현우,60,화성 서구 123-45,010-2695-8702,영화감상
8465,한소율,72,전주 성북구 123-45,010-5478-5931,게임
8466,조지민,49,창원 수성구 123-45,010-3179-7882,요리
8467,신민수,39,울산 서구 123-45,010-6488-6039,카페 투어
8468,장도윤,61,세종 강남구 123-45,010-9129-7889,운동
8469,정지안,30,안양 장유동 123-45,010-8777-9692,사진촬영
8470,임지민,33,안산 달서구 123-45,010-4614-6829,뜨개질
8471,이서준,22,수원 성북구 123-45,010-3360-5697,요리
8472,최태윤,30,포항 팔달구 123-45,010-2406-8086,사진촬영
8473,신현우,75,안산 북구 123-45,010-7961-5656,음악감상
8474,이서연,46,대구 해운대구 123-45,010-9070-1350,드로잉
8475,조수빈,27,전주 수성구 123-45,010-3264-3058,드로잉
8476,박수빈,53,전주 성북구 123-45,010-8301-7085,자전거 타기
8477,윤지원,51,용인 분당구 123-45,010-7396-4377,뜨개질
8478,오지원,72,안양 장유동 123-45,010-4469-1716,카페 투어
8479,강수빈,52,평택 남구 123-45,010-1329-5468,보드게임
8480,서서준,40,남양주 강남구 123-45,010-7805-7101,요리
8481,신시우,30,천안 달서구 123-45,010-2668-2829,운동
8482,서수빈,26,부산 해운대구 123-45,010-6642-8553,요리
8483,최소율,31,청주 팔달구 123-45,010-2593-3461,드로잉
8484,임예은,56,용인 수성구 123-45,010-9128-3936,요리
8485,조소율,31,수원 수성구 123-45,010-1807-7037,게임
8486,한하윤,54,평택 북구 123-45,010-7173-3835,등산
8487,김하윤,61,평택 성동구 123-45,010-3314-8158,유튜브 보기
8488,서지민,53,서울 일산동구 123-45,010-2693-1044,독서
8489,정태윤,24,청주 성북구 123-45,010-9831-6216,운동
8490,정서준,50,울산 장유동 123-45,010-4325-4195,영화감상
8491,서태윤,74,전주 성북구 123-45,010-8267-6262,게임
8492,임은우,23,광주 남구 123-45,010-6140-1930,보드게임
8493,임수빈,75,대구 서북구 123-45,010-8202-1864,사진촬영
8494,김민수,63,천안 남구 123-45,010-2348-7617,뜨개질
8495,조예은,69,서울 성동구 123-45,010-8371-6903,드로잉
8496,조소율,61,수원 유성구 123-45,010-7789-2289,유튜브 보기
8497,한건우,73,고양 남구 123-45,010-8834-2435,운동
8498,서민수,45,세종 서북구 123-45,010-3169-2436,자전거 타기
8499,오수빈,20,전주 남구 123-45,010-9532-3791,여행
8500,강서준,21,용인 진해구 123-45,010-7712-9403,뜨개질
8501,윤하윤,58,김해 성동구 123-45,010-2622-7435,영화감상
8502,한지후,68,남양주 달서구 123-45,010-5700-5878,독서
8503,박건우,77,성남 북구 123-45,010-8869-1527,카페 투어
8504,강태윤,45,울산 팔달구 123-45,010-3661-2902,자전거 타기
8505,강서준,77,용인 유성구 123-45,010-7678-6022,드로잉
8506,한예은,64,화성 팔달구 123-45,010-9069-7517,사진촬영
8507,정지민,65,인천 성북구 123-45,010-6950-7295,사진촬영
8508,강은우,62,수원 중구 123-45,010-2604-9307,운동
8509,신예린,24,울산 중구 123-45,010-7026-7941,유튜브 보기
8510,조건우,32,인천 성북구 123-45,010-6853-2050,웹서핑
8511,강예린,72,평택 강남구 123-45,010-7094-3167,카페 투어
8512,정도윤,32,김해 기흥구 123-45,010-8493-6258,영화감상
8513,신지후,45,성남 신제주 123-45,010-1209-3591,보드게임
8514,김은우,49,안산 분당구 123-45,010-5074-4061,등산
8515,장지안,73,전주 일산동구 123-45,010-7767-5871,자전거 타기
8516,임예린,34,고양 중구 123-45,010-4960-6747,등산
8517,김예은,21,포항 일산동구 123-45,010-6453-9726,운동
8518,신지원,35,화성 성북구 123-45,010-3509-6950,등산
8519,임유진,70,세종 덕진구 123-45,010-6952-8414,독서
8520,김도윤,70,부산 북구 123-45,010-8621-1886,유튜브 보기
8521,장지후,64,전주 덕양구 123-45,010-3198-6448,수영
8522,임소율,46,청주 서구 123-45,010-8614-5308,카페 투어
8523,강소율,69,남양주 수성구 123-45,010-3546-4997,요리
8524,신서준,78,수원 팔달구 123-45,010-3541-2674,독서
8525,임예은,26,전주 팔달구 123-45,010-2330-5982,유튜브 보기
8526,장은우,42,전주 장유동 123-45,010-9062-6008,자전거 타기
8527,윤시우,67,고양 송파구 123-45,010-4963-4636,요리
8528,이서준,75,울산 신제주 123-45,010-9998-4696,운동
8529,최수빈,22,수원 기흥구 123-45,010-8490-7672,독서
8530,김태윤,50,용인 흥덕구 123-45,010-5971-8115,영화감상
8531,서시우,36,평택 해운대구 123-45,010-1532-2771,요리
8532,윤건우,65,청주 중구 123-45,010-6722-2192,독서
8533,강하은,41,평택 흥덕구 123-45,010-9230-9518,드로잉
8534,신태윤,79,인천 덕진구 123-45,010-3215-4274,독서
8535,임서준,64,부산 덕양구 123-45,010-1797-6426,자전거 타기
8536,정지후,35,고양 중구 123-45,010-5423-9986,자전거 타기
8537,정은우,60,울산 송파구 123-45,010-3854-6335,유튜브 보기
8538,신하윤,70,세종 흥덕구 123-45,010-5576-1256,보드게임
8539,한유진,58,광주 중구 123-45,010-5519-7208,웹서핑
8540,이태윤,75,대전 흥덕구 123-45,010-9031-3022,카페 투어
8541,오현우,53,안양 성북구 123-45,010-1579-7061,유튜브 보기
8542,조건우,52,화성 서구 123-45,010-5824-1948,자전거 타기
8543,김하은,64,대전 수성구 123-45,010-6208-6918,웹서핑
8544,박예린,39,고양 유성구 123-45,010-3385-3131,영화감상
8545,임시우,20,성남 유성구 123-45,010-2139-4518,음악감상
8546,임현우,24,서울 강서구 123-45,010-5942-5357,여행
8547,박서연,44,안양 분당구 123-45,010-1522-7404,유튜브 보기
8548,강서연,56,안양 덕진구 123-45,010-4076-4498,뜨개질
8549,서민수,39,대구 서구 123-45,010-2952-2419,수영
8550,김시우,49,전주 중구 123-45,010-8129-9844,드로잉
8551,한소율,75,제주 분당구 123-45,010-4099-9170,자전거 타기
8552,오서준,74,화성 덕양구 123-45,010-5682-6428,수영
8553,최지민,28,광주 성북구 123-45,010-4880-1292,여행
8554,박은우,34,울산 강서구 123-45,010-3267-6657,독서
8555,윤건우,32,수원 동구 123-45,010-2333-3072,요리
8556,조소율,73,서울 흥덕구 123-45,010-1154-4342,자전거 타기
8557,박시우,44,화성 분당구 123-45,010-9005-3552,사진촬영
8558,서현우,32,인천 동구 123-45,010-2987-7628,요리
8559,신소율,33,포항 기흥구 123-45,010-3526-3085,독서
8560,서지후,56,수원 팔달구 123-45,010-3500-2019,보드게임
8561,신도윤,47,성남 북구 123-45,010-4390-4505,자전거 타기
8562,정서연,35,성남 성동구 123-45,010-1833-2013,카페 투어
8563,서예은,52,성남 팔달구 123-45,010-6200-7075,영화감상
8564,강지민,29,고양 중구 123-45,010-8640-1890,요리
8565,한서연,73,서울 송파구 123-45,010-7314-2037,자전거 타기
8566,박하은,23,남양주 달서구 123-45,010-6101-6115,요리
8567,한지안,67,인천 장유동 123-45,010-5858-6488,웹서핑
8568,신예은,26,수원 기흥구 123-45,010-6942-3202,자전거 타기
8569,임지원,38,전주 장유동 123-45,010-7971-4925,여행
8570,최서연,79,용인 기흥구 123-45,010-4303-1431,웹서핑
8571,신서준,24,고양 장유동 123-45,010-1452-3661,사진촬영
8572,이유진,40,제주 송파구 123-45,010-9526-7092,뜨개질
8573,신서연,33,화성 분당구 123-45,010-8304-9065,등산
8574,박건우,45,대전 기흥구 123-45,010-3863-5505,사진촬영
8575,장소율,52,대전 기흥구 123-45,010-4382-9281,운동
8576,장유진,79,천안 북구 123-45,010-7192-4352,독서
8577,최은우,75,세종 북구 123-45,010-4705-9704,등산
8578,신소율,43,고양 강남구 123-45,010-2726-7537,보드게임
8579,윤소율,26,전주 해운대구 123-45,010-1800-8926,음악감상
8580,정건우,62,성남 해운대구 123-45,010-5725-3822,일기 쓰기
8581,신수빈,41,대구 덕진구 123-45,010-2782-7212,독서
8582,최유진,66,고양 남구 123-45,010-2978-1847,웹서핑
8583,임수빈,48,안양 강서구 123-45,010-8770-5522,드로잉
8584,장예은,23,포항 서구 123-45,010-2819-9765,자전거 타기
8585,박하은,52,천안 성북구 123-45,010-2591-3843,유튜브 보기
8586,서예은,46,천안 일산동구 123-45,010-2996-3338,수영
8587,최유진,32,제주 분당구 123-45,010-1340-1351,독서
8588,박지안,40,용인 팔달구 123-45,010-1459-2031,보드게임
8589,박건우,27,인천 성북구 123-45,010-6940-4438,운동
8590,박예은,50,안산 기흥구 123-45,010-2069-7572,음악감상
8591,윤현우,67,창원 덕양구 123-45,010-4006-6347,운동
8592,강도윤,74,세종 덕진구 123-45,010-5542-1586,독서
8593,오지민,53,고양 해운대구 123-45,010-4782-3493,카페 투어
8594,윤예은,68,화성 장유동 123-45,010-8699-3691,유튜브 보기
8595,최태윤,25,울산 송파구 123-45,010-8016-2798,유튜브 보기
8596,장도윤,49,김해 남구 123-45,010-4410-1055,운동
8597,오태윤,25,부산 서북구 123-45,010-5819-1320,드로잉
8598,최수빈,26,안산 진해구 123-45,010-4608-6496,뜨개질
8599,최지후,42,성남 진해구 123-45,010-5530-2578,자전거 타기
8600,한시우,25,안산 강서구 123-45,010-8161-2110,유튜브 보기
8601,강현우,28,성남 신제주 123-45,010-7740-2654,카페 투어
8602,박소율,57,안산 수성구 123-45,010-1962-6370,독서
8603,오하은,29,대구 팔달구 123-45,010-3693-3981,음악감상
8604,이예은,33,남양주 덕진구 123-45,010-6569-7614,유튜브 보기
8605,장지민,42,광주 동구 123-45,010-3377-9049,요리
8606,한지원,69,포항 덕양구 123-45,010-6683-2051,수영
8607,강시우,43,서울 남구 123-45,010-9863-7889,독서
8608,장지안,46,남양주 강남구 123-45,010-4396-2481,사진촬영
8609,박예린,55,수원 송파구 123-45,010-3083-2711,웹서핑
8610,서서연,62,포항 북구 123-45,010-4370-5697,여행
8611,임하윤,21,청주 강서구 123-45,010-2082-5532,자전거 타기
8612,임도윤,68,천안 분당구 123-45,010-4081-3045,게임
8613,서서연,42,천안 강서구 123-45,010-2656-1201,수영
8614,강지안,35,김해 유성구 123-45,010-5302-5054,수영
8615,박지후,65,청주 흥덕구 123-45,010-6140-4799,음악감상
8616,최하은,51,광주 북구 123-45,010-5048-1227,드로잉
8617,임서연,41,안산 팔달구 123-45,010-1346-9199,뜨개질
8618,조건우,74,포항 서북구 123-45,010-1281-5215,자전거 타기
8619,장서연,31,성남 팔달구 123-45,010-9511-3929,웹서핑
8620,한태윤,39,용인 유성구 123-45,010-6936-8835,독서
8621,강건우,34,안산 성북구 123-45,010-1848-3736,사진촬영
8622,정민수,61,서울 남구 123-45,010-5554-9935,독서
8623,윤지안,49,울산 덕양구 123-45,010-5650-3748,여행
8624,장건우,24,고양 장유동 123-45,010-3835-4261,운동
8625,윤태윤,46,청주 북구 123-45,010-9609-8734,요리
8626,조지후,37,대전 송파구 123-45,010-2049-1781,운동
8627,이민수,29,울산 수성구 123-45,010-9460-9502,요리
8628,조예은,21,전주 중구 123-45,010-2280-9552,웹서핑
8629,서은우,49,전주 유성구 123-45,010-3991-8231,자전거 타기
8630,서예린,45,남양주 서북구 123-45,010-7678-3744,사진촬영
8631,장현우,65,안양 분당구 123-45,010-3295-2024,운동
8632,신예린,55,대구 성북구 123-45,010-2559-4342,요리
8633,김지민,38,평택 유성구 123-45,010-8873-6852,등산
8634,이하은,63,서울 서북구 123-45,010-6801-5402,여행
8635,장하윤,47,세종 북구 123-45,010-2490-3266,카페 투어
8636,강서연,70,전주 진해구 123-45,010-2641-2917,자전거 타기
8637,박민수,27,화성 덕진구 123-45,010-4047-2109,사진촬영
8638,박태윤,29,전주 진해구 123-45,010-7762-1449,뜨개질
8639,강지안,55,창원 수성구 123-45,010-4597-4300,사진촬영
8640,정예은,78,부산 기흥구 123-45,010-9708-4150,자전거 타기
8641,장예린,42,남양주 분당구 123-45,010-2289-8169,여행
8642,장하은,21,서울 북구 123-45,010-4354-3933,등산
8643,박서연,59,전주 강남구 123-45,010-4848-1318,독서
8644,박건우,38,안양 해운대구 123-45,010-7393-3033,음악감상
8645,윤서준,68,청주 중구 123-45,010-5055-6482,사진촬영
8646,신건우,25,대전 서북구 123-45,010-6047-5560,카페 투어
8647,이시우,65,고양 중구 123-45,010-4459-7863,카페 투어
8648,강예은,56,대전 성북구 123-45,010-3312-5445,사진촬영
8649,이지후,53,천안 신제주 123-45,010-4321-3454,게임
8650,임태윤,37,천안 덕진구 123-45,010-9602-7385,독서
8651,장지민,39,김해 강서구 123-45,010-8094-9136,보드게임
8652,정예린,34,전주 성북구 123-45,010-8530-1852,게임
8653,한지안,36,포항 덕양구 123-45,010-5207-5542,사진촬영
8654,강예린,63,고양 흥덕구 123-45,010-1156-9815,음악감상
8655,최건우,63,포항 달서구 123-45,010-8401-5153,여행
8656,한민수,41,제주 성동구 123-45,010-4093-8372,자전거 타기
8657,강지민,51,평택 해운대구 123-45,010-6585-3090,운동
8658,서지민,33,창원 해운대구 123-45,010-5595-9379,뜨개질
8659,강소율,74,평택 덕양구 123-45,010-1476-6818,게임
8660,강하윤,73,울산 일산동구 123-45,010-7963-4478,등산
8661,조지후,40,포항 강남구 123-45,010-7543-3098,사진촬영
8662,윤서연,45,안산 진해구 123-45,010-3025-7725,사진촬영
8663,신도윤,31,안산 유성구 123-45,010-8096-8923,사진촬영
8664,김유진,74,천안 장유동 123-45,010-1618-8226,여행
8665,윤시우,32,남양주 동구 123-45,010-1618-3613,요리
8666,신시우,61,창원 일산동구 123-45,010-9764-5157,뜨개질
8667,박현우,24,수원 서구 123-45,010-3555-5611,일기 쓰기
8668,김민수,55,광주 분당구 123-45,010-3452-2863,독서
8669,김지원,71,대전 성동구 123-45,010-7024-7109,유튜브 보기
8670,강도윤,54,고양 남구 123-45,010-3814-5258,여행
8671,정지민,35,용인 성동구 123-45,010-3294-8379,수영
8672,최유진,61,고양 달서구 123-45,010-1839-1919,독서
8673,정도윤,29,천안 성동구 123-45,010-5499-9640,자전거 타기
8674,김시우,71,남양주 흥덕구 123-45,010-8390-6342,운동
8675,최시우,29,광주 중구 123-45,010-1042-3611,영화감상
8676,박지안,33,울산 달서구 123-45,010-3373-5344,자전거 타기
8677,박예은,58,세종 서구 123-45,010-6689-9151,여행
8678,김시우,66,천안 북구 123-45,010-4459-4231,수영
8679,한예린,22,부산 진해구 123-45,010-3669-9811,요리
8680,이하은,52,성남 분당구 123-45,010-3325-9211,드로잉
8681,장지민,53,안산 강서구 123-45,010-4996-2938,카페 투어
8682,강하윤,49,서울 덕양구 123-45,010-4135-8174,운동
8683,신건우,70,광주 장유동 123-45,010-2801-3067,영화감상
8684,임지민,33,화성 송파구 123-45,010-5487-3176,등산
8685,오현우,35,제주 덕진구 123-45,010-4730-8184,웹서핑
8686,장도윤,29,화성 진해구 123-45,010-6817-5539,웹서핑
8687,윤예은,57,천안 기흥구 123-45,010-5741-3122,카페 투어
8688,박지민,23,부산 팔달구 123-45,010-3027-9015,유튜브 보기
8689,서지원,68,남양주 달서구 123-45,010-3957-8659,보드게임
8690,장소율,50,수원 분당구 123-45,010-3817-1045,일기 쓰기
8691,김예린,62,성남 강남구 123-45,010-4544-2074,드로잉
8692,박시우,49,용인 덕진구 123-45,010-9169-2159,수영
8693,윤지민,68,안양 성동구 123-45,010-4188-8017,수영
8694,서하은,32,청주 동구 123-45,010-7895-4534,웹서핑
8695,한수빈,70,남양주 진해구 123-45,010-4412-9369,게임
8696,이지민,20,대전 수성구 123-45,010-5281-8857,보드게임
8697,강하윤,79,남양주 송파구 123-45,010-7151-2803,음악감상
8698,강소율,75,대전 서북구 123-45,010-4331-7196,독서
8699,한현우,29,남양주 덕양구 123-45,010-6832-6112,일기 쓰기
8700,이예은,48,남양주 진해구 123-45,010-5715-9014,여행
8701,정소율,64,세종 수성구 123-45,010-9021-4377,웹서핑
8702,한태윤,46,수원 덕양구 123-45,010-3781-2112,영화감상
8703,서서연,67,인천 북구 123-45,010-5204-6222,게임
8704,윤하윤,73,남양주 성동구 123-45,010-1271-5652,뜨개질
8705,오건우,48,평택 덕양구 123-45,010-6192-4754,요리
8706,윤태윤,42,제주 동구 123-45,010-9958-5482,카페 투어
8707,이유진,60,울산 유성구 123-45,010-7912-4277,요리
8708,윤현우,23,남양주 신제주 123-45,010-6733-7611,수영
8709,박민수,27,제주 북구 123-45,010-4271-4304,운동
8710,윤서준,31,고양 유성구 123-45,010-3716-2625,수영
8711,신서연,63,전주 강남구 123-45,010-3020-8971,영화감상
8712,강서준,49,광주 진해구 123-45,010-7566-1157,카페 투어
8713,임서준,57,광주 성북구 123-45,010-9083-5281,뜨개질
8714,신현우,21,울산 장유동 123-45,010-7896-2679,카페 투어
8715,이하은,22,용인 흥덕구 123-45,010-8344-4586,영화감상
8716,최서준,52,평택 달서구 123-45,010-9984-2136,게임
8717,이소율,54,용인 팔달구 123-45,010-6130-3526,사진촬영
8718,조서준,20,포항 신제주 123-45,010-3787-6970,사진촬영
8719,최시우,47,전주 유성구 123-45,010-9148-4288,영화감상
8720,장시우,52,포항 달서구 123-45,010-8884-1286,드로잉
8721,박서준,61,안양 동구 123-45,010-1669-5767,카페 투어
8722,김지안,59,안산 신제주 123-45,010-2427-4643,자전거 타기
8723,임태윤,55,울산 해운대구 123-45,010-6376-8365,드로잉
8724,신지안,25,안양 달서구 123-45,010-8379-6693,카페 투어
8725,박서준,20,울산 흥덕구 123-45,010-5404-5852,독서
8726,오서준,23,대구 팔달구 123-45,010-1002-4730,사진촬영
8727,최서연,77,안양 송파구 123-45,010-3725-7459,웹서핑
8728,장수빈,47,창원 해운대구 123-45,010-7028-4565,수영
8729,신유진,73,부산 진해구 123-45,010-3487-5980,카페 투어
8730,강지원,36,대전 북구 123-45,010-8446-3383,보드게임
8731,임민수,79,전주 강서구 123-45,010-2569-3096,요리
8732,윤건우,65,인천 강서구 123-45,010-6142-1000,웹서핑
8733,강하윤,29,남양주 일산동구 123-45,010-3519-1241,등산
8734,김서연,74,안산 신제주 123-45,010-3681-8337,운동
8735,강하윤,47,울산 남구 123-45,010-1270-5158,여행
8736,윤도윤,77,화성 서구 123-45,010-4715-4676,보드게임
8737,최건우,55,인천 남구 123-45,010-3618-4073,웹서핑
8738,최유진,69,청주 동구 123-45,010-2537-4754,일기 쓰기
8739,한하윤,62,안양 진해구 123-45,010-7402-7411,운동
8740,김지안,77,포항 수성구 123-45,010-1954-2395,보드게임
8741,오수빈,61,평택 해운대구 123-45,010-6050-8269,자전거 타기
8742,임민수,21,고양 일산동구 123-45,010-3064-4840,여행
8743,김지원,76,화성 남구 123-45,010-2455-9440,요리
8744,강서연,70,고양 남구 123-45,010-9514-6611,영화감상
8745,김현우,21,평택 북구 123-45,010-1061-6277,등산
8746,최수빈,21,부산 분당구 123-45,010-2829-3996,드로잉
8747,박예은,29,울산 덕양구 123-45,010-9203-3020,일기 쓰기
8748,한하윤,47,고양 북구 123-45,010-9037-8597,운동
8749,조예린,49,안양 분당구 123-45,010-8653-2128,등산
8750,오건우,58,청주 달서구 123-45,010-6776-3438,카페 투어
8751,이소율,49,용인 북구 123-45,010-9568-1209,운동
8752,강은우,62,부산 동구 123-45,010-3610-7280,일기 쓰기
8753,장지원,47,제주 덕진구 123-45,010-7969-7512,등산
8754,신현우,76,대구 서북구 123-45,010-7137-6269,뜨개질
8755,윤지안,23,울산 흥덕구 123-45,010-9453-6021,게임
8756,신건우,69,창원 덕양구 123-45,010-5537-9942,보드게임
8757,임소율,47,인천 성북구 123-45,010-7904-7163,게임
8758,이예린,35,광주 진해구 123-45,010-9288-5947,카페 투어
8759,박시우,76,전주 북구 123-45,010-5977-1521,음악감상
8760,서현우,33,제주 성동구 123-45,010-9338-5213,사진촬영
8761,이은우,39,서울 장유동 123-45,010-2804-5010,뜨개질
8762,최소율,38,김해 기흥구 123-45,010-3357-1046,보드게임
8763,오민수,76,안산 해운대구 123-45,010-5478-6429,사진촬영
8764,윤하윤,78,대전 장유동 123-45,010-3981-4150,보드게임
8765,이지후,33,포항 북구 123-45,010-5228-7565,운동
8766,강건우,35,성남 남구 123-45,010-6688-1031,자전거 타기
8767,서유진,51,전주 신제주 123-45,010-2971-6049,영화감상
8768,윤소율,20,성남 덕진구 123-45,010-5651-3089,뜨개질
8769,신건우,59,포항 진해구 123-45,010-9952-2691,게임
8770,박예은,40,대전 일산동구 123-45,010-4073-8950,보드게임
8771,정지후,29,화성 분당구 123-45,010-1992-5573,일기 쓰기
8772,서지안,23,전주 서구 123-45,010-3746-8558,여행
8773,강서연,55,부산 수성구 123-45,010-6200-3910,사진촬영
8774,서태윤,26,광주 강서구 123-45,010-4985-8507,보드게임
8775,오건우,25,인천 흥덕구 123-45,010-1221-3080,수영
8776,오유진,70,대구 서북구 123-45,010-9115-5901,수영
8777,장도윤,74,안양 일산동구 123-45,010-1412-3556,여행
8778,서서준,65,포항 덕양구 123-45,010-3646-3989,웹서핑
8779,장하윤,49,남양주 성동구 123-45,010-2090-5699,요리
8780,장도윤,42,남양주 성동구 123-45,010-5822-2885,영화감상
8781,신지후,35,창원 분당구 123-45,010-6476-1622,뜨개질
8782,이유진,32,천안 장유동 123-45,010-3497-4805,운동
8783,신지안,71,천안 강남구 123-45,010-9479-9518,유튜브 보기
8784,이서연,31,제주 팔달구 123-45,010-1916-7327,게임
8785,윤수빈,40,남양주 강서구 123-45,010-8033-8988,등산
8786,이도윤,41,전주 성동구 123-45,010-2427-1020,유튜브 보기
8787,박하윤,36,대구 기흥구 123-45,010-1485-1673,운동
8788,박지민,77,고양 덕진구 123-45,010-8891-4467,자전거 타기
8789,정현우,31,광주 중구 123-45,010-8401-9582,요리
8790,장건우,22,성남 강서구 123-45,010-5002-6511,수영
8791,윤지안,67,광주 성북구 123-45,010-4650-1420,영화감상
8792,이지안,72,성남 서구 123-45,010-3157-5897,사진촬영
8793,서건우,37,청주 남구 123-45,010-4349-3987,유튜브 보기
8794,장민수,36,대구 동구 123-45,010-3776-1049,드로잉
8795,서건우,30,안양 성북구 123-45,010-6503-5438,뜨개질
8796,강서준,79,대구 흥덕구 123-45,010-8177-7793,드로잉
8797,조소율,26,울산 성북구 123-45,010-1861-9445,유튜브 보기
8798,서지원,63,천안 기흥구 123-45,010-3052-5521,사진촬영
8799,김서연,79,고양 분당구 123-45,010-7021-7224,등산
8800,조현우,40,평택 신제주 123-45,010-4022-4986,요리
8801,오지원,74,수원 유성구 123-45,010-6442-1474,일기 쓰기
8802,강지원,39,인천 성동구 123-45,010-2277-6702,등산
8803,오지민,59,광주 장유동 123-45,010-6394-5394,독서
8804,임하은,65,고양 일산동구 123-45,010-8822-6429,드로잉
8805,조유진,68,광주 해운대구 123-45,010-3970-1787,일기 쓰기
8806,윤예은,79,청주 유성구 123-45,010-9421-6185,일기 쓰기
8807,김민수,46,안산 중구 123-45,010-2496-9452,음악감상
8808,정예린,51,포항 송파구 123-45,010-8848-5659,운동
8809,윤예은,58,성남 강남구 123-45,010-1079-4448,영화감상
8810,서예은,40,고양 분당구 123-45,010-9595-4218,보드게임
8811,임지후,28,창원 장유동 123-45,010-1717-1254,유튜브 보기
8812,김예은,37,안양 신제주 123-45,010-5356-7097,웹서핑
8813,장건우,22,서울 서구 123-45,010-4616-6104,독서
8814,윤건우,27,고양 강남구 123-45,010-5431-9401,보드게임
8815,이지안,25,대구 중구 123-45,010-5595-3775,유튜브 보기
8816,이하은,21,부산 남구 123-45,010-3050-2290,뜨개질
8817,이지원,57,서울 덕양구 123-45,010-1108-5293,자전거 타기
8818,강도윤,46,남양주 일산동구 123-45,010-3009-5222,사진촬영
8819,한서준,48,대구 수성구 123-45,010-6185-5881,카페 투어
8820,최지원,65,남양주 강남구 123-45,010-9386-5901,게임
8821,오하은,55,부산 수성구 123-45,010-3605-5669,보드게임
8822,이하윤,53,광주 진해구 123-45,010-6089-4752,음악감상
8823,강지후,22,세종 흥덕구 123-45,010-2223-2250,독서
8824,박하윤,42,고양 일산동구 123-45,010-5732-4945,웹서핑
8825,오민수,31,광주 수성구 123-45,010-8066-7009,수영
8826,강지후,38,화성 덕진구 123-45,010-3183-1720,영화감상
8827,정태윤,75,김해 덕진구 123-45,010-1660-9987,운동
8828,박지후,48,청주 일산동구 123-45,010-6440-3791,운동
8829,오하윤,39,창원 팔달구 123-45,010-1667-5209,등산
8830,박도윤,55,인천 남구 123-45,010-7483-4670,게임
8831,장하윤,43,김해 흥덕구 123-45,010-6898-3779,뜨개질
8832,신서연,31,울산 성북구 123-45,010-8078-2231,일기 쓰기
8833,장태윤,57,남양주 유성구 123-45,010-2032-4516,유튜브 보기
8834,강수빈,73,청주 달서구 123-45,010-2165-8570,웹서핑
8835,오하윤,26,화성 덕양구 123-45,010-5088-5204,수영
8836,강소율,39,세종 중구 123-45,010-1662-5873,뜨개질
8837,오예린,74,용인 흥덕구 123-45,010-8305-5300,독서
8838,정소율,68,창원 신제주 123-45,010-4086-1972,여행
8839,윤하은,27,수원 기흥구 123-45,010-5526-2420,등산
8840,최지안,43,수원 장유동 123-45,010-5425-4212,운동
8841,한수빈,34,안산 달서구 123-45,010-2542-4047,웹서핑
8842,조시우,40,서울 진해구 123-45,010-2620-8779,자전거 타기
8843,오현우,59,포항 북구 123-45,010-4796-9245,사진촬영
8844,오시우,56,창원 강서구 123-45,010-1813-4098,사진촬영
8845,박건우,33,안양 강서구 123-45,010-6247-2366,뜨개질
8846,윤지민,57,대구 남구 123-45,010-9288-3321,요리
8847,신도윤,31,광주 기흥구 123-45,010-9395-2845,등산
8848,윤소율,47,제주 강서구 123-45,010-6955-5265,일기 쓰기
8849,오시우,38,포항 일산동구 123-45,010-7676-3753,보드게임
8850,장시우,30,창원 서구 123-45,010-5595-4972,일기 쓰기
8851,임지후,68,울산 달서구 123-45,010-8033-4740,수영
8852,윤수빈,57,화성 분당구 123-45,010-9500-3570,자전거 타기
8853,윤서연,74,인천 동구 123-45,010-1765-5288,뜨개질
8854,강유진,33,성남 송파구 123-45,010-6027-1533,일기 쓰기
8855,조소율,69,남양주 유성구 123-45,010-4407-2340,게임
8856,조현우,21,광주 남구 123-45,010-8006-6453,음악감상
8857,장수빈,30,창원 북구 123-45,010-4203-3402,음악감상
8858,신소율,60,화성 흥덕구 123-45,010-4754-7155,영화감상
8859,오도윤,49,성남 수성구 123-45,010-3125-9403,여행
8860,강지안,38,고양 서구 123-45,010-7019-5242,게임
8861,조은우,71,화성 장유동 123-45,010-7820-7953,드로잉
8862,윤지원,28,전주 일산동구 123-45,010-1927-2576,뜨개질
8863,강수빈,71,광주 덕양구 123-45,010-8316-8811,웹서핑
8864,윤지민,71,울산 기흥구 123-45,010-5530-5384,요리
8865,장서연,24,화성 중구 123-45,010-4970-4379,뜨개질
8866,이예은,48,고양 유성구 123-45,010-1145-6418,수영
8867,서태윤,20,인천 수성구 123-45,010-7018-3330,영화감상
8868,장서준,73,성남 서구 123-45,010-2746-5216,사진촬영
8869,박하윤,20,세종 중구 123-45,010-9451-1241,자전거 타기
8870,윤민수,70,수원 흥덕구 123-45,010-6226-8963,자전거 타기
8871,박하은,44,창원 분당구 123-45,010-3793-4081,게임
8872,김예린,56,남양주 강서구 123-45,010-1325-8890,사진촬영
8873,장지안,34,부산 달서구 123-45,010-2513-6451,드로잉
8874,한서연,56,대구 강남구 123-45,010-3201-6305,유튜브 보기
8875,장은우,75,성남 장유동 123-45,010-1575-3535,뜨개질
8876,조지민,56,수원 장유동 123-45,010-6674-4446,여행
8877,김하윤,67,남양주 기흥구 123-45,010-4850-2808,뜨개질
8878,최태윤,63,세종 달서구 123-45,010-2782-8660,일기 쓰기
8879,임은우,52,고양 북구 123-45,010-5358-5054,일기 쓰기
8880,윤지민,72,김해 강서구 123-45,010-7113-5580,일기 쓰기
8881,신현우,23,평택 서구 123-45,010-3912-5234,등산
8882,강지후,27,창원 신제주 123-45,010-3665-1134,보드게임
8883,이태윤,69,울산 송파구 123-45,010-9509-2348,운동
8884,강도윤,53,용인 기흥구 123-45,010-2714-4803,자전거 타기
8885,서서연,38,수원 성북구 123-45,010-2826-6767,음악감상
8886,신지후,28,용인 장유동 123-45,010-7298-6717,자전거 타기
8887,장서연,36,수원 북구 123-45,010-2148-5786,사진촬영
8888,장태윤,32,인천 달서구 123-45,010-3461-5517,카페 투어
8889,박은우,56,세종 북구 123-45,010-1704-3032,운동
8890,이도윤,57,용인 일산동구 123-45,010-4505-3451,드로잉
8891,오태윤,26,세종 송파구 123-45,010-4379-2016,수영
8892,윤서준,71,인천 동구 123-45,010-9858-1472,뜨개질
8893,한수빈,36,창원 달서구 123-45,010-1569-9541,웹서핑
8894,신건우,48,남양주 덕양구 123-45,010-9398-6566,일기 쓰기
8895,서도윤,59,광주 수성구 123-45,010-7985-8414,유튜브 보기
8896,서하은,54,평택 덕진구 123-45,010-5321-3077,드로잉
8897,박서연,51,대구 유성구 123-45,010-2967-7693,여행
8898,이하윤,31,인천 기흥구 123-45,010-4233-4342,여행
8899,장예린,51,대전 성동구 123-45,010-2432-6404,운동
8900,신서준,63,서울 달서구 123-45,010-3019-8556,독서
8901,오소율,33,전주 성동구 123-45,010-4121-8474,유튜브 보기
8902,김태윤,39,청주 분당구 123-45,010-3555-4253,뜨개질
8903,정지민,61,대전 해운대구 123-45,010-9471-9529,요리
8904,신하윤,36,화성 달서구 123-45,010-2262-5788,자전거 타기
8905,최지원,66,안산 동구 123-45,010-3472-6754,음악감상
8906,서서연,68,서울 흥덕구 123-45,010-2282-1586,보드게임
8907,김서연,46,부산 강남구 123-45,010-6767-6222,게임
8908,신하은,43,인천 수성구 123-45,010-4419-5775,뜨개질
8909,서유진,38,고양 달서구 123-45,010-8674-5758,사진촬영
8910,이지민,70,서울 수성구 123-45,010-9623-5748,요리
8911,임시우,38,안산 북구 123-45,010-5662-2267,수영
8912,신시우,38,서울 덕양구 123-45,010-6003-7331,사진촬영
8913,정은우,64,수원 서구 123-45,010-3832-4830,등산
8914,조유진,36,용인 팔달구 123-45,010-8699-1036,사진촬영
8915,김하은,41,대구 기흥구 123-45,010-1557-8568,영화감상
8916,임예은,70,안산 서북구 123-45,010-6972-1465,등산
8917,이도윤,30,고양 강서구 123-45,010-6034-5202,등산
8918,정건우,63,부산 송파구 123-45,010-9844-7098,일기 쓰기
8919,서소율,67,전주 서북구 123-45,010-9460-1917,웹서핑
8920,이도윤,30,전주 장유동 123-45,010-3576-6233,카페 투어
8921,최서연,66,인천 해운대구 123-45,010-3048-7457,뜨개질
8922,김시우,47,안산 일산동구 123-45,010-2380-3702,웹서핑
8923,강태윤,24,서울 유성구 123-45,010-4668-3457,수영
8924,신예은,44,김해 중구 123-45,010-8437-5578,보드게임
8925,서태윤,45,화성 진해구 123-45,010-6627-8301,요리
8926,이태윤,20,서울 기흥구 123-45,010-6073-2735,드로잉
8927,한하윤,23,세종 서구 123-45,010-2619-6685,유튜브 보기
8928,정도윤,50,대구 덕진구 123-45,010-6701-5870,자전거 타기
8929,김서연,27,안산 달서구 123-45,010-4969-7020,영화감상
8930,정지민,38,창원 달서구 123-45,010-8141-6439,수영
8931,윤수빈,65,안산 남구 123-45,010-6043-6985,카페 투어
8932,서지민,33,안산 덕양구 123-45,010-4959-1987,드로잉
8933,강지원,27,김해 강남구 123-45,010-1260-4095,자전거 타기
8934,임지후,44,청주 일산동구 123-45,010-5015-6708,등산
8935,이유진,78,천안 기흥구 123-45,010-9578-8093,운동
8936,정서준,77,안산 서구 123-45,010-1715-4770,카페 투어
8937,김시우,79,서울 강남구 123-45,010-2130-3286,보드게임
8938,신하윤,68,인천 분당구 123-45,010-4879-1255,음악감상
8939,오서준,42,청주 강서구 123-45,010-2314-9865,수영
8940,서태윤,34,안산 서북구 123-45,010-9761-9643,카페 투어
8941,장유진,73,부산 강서구 123-45,010-2893-3776,유튜브 보기
8942,신도윤,40,천안 진해구 123-45,010-2061-1216,자전거 타기
8943,최서준,72,수원 강서구 123-45,010-6321-5044,일기 쓰기
8944,임건우,35,성남 기흥구 123-45,010-6800-2382,게임
8945,박지안,66,안산 동구 123-45,010-1612-9871,영화감상
8946,임유진,73,성남 분당구 123-45,010-2641-8774,웹서핑
8947,장소율,78,대구 장유동 123-45,010-4657-3728,유튜브 보기
8948,윤민수,78,창원 해운대구 123-45,010-3522-9882,요리
8949,김예은,49,전주 송파구 123-45,010-5566-1457,수영
8950,윤민수,79,인천 팔달구 123-45,010-3915-9307,수영
8951,윤하은,50,부산 신제주 123-45,010-2521-6363,수영
8952,장태윤,77,천안 남구 123-45,010-8294-6929,사진촬영
8953,박민수,68,용인 신제주 123-45,010-4949-5311,수영
8954,이현우,37,제주 성동구 123-45,010-9859-3005,일기 쓰기
8955,한건우,49,대전 성동구 123-45,010-7169-3054,뜨개질
8956,오건우,33,대구 송파구 123-45,010-5237-9425,요리
8957,김예린,70,부산 동구 123-45,010-1704-2561,뜨개질
8958,조태윤,73,세종 장유동 123-45,010-3433-4181,여행
8959,정지민,31,세종 성동구 123-45,010-9465-1953,음악감상
8960,박시우,74,화성 신제주 123-45,010-6381-8859,카페 투어
8961,최태윤,34,창원 동구 123-45,010-1223-8990,웹서핑
8962,강서연,25,평택 남구 123-45,010-3813-2035,사진촬영
8963,임태윤,35,천안 덕양구 123-45,010-5561-9171,드로잉
8964,장소율,43,성남 덕진구 123-45,010-5279-7606,뜨개질
8965,서현우,61,창원 덕진구 123-45,010-5882-4432,드로잉
8966,한유진,50,서울 해운대구 123-45,010-9855-8886,사진촬영
8967,강지민,67,성남 동구 123-45,010-7289-3869,수영
8968,강지원,58,광주 수성구 123-45,010-5395-9932,웹서핑
8969,조서준,43,성남 해운대구 123-45,010-4201-5909,유튜브 보기
8970,신하윤,28,부산 유성구 123-45,010-5168-3640,웹서핑
8971,조지원,69,인천 서구 123-45,010-8697-3096,일기 쓰기
8972,강은우,53,화성 수성구 123-45,010-7178-7915,요리
8973,신예은,59,대전 장유동 123-45,010-4756-9262,웹서핑
8974,신유진,34,울산 송파구 123-45,010-7038-5623,운동
8975,임민수,34,성남 동구 123-45,010-7281-2018,게임
8976,신서연,65,서울 덕진구 123-45,010-5522-1293,게임
8977,정시우,51,평택 유성구 123-45,010-2268-3219,카페 투어
8978,장현우,42,전주 수성구 123-45,010-5971-1444,운동
8979,오유진,74,전주 흥덕구 123-45,010-6521-9923,요리
8980,강지후,78,서울 해운대구 123-45,010-1309-3920,웹서핑
8981,정지후,69,포항 신제주 123-45,010-9671-2860,등산
8982,한서준,46,김해 신제주 123-45,010-7453-2671,수영
8983,서예은,69,세종 해운대구 123-45,010-7577-8453,뜨개질
8984,박예린,23,창원 장유동 123-45,010-2097-5236,요리
8985,정소율,78,화성 강남구 123-45,010-9886-3920,여행
8986,최지원,59,창원 남구 123-45,010-5654-8688,웹서핑
8987,조시우,66,화성 강서구 123-45,010-5362-8135,운동
8988,서지안,54,창원 기흥구 123-45,010-3432-2339,보드게임
8989,김소율,58,제주 강서구 123-45,010-7281-7953,운동
8990,윤지원,49,대구 신제주 123-45,010-3956-5999,영화감상
8991,강건우,47,대구 서구 123-45,010-1466-4080,음악감상
8992,한현우,29,전주 송파구 123-45,010-1073-3907,유튜브 보기
8993,최태윤,21,고양 분당구 123-45,010-6441-6165,웹서핑
8994,서현우,68,세종 장유동 123-45,010-2729-9995,사진촬영
8995,박예은,22,용인 진해구 123-45,010-3467-4825,독서
8996,신예린,65,청주 해운대구 123-45,010-6459-2510,운동
8997,신은우,31,안양 기흥구 123-45,010-6396-1349,수영
8998,신민수,71,세종 동구 123-45,010-5788-2653,등산
8999,이예린,28,성남 달서구 123-45,010-1851-6722,요리
9000,이서준,54,부산 진해구 123-45,010-1016-4834,요리
9001,이현우,79,서울 동구 123-45,010-8932-3953,뜨개질
9002,김현우,75,인천 해운대구 123-45,010-2397-9605,사진촬영
9003,서유진,41,울산 달서구 123-45,010-1396-2242,수영
9004,김지후,48,울산 덕진구 123-45,010-5615-7920,자전거 타기
9005,오예린,30,천안 팔달구 123-45,010-1976-9008,드로잉
9006,강도윤,76,용인 북구 123-45,010-9036-5067,드로잉
9007,최민수,76,세종 북구 123-45,010-2020-9515,웹서핑
9008,한현우,30,성남 강남구 123-45,010-2112-4927,운동
9009,임하은,20,광주 분당구 123-45,010-8975-4436,뜨개질
9010,강서연,70,대전 북구 123-45,010-3169-1142,자전거 타기
9011,오지후,31,울산 해운대구 123-45,010-9629-4251,영화감상
9012,임지안,26,남양주 장유동 123-45,010-2811-3137,요리
9013,윤서준,29,천안 달서구 123-45,010-6059-4507,수영
9014,조서준,25,안산 강서구 123-45,010-4940-6056,자전거 타기
9015,최지안,72,평택 흥덕구 123-45,010-3342-6515,음악감상
9016,오은우,58,서울 해운대구 123-45,010-5464-2716,보드게임
9017,조시우,52,전주 일산동구 123-45,010-5571-1614,운동
9018,장수빈,45,안양 강남구 123-45,010-4477-3615,요리
9019,임예린,24,인천 수성구 123-45,010-7495-4795,웹서핑
9020,박지후,55,고양 유성구 123-45,010-8039-9649,유튜브 보기
9021,윤태윤,35,부산 덕양구 123-45,010-2071-8037,드로잉
9022,조태윤,69,창원 흥덕구 123-45,010-4356-3284,등산
9023,서하윤,79,평택 수성구 123-45,010-4872-8163,보드게임
9024,정건우,45,평택 일산동구 123-45,010-5488-7344,자전거 타기
9025,임하은,64,남양주 덕진구 123-45,010-2567-2639,수영
9026,이예린,62,창원 덕진구 123-45,010-7369-4879,운동
9027,김유진,48,천안 장유동 123-45,010-8705-1275,음악감상
9028,최예린,39,안산 흥덕구 123-45,010-5211-8793,게임
9029,장현우,20,안산 성동구 123-45,010-7819-7942,드로잉
9030,정은우,56,안산 북구 123-45,010-1756-4336,유튜브 보기
9031,강시우,45,세종 덕양구 123-45,010-4746-5978,보드게임
9032,장예은,31,인천 진해구 123-45,010-3289-5108,등산
9033,서태윤,23,대구 흥덕구 123-45,010-1499-7280,음악감상
9034,윤지민,47,대구 장유동 123-45,010-5510-2710,게임
9035,정태윤,24,천안 북구 123-45,010-4123-2401,드로잉
9036,오서준,35,대구 달서구 123-45,010-4320-1520,드로잉
9037,신태윤,37,대구 남구 123-45,010-9263-9646,게임
9038,강수빈,55,인천 덕양구 123-45,010-4765-3642,음악감상
9039,조도윤,78,고양 서구 123-45,010-8484-4632,유튜브 보기
9040,장서준,68,수원 달서구 123-45,010-8050-8382,여행
9041,신은우,57,인천 성동구 123-45,010-6215-2152,운동
9042,장건우,55,서울 북구 123-45,010-3179-6197,보드게임
9043,김지원,39,성남 신제주 123-45,010-1693-3039,독서
9044,조지후,58,화성 팔달구 123-45,010-4741-5166,운동
9045,정유진,21,울산 덕양구 123-45,010-9443-1494,독서
9046,이지후,49,부산 덕양구 123-45,010-2086-3020,등산
9047,강지원,75,창원 남구 123-45,010-4527-1414,드로잉
9048,강은우,68,안산 중구 123-45,010-9339-3464,보드게임
9049,박현우,67,평택 유성구 123-45,010-6716-5023,등산
9050,박하윤,35,안양 서북구 123-45,010-8808-4114,음악감상
9051,강시우,57,안양 일산동구 123-45,010-7744-2900,요리
9052,강지원,60,세종 수성구 123-45,010-1002-1988,게임
9053,이예린,60,포항 수성구 123-45,010-9784-3677,웹서핑
9054,최지원,45,인천 남구 123-45,010-1343-9134,여행
9055,강지민,31,대전 일산동구 123-45,010-4857-6762,음악감상
9056,정시우,76,용인 송파구 123-45,010-9876-5265,영화감상
9057,이민수,67,전주 진해구 123-45,010-3617-5046,수영
9058,이서연,77,전주 기흥구 123-45,010-5445-2319,영화감상
9059,오현우,63,안산 진해구 123-45,010-2523-2616,사진촬영
9060,서예린,49,남양주 남구 123-45,010-7248-6784,게임
9061,신소율,38,울산 북구 123-45,010-6861-4539,카페 투어
9062,서수빈,22,용인 남구 123-45,010-2777-5798,요리
9063,오시우,66,포항 중구 123-45,010-1148-8966,수영
9064,오지안,63,수원 팔달구 123-45,010-2461-3314,일기 쓰기
9065,이태윤,79,포항 성동구 123-45,010-8150-5220,보드게임
9066,오수빈,79,안양 남구 123-45,010-7987-1819,운동
9067,서지민,28,수원 해운대구 123-45,010-4590-7668,뜨개질
9068,최하은,30,김해 유성구 123-45,010-3237-5044,운동
9069,최지안,59,평택 신제주 123-45,010-2098-9504,음악감상
9070,김지원,53,서울 강남구 123-45,010-5707-2214,웹서핑
9071,오지후,72,화성 신제주 123-45,010-7920-3697,웹서핑
9072,강지후,65,평택 강남구 123-45,010-2047-6753,보드게임
9073,신하윤,50,화성 동구 123-45,010-5467-6929,영화감상
9074,조지후,20,창원 중구 123-45,010-5249-8471,뜨개질
9075,임지안,39,성남 서구 123-45,010-6425-7151,음악감상
9076,박지민,78,대구 남구 123-45,010-9579-8336,요리
9077,이수빈,44,안산 강서구 123-45,010-4304-1149,여행
9078,서도윤,56,안산 강서구 123-45,010-1373-3429,웹서핑
9079,오지민,34,인천 성동구 123-45,010-7843-6244,운동
9080,윤예은,79,성남 신제주 123-45,010-3969-8344,자전거 타기
9081,이지민,77,평택 강서구 123-45,010-6801-6709,카페 투어
9082,윤예린,20,부산 기흥구 123-45,010-3127-2049,뜨개질
9083,장은우,71,고양 북구 123-45,010-5357-6545,일기 쓰기
9084,오민수,77,창원 성북구 123-45,010-2801-7914,음악감상
9085,조하은,44,대구 유성구 123-45,010-5901-2201,유튜브 보기
9086,신서연,38,대구 해운대구 123-45,010-3167-3875,웹서핑
9087,김건우,31,안양 동구 123-45,010-9671-6510,뜨개질
9088,서민수,72,제주 신제주 123-45,010-8412-7534,드로잉
9089,장지안,39,안산 강남구 123-45,010-3766-9176,요리
9090,오유진,76,제주 기흥구 123-45,010-2669-9643,수영
9091,임도윤,29,천안 서북구 123-45,010-2865-9714,뜨개질
9092,이은우,43,광주 강남구 123-45,010-2816-9580,음악감상
9093,강서연,40,남양주 서구 123-45,010-3467-4236,사진촬영
9094,임하은,43,세종 진해구 123-45,010-3025-2137,뜨개질
9095,강태윤,55,인천 달서구 123-45,010-8307-4318,유튜브 보기
9096,김예은,32,부산 수성구 123-45,010-1710-9315,보드게임
9097,김지후,75,부산 분당구 123-45,010-7597-5099,웹서핑
9098,박예린,59,성남 동구 123-45,010-3308-2028,웹서핑
9099,오시우,75,포항 달서구 123-45,010-5277-4139,운동
9100,이서연,41,남양주 서북구 123-45,010-4847-4589,게임
9101,서하은,30,울산 분당구 123-45,010-7426-6910,자전거 타기
9102,박유진,79,김해 해운대구 123-45,010-2804-8110,수영
9103,서예은,58,창원 덕진구 123-45,010-6039-7575,사진촬영
9104,박예은,47,창원 성동구 123-45,010-7817-1600,드로잉
9105,이은우,24,천안 동구 123-45,010-3443-1629,수영
9106,윤예린,25,안산 진해구 123-45,010-3554-3061,등산
9107,이유진,56,화성 일산동구 123-45,010-8305-5914,음악감상
9108,이태윤,26,인천 신제주 123-45,010-5037-7741,독서
9109,윤하은,56,안양 동구 123-45,010-5352-1104,운동
9110,윤현우,63,서울 일산동구 123-45,010-5279-2378,독서
9111,장건우,25,김해 진해구 123-45,010-6772-4566,보드게임
9112,박소율,46,천안 강서구 123-45,010-7300-6684,유튜브 보기
9113,윤예린,31,천안 성북구 123-45,010-2537-1766,독서
9114,박수빈,34,김해 남구 123-45,010-5378-7980,등산
9115,최지후,64,평택 성동구 123-45,010-6046-8290,자전거 타기
9116,조지민,62,전주 덕진구 123-45,010-1149-4525,요리
9117,오서연,49,수원 중구 123-45,010-5135-4473,뜨개질
9118,오지후,78,남양주 일산동구 123-45,010-4002-6373,수영
9119,서민수,35,창원 흥덕구 123-45,010-1257-5733,드로잉
9120,이도윤,63,세종 일산동구 123-45,010-6111-6711,일기 쓰기
9121,한민수,46,용인 남구 123-45,010-5496-3663,웹서핑
9122,한예린,67,안양 신제주 123-45,010-1521-3947,유튜브 보기
9123,김예은,76,안산 송파구 123-45,010-3211-6128,음악감상
9124,이서연,45,세종 중구 123-45,010-4092-9043,게임
9125,한지안,49,서울 북구 123-45,010-5886-2129,보드게임
9126,강지원,76,포항 성동구 123-45,010-4982-3912,사진촬영
9127,최지원,28,안양 덕양구 123-45,010-4934-2595,음악감상
9128,윤민수,20,울산 서구 123-45,010-6051-9209,보드게임
9129,박유진,28,세종 신제주 123-45,010-2319-4551,드로잉
9130,강예린,71,남양주 송파구 123-45,010-9417-1666,카페 투어
9131,이민수,54,평택 일산동구 123-45,010-2896-8141,요리
9132,박시우,32,안양 장유동 123-45,010-5860-4249,요리
9133,정서준,41,화성 수성구 123-45,010-6493-8496,수영
9134,장태윤,38,울산 북구 123-45,010-4305-7425,운동
9135,서소율,52,남양주 남구 123-45,010-8555-5592,음악감상
9136,김서연,21,성남 강서구 123-45,010-6607-5323,유튜브 보기
9137,박민수,53,제주 송파구 123-45,010-2623-8350,웹서핑
9138,강소율,34,대구 성동구 123-45,010-3112-9527,독서
9139,박시우,44,울산 흥덕구 123-45,010-9814-9194,독서
9140,이유진,46,세종 성북구 123-45,010-5828-1710,요리
9141,장하은,20,대구 송파구 123-45,010-9300-6151,일기 쓰기
9142,정지민,34,대구 송파구 123-45,010-7981-3962,등산
9143,이예은,64,청주 송파구 123-45,010-7024-3012,뜨개질
9144,오소율,36,안양 유성구 123-45,010-3811-2580,드로잉
9145,장건우,73,남양주 중구 123-45,010-5406-9060,독서
9146,서지원,76,대전 수성구 123-45,010-3273-1540,보드게임
9147,신은우,62,포항 북구 123-45,010-3291-5766,영화감상
9148,오건우,39,수원 서구 123-45,010-7524-1683,카페 투어
9149,이지후,38,성남 수성구 123-45,010-9964-8821,요리
9150,이예린,38,광주 팔달구 123-45,010-3098-2723,독서
9151,서서준,58,제주 성북구 123-45,010-2630-2760,독서
9152,신시우,51,용인 송파구 123-45,010-6151-3660,수영
9153,강현우,53,수원 장유동 123-45,010-2286-8065,등산
9154,강하윤,66,울산 송파구 123-45,010-1945-1560,독서
9155,장서준,38,남양주 동구 123-45,010-6041-1722,요리
9156,서서연,64,대전 유성구 123-45,010-1324-3503,여행
9157,오지후,67,창원 신제주 123-45,010-5060-2314,드로잉
9158,윤예린,78,인천 덕양구 123-45,010-2126-8754,독서
9159,서건우,45,서울 수성구 123-45,010-2508-4659,뜨개질
9160,장소율,45,제주 달서구 123-45,010-6428-1323,드로잉
9161,윤지안,72,서울 해운대구 123-45,010-1262-1902,일기 쓰기
9162,조태윤,62,인천 중구 123-45,010-1794-1595,운동
9163,강지후,50,김해 진해구 123-45,010-8927-5772,게임
9164,한지후,79,수원 장유동 123-45,010-8757-2354,영화감상
9165,한서준,40,인천 수성구 123-45,010-5012-6822,영화감상
9166,장소율,48,제주 해운대구 123-45,010-6923-7489,카페 투어
9167,장하은,78,세종 달서구 123-45,010-3178-7613,자전거 타기
9168,정현우,62,서울 달서구 123-45,010-1592-4714,영화감상
9169,서예린,78,전주 서구 123-45,010-2951-7418,독서
9170,정유진,63,울산 기흥구 123-45,010-3866-7501,수영
9171,장은우,73,대구 덕진구 123-45,010-1894-6318,수영
9172,강지원,42,수원 덕진구 123-45,010-5430-5876,보드게임
9173,윤태윤,71,안산 성동구 123-45,010-9629-4922,사진촬영
9174,윤은우,38,서울 일산동구 123-45,010-8728-6511,유튜브 보기
9175,한민수,39,대구 기흥구 123-45,010-2081-8911,음악감상
9176,한소율,75,포항 성동구 123-45,010-4981-5896,드로잉
9177,임민수,39,부산 기흥구 123-45,010-6351-8917,게임
9178,조예린,50,화성 일산동구 123-45,010-1827-2287,게임
9179,정지후,79,서울 일산동구 123-45,010-6036-9535,게임
9180,서현우,68,남양주 중구 123-45,010-3871-3485,사진촬영
9181,김지안,78,창원 중구 123-45,010-8101-1341,운동
9182,장예린,79,제주 성북구 123-45,010-9397-3484,자전거 타기
9183,한도윤,58,안산 수성구 123-45,010-2200-4223,등산
9184,신수빈,58,인천 팔달구 123-45,010-2011-2477,뜨개질
9185,이지안,76,김해 중구 123-45,010-3080-2016,보드게임
9186,조소율,36,용인 신제주 123-45,010-8957-3344,요리
9187,최건우,45,안산 진해구 123-45,010-2299-3823,여행
9188,임태윤,54,서울 해운대구 123-45,010-9224-6054,수영
9189,서민수,57,용인 해운대구 123-45,010-3470-3119,수영
9190,박서준,63,용인 강남구 123-45,010-3403-9225,여행
9191,오하은,69,고양 강남구 123-45,010-9975-5607,뜨개질
9192,한지원,61,안양 송파구 123-45,010-8552-4521,요리
9193,박지원,44,울산 유성구 123-45,010-6905-4482,수영
9194,정건우,58,남양주 수성구 123-45,010-6686-9144,뜨개질
9195,한민수,61,청주 서북구 123-45,010-5314-6895,음악감상
9196,임서준,70,수원 기흥구 123-45,010-1250-5534,독서
9197,장예린,42,용인 기흥구 123-45,010-8696-5984,게임
9198,장태윤,74,광주 진해구 123-45,010-7368-5933,등산
9199,서현우,24,안양 분당구 123-45,010-7158-2966,여행
9200,정하윤,68,성남 팔달구 123-45,010-1022-6405,드로잉
9201,장소율,71,고양 덕진구 123-45,010-6906-8699,자전거 타기
9202,김민수,59,남양주 일산동구 123-45,010-8296-4311,음악감상
9203,오서연,37,성남 성동구 123-45,010-5026-4614,운동
9204,윤은우,66,남양주 팔달구 123-45,010-9556-7029,보드게임
9205,장지원,31,서울 팔달구 123-45,010-8817-1513,여행
9206,강지원,37,평택 장유동 123-45,010-9998-1888,등산
9207,최은우,33,천안 신제주 123-45,010-6654-2589,음악감상
9208,정하윤,41,화성 성동구 123-45,010-1756-3424,게임
9209,박수빈,50,부산 장유동 123-45,010-4620-5435,일기 쓰기
9210,임민수,40,평택 서북구 123-45,010-4218-7854,독서
9211,한지민,72,대전 달서구 123-45,010-1993-2460,웹서핑
9212,김소율,53,세종 성북구 123-45,010-7438-2492,여행
9213,강도윤,75,대구 진해구 123-45,010-5259-4129,등산
9214,정시우,71,울산 강서구 123-45,010-4149-6290,웹서핑
9215,정현우,50,대구 유성구 123-45,010-4981-2683,영화감상
9216,조태윤,42,제주 팔달구 123-45,010-1938-1490,음악감상
9217,오하윤,71,울산 중구 123-45,010-3894-5074,자전거 타기
9218,최은우,39,청주 신제주 123-45,010-7733-7628,게임
9219,최은우,67,천안 덕양구 123-45,010-9233-4297,일기 쓰기
9220,최서연,32,화성 성북구 123-45,010-3273-2793,자전거 타기
9221,조소율,26,성남 진해구 123-45,010-3597-2176,유튜브 보기
9222,최지안,40,전주 성동구 123-45,010-4827-2955,수영
9223,한현우,66,남양주 남구 123-45,010-2813-6999,카페 투어
9224,윤수빈,26,대전 분당구 123-45,010-5905-2363,웹서핑
9225,정은우,20,창원 기흥구 123-45,010-6960-4153,뜨개질
9226,박현우,66,광주 수성구 123-45,010-3503-1409,자전거 타기
9227,임시우,61,용인 강서구 123-45,010-9305-6606,보드게임
9228,최하윤,21,안산 서구 123-45,010-7051-6350,음악감상
9229,신은우,65,세종 장유동 123-45,010-5255-6846,게임
9230,정소율,21,청주 덕양구 123-45,010-2354-7548,여행
9231,장도윤,26,화성 기흥구 123-45,010-5670-4748,일기 쓰기
9232,윤서준,53,부산 덕양구 123-45,010-1608-8724,유튜브 보기
9233,박건우,32,포항 강서구 123-45,010-7970-1519,자전거 타기
9234,신지안,48,서울 신제주 123-45,010-7346-4053,음악감상
9235,신현우,22,전주 흥덕구 123-45,010-6922-1713,운동
9236,윤지안,30,남양주 중구 123-45,010-2686-2803,수영
9237,최도윤,51,부산 수성구 123-45,010-6809-6484,운동
9238,윤하윤,32,수원 성동구 123-45,010-2737-6420,운동
9239,강수빈,56,안산 장유동 123-45,010-8454-8679,드로잉
9240,최민수,28,부산 흥덕구 123-45,010-5615-7563,보드게임
9241,정은우,76,광주 팔달구 123-45,010-9157-2708,드로잉
9242,정예린,37,성남 남구 123-45,010-3925-1801,수영
9243,윤지민,50,전주 일산동구 123-45,010-5178-6637,뜨개질
9244,조은우,70,안양 덕진구 123-45,010-9169-5334,뜨개질
9245,정서준,36,부산 덕진구 123-45,010-3916-3281,뜨개질
9246,서은우,47,수원 신제주 123-45,010-2064-3700,음악감상
9247,서서준,42,울산 기흥구 123-45,010-7687-2234,영화감상
9248,윤시우,62,세종 북구 123-45,010-5878-1563,여행
9249,윤민수,38,화성 진해구 123-45,010-2136-5873,운동
9250,신지안,38,대구 중구 123-45,010-9753-6276,게임
9251,김지민,45,용인 덕양구 123-45,010-8787-1471,사진촬영
9252,김서연,74,고양 분당구 123-45,010-1413-1049,자전거 타기
9253,조서연,60,남양주 덕양구 123-45,010-2151-1045,영화감상
9254,장도윤,26,전주 기흥구 123-45,010-3808-9506,수영
9255,이하윤,35,전주 덕양구 123-45,010-1504-6468,요리
9256,정예린,67,평택 성북구 123-45,010-4198-1481,영화감상
9257,최서준,68,울산 팔달구 123-45,010-9675-8245,웹서핑
9258,이민수,42,전주 북구 123-45,010-3028-9486,음악감상
9259,임민수,48,화성 성북구 123-45,010-2844-6464,유튜브 보기
9260,오건우,76,안산 동구 123-45,010-1641-5667,등산
9261,신서연,56,제주 서북구 123-45,010-2938-4504,일기 쓰기
9262,김서연,59,김해 흥덕구 123-45,010-3359-6736,웹서핑
9263,강시우,40,용인 유성구 123-45,010-3729-2285,게임
9264,윤예린,27,용인 덕진구 123-45,010-9062-9998,수영
9265,신유진,46,성남 남구 123-45,010-2854-7976,등산
9266,오도윤,37,수원 북구 123-45,010-9264-5055,드로잉
9267,장유진,34,전주 서구 123-45,010-1062-4945,수영
9268,서예은,70,성남 일산동구 123-45,010-2765-9524,영화감상
9269,이지후,70,전주 동구 123-45,010-6086-2699,영화감상
9270,서소율,48,평택 덕양구 123-45,010-1655-6205,웹서핑
9271,최도윤,71,전주 해운대구 123-45,010-9963-1741,음악감상
9272,정지안,42,서울 진해구 123-45,010-4270-1875,카페 투어
9273,조지원,66,광주 기흥구 123-45,010-1210-4834,웹서핑
9274,오유진,23,제주 성북구 123-45,010-6660-6224,여행
9275,윤유진,27,안산 해운대구 123-45,010-9768-8161,등산
9276,신건우,67,전주 기흥구 123-45,010-2545-1340,음악감상
9277,한하윤,36,인천 남구 123-45,010-9785-6125,요리
9278,장예린,76,세종 기흥구 123-45,010-3088-2345,영화감상
9279,정태윤,50,대전 팔달구 123-45,010-1260-3741,자전거 타기
9280,최서준,29,안산 흥덕구 123-45,010-1542-1023,독서
9281,윤현우,70,인천 수성구 123-45,010-2821-9203,뜨개질
9282,정수빈,49,용인 흥덕구 123-45,010-8497-6616,등산
9283,한하은,64,천안 덕양구 123-45,010-3441-5209,수영
9284,오민수,76,창원 서북구 123-45,010-6125-1684,요리
9285,강지안,46,대전 흥덕구 123-45,010-8077-3822,독서
9286,신시우,43,성남 서구 123-45,010-5360-5973,영화감상
9287,김유진,60,대구 동구 123-45,010-2758-2340,게임
9288,윤현우,27,용인 송파구 123-45,010-5910-5971,영화감상
9289,정현우,33,세종 동구 123-45,010-9226-2852,자전거 타기
9290,윤유진,62,청주 흥덕구 123-45,010-2669-1471,사진촬영
9291,강소율,56,대전 덕양구 123-45,010-6412-7335,사진촬영
9292,박서연,55,울산 강서구 123-45,010-5498-1811,뜨개질
9293,최하윤,38,인천 덕진구 123-45,010-4922-9518,영화감상
9294,박소율,49,성남 덕양구 123-45,010-7097-8287,뜨개질
9295,정지후,30,남양주 진해구 123-45,010-4513-2210,유튜브 보기
9296,최도윤,72,김해 성동구 123-45,010-7863-2093,뜨개질
9297,이태윤,67,김해 달서구 123-45,010-6270-5164,운동
9298,강도윤,42,용인 신제주 123-45,010-1762-8182,독서
9299,한시우,31,성남 진해구 123-45,010-2158-3637,등산
9300,한현우,66,성남 일산동구 123-45,010-9039-4289,영화감상
9301,장예린,62,수원 달서구 123-45,010-3358-9022,등산
9302,윤지후,39,제주 신제주 123-45,010-2770-5338,자전거 타기
9303,한예은,78,청주 유성구 123-45,010-7891-9640,운동
9304,신지안,41,인천 성북구 123-45,010-5968-5223,뜨개질
9305,한지안,36,창원 신제주 123-45,010-1954-6907,일기 쓰기
9306,신태윤,49,포항 달서구 123-45,010-5903-3987,사진촬영
9307,김지민,29,광주 장유동 123-45,010-9241-5362,웹서핑
9308,신수빈,60,광주 수성구 123-45,010-8044-6839,게임
9309,이지후,33,부산 남구 123-45,010-1579-4525,웹서핑
9310,강지후,52,대구 흥덕구 123-45,010-6467-3787,운동
9311,강민수,38,부산 유성구 123-45,010-6182-2300,음악감상
9312,최건우,73,인천 중구 123-45,010-9410-3968,등산
9313,한민수,61,청주 유성구 123-45,010-2663-3698,카페 투어
9314,김도윤,28,수원 서북구 123-45,010-3909-3744,독서
9315,오지원,70,안산 흥덕구 123-45,010-7907-4838,요리
9316,최민수,54,평택 강남구 123-45,010-5121-8796,요리
9317,오예은,67,서울 북구 123-45,010-2624-2371,일기 쓰기
9318,장수빈,48,평택 덕양구 123-45,010-6196-2219,수영
9319,윤소율,29,인천 중구 123-45,010-9057-4480,게임
9320,강예은,36,창원 강서구 123-45,010-7755-2625,유튜브 보기
9321,오서연,41,남양주 흥덕구 123-45,010-4860-6840,음악감상
9322,박유진,74,포항 흥덕구 123-45,010-7442-5228,카페 투어
9323,강건우,23,창원 유성구 123-45,010-4487-4314,독서
9324,장시우,42,화성 서구 123-45,010-3799-4647,수영
9325,이민수,29,청주 강남구 123-45,010-1453-4752,영화감상
9326,조지원,44,제주 강서구 123-45,010-7046-9835,수영
9327,강지민,56,대구 일산동구 123-45,010-1500-2851,뜨개질
9328,신지원,26,인천 기흥구 123-45,010-3725-7104,드로잉
9329,이소율,52,청주 송파구 123-45,010-2698-6181,보드게임
9330,박지후,79,안산 성동구 123-45,010-8552-8528,자전거 타기
9331,윤지원,27,평택 팔달구 123-45,010-6922-7653,여행
9332,이예은,50,세종 팔달구 123-45,010-9221-9195,카페 투어
9333,이유진,26,남양주 성동구 123-45,010-1106-9013,게임
9334,장서연,22,김해 덕양구 123-45,010-3488-2146,일기 쓰기
9335,신현우,49,울산 유성구 123-45,010-4720-3702,요리
9336,강지원,32,대구 동구 123-45,010-4887-6935,운동
9337,임소율,54,세종 해운대구 123-45,010-7407-7257,게임
9338,강은우,27,안산 덕진구 123-45,010-4134-2418,사진촬영
9339,정소율,54,김해 성북구 123-45,010-6078-2335,게임
9340,장예은,22,남양주 달서구 123-45,010-7611-4693,드로잉
9341,최지민,42,용인 서구 123-45,010-8776-2577,요리
9342,김지후,52,부산 흥덕구 123-45,010-8914-8888,카페 투어
9343,김유진,74,수원 서북구 123-45,010-6932-8472,독서
9344,김예린,20,제주 신제주 123-45,010-8193-5493,일기 쓰기
9345,정지안,72,수원 강서구 123-45,010-1605-2452,카페 투어
9346,이민수,43,성남 송파구 123-45,010-4237-1756,독서
9347,신지후,29,남양주 성북구 123-45,010-6666-4456,운동
9348,정지안,76,고양 남구 123-45,010-6650-2711,웹서핑
9349,한현우,73,제주 진해구 123-45,010-6270-4020,사진촬영
9350,서지안,42,화성 서구 123-45,010-6261-2342,게임
9351,정예린,26,세종 덕양구 123-45,010-2344-5448,웹서핑
9352,오하윤,48,대구 성북구 123-45,010-3212-3842,요리
9353,임예은,49,제주 동구 123-45,010-2291-3767,유튜브 보기
9354,오예린,49,대전 해운대구 123-45,010-5059-7549,음악감상
9355,오서준,26,제주 팔달구 123-45,010-6014-1497,웹서핑
9356,강유진,54,평택 달서구 123-45,010-1560-6736,유튜브 보기
9357,조소율,36,창원 동구 123-45,010-7244-9070,게임
9358,임유진,22,수원 흥덕구 123-45,010-3152-3939,운동
9359,한하은,74,안산 덕양구 123-45,010-2940-2537,유튜브 보기
9360,신하윤,76,부산 기흥구 123-45,010-8127-2127,일기 쓰기
9361,박도윤,69,성남 기흥구 123-45,010-6850-6121,보드게임
9362,한지후,43,울산 서구 123-45,010-8346-4422,음악감상
9363,신태윤,31,울산 유성구 123-45,010-8834-6320,일기 쓰기
9364,한소율,30,서울 덕진구 123-45,010-3255-1336,음악감상
9365,정수빈,37,화성 동구 123-45,010-5043-6768,일기 쓰기
9366,강지안,66,제주 서구 123-45,010-8827-3263,수영
9367,박예은,44,대전 진해구 123-45,010-9392-2792,영화감상
9368,윤지원,38,전주 흥덕구 123-45,010-6042-2107,보드게임
9369,임예린,33,안산 동구 123-45,010-8512-6746,등산
9370,한하윤,25,광주 수성구 123-45,010-1297-5614,여행
9371,임지민,76,평택 덕진구 123-45,010-5991-3176,보드게임
9372,강태윤,63,안산 서구 123-45,010-9494-8000,카페 투어
9373,신하은,79,대구 수성구 123-45,010-1089-1841,운동
9374,정은우,25,광주 신제주 123-45,010-1374-6978,드로잉
9375,정지원,62,청주 장유동 123-45,010-9221-5119,유튜브 보기
9376,한지민,24,세종 수성구 123-45,010-9373-6462,독서
9377,장수빈,67,부산 동구 123-45,010-7895-3795,뜨개질
9378,임예린,49,세종 성북구 123-45,010-6193-4748,자전거 타기
9379,장하윤,67,인천 북구 123-45,010-5428-2390,여행
9380,오민수,46,안산 덕양구 123-45,010-4886-2294,운동
9381,강수빈,71,평택 강서구 123-45,010-4192-3865,드로잉
9382,최지원,47,화성 덕진구 123-45,010-4801-4669,일기 쓰기
9383,임시우,59,창원 수성구 123-45,010-3098-9341,게임
9384,김지민,21,세종 동구 123-45,010-1225-2184,독서
9385,강수빈,73,대전 달서구 123-45,010-3998-9267,독서
9386,신예은,49,포항 해운대구 123-45,010-4464-2835,유튜브 보기
9387,이태윤,30,성남 덕양구 123-45,010-4473-6211,일기 쓰기
9388,윤하윤,45,고양 팔달구 123-45,010-7725-5708,여행
9389,정서준,74,서울 동구 123-45,010-6776-6032,여행
9390,최지원,36,남양주 서북구 123-45,010-3661-6230,자전거 타기
9391,김현우,48,부산 강서구 123-45,010-3007-5362,웹서핑
9392,이수빈,57,안산 팔달구 123-45,010-3012-6722,운동
9393,김유진,74,대전 진해구 123-45,010-6437-3314,유튜브 보기
9394,임유진,72,남양주 강서구 123-45,010-3624-5728,자전거 타기
9395,장현우,76,화성 강남구 123-45,010-1374-9504,등산
9396,정도윤,75,안양 해운대구 123-45,010-8389-2809,드로잉
9397,김현우,61,안산 달서구 123-45,010-8647-3151,독서
9398,윤소율,73,부산 신제주 123-45,010-6497-1247,보드게임
9399,윤수빈,27,세종 남구 123-45,010-3157-8470,사진촬영
9400,박서연,69,남양주 신제주 123-45,010-3608-3835,자전거 타기
9401,한지안,23,용인 강서구 123-45,010-1981-3704,유튜브 보기
9402,윤건우,67,서울 강서구 123-45,010-8872-8669,사진촬영
9403,윤하은,41,세종 신제주 123-45,010-5692-2980,보드게임
9404,박현우,28,청주 팔달구 123-45,010-4638-6086,독서
9405,이은우,31,광주 흥덕구 123-45,010-7999-5717,사진촬영
9406,김예은,61,안산 송파구 123-45,010-6861-7920,영화감상
9407,정현우,62,용인 중구 123-45,010-6531-2106,사진촬영
9408,박지안,23,광주 성북구 123-45,010-9661-2667,웹서핑
9409,강지민,62,전주 해운대구 123-45,010-3477-6053,웹서핑
9410,이태윤,72,수원 진해구 123-45,010-6489-7817,보드게임
9411,강건우,22,대전 장유동 123-45,010-9906-5272,사진촬영
9412,조하윤,24,평택 진해구 123-45,010-4846-5874,유튜브 보기
9413,윤지원,33,김해 신제주 123-45,010-4639-6002,영화감상
9414,정예린,20,김해 흥덕구 123-45,010-1762-7527,일기 쓰기
9415,강은우,24,안양 수성구 123-45,010-8033-4789,등산
9416,서태윤,21,창원 덕진구 123-45,010-4273-7514,음악감상
9417,임유진,77,울산 중구 123-45,010-9925-6898,수영
9418,한도윤,29,울산 강남구 123-45,010-8137-4876,등산
9419,정수빈,49,김해 강남구 123-45,010-2344-1322,자전거 타기
9420,이지원,24,남양주 중구 123-45,010-6775-3125,요리
9421,서예린,41,청주 신제주 123-45,010-8991-5502,보드게임
9422,신수빈,51,울산 북구 123-45,010-5287-6038,뜨개질
9423,강서연,53,대구 달서구 123-45,010-6719-3191,수영
9424,최소율,55,고양 흥덕구 123-45,010-5630-9521,등산
9425,박지원,32,광주 성동구 123-45,010-3941-7622,사진촬영
9426,윤소율,61,고양 강남구 123-45,010-5866-5006,뜨개질
9427,장수빈,32,대구 진해구 123-45,010-2486-6532,음악감상
9428,조서준,35,천안 송파구 123-45,010-3336-2943,웹서핑
9429,임민수,53,천안 흥덕구 123-45,010-2863-2258,음악감상
9430,김예린,44,제주 서구 123-45,010-5444-5964,카페 투어
9431,김지원,74,전주 덕양구 123-45,010-3958-9369,카페 투어
9432,장예린,27,수원 덕양구 123-45,010-9067-7215,여행
9433,조유진,65,세종 덕양구 123-45,010-8294-2225,수영
9434,박서준,32,김해 신제주 123-45,010-5571-6680,드로잉
9435,장하윤,79,창원 수성구 123-45,010-1893-5845,음악감상
9436,신유진,53,평택 성동구 123-45,010-7753-3048,자전거 타기
9437,정지민,44,평택 강남구 123-45,010-8216-9997,요리
9438,김지후,33,남양주 서구 123-45,010-1553-1041,독서
9439,장소율,38,포항 팔달구 123-45,010-2036-9993,요리
9440,한예은,43,광주 강서구 123-45,010-5768-6508,영화감상
9441,최유진,66,포항 서북구 123-45,010-8831-6860,카페 투어
9442,정유진,59,화성 신제주 123-45,010-1837-9289,음악감상
9443,신시우,20,인천 덕양구 123-45,010-4580-5661,보드게임
9444,장수빈,42,남양주 유성구 123-45,010-9706-2777,사진촬영
9445,장하윤,78,천안 강서구 123-45,010-4321-5527,등산
9446,윤소율,37,김해 기흥구 123-45,010-8622-8550,뜨개질
9447,윤서연,65,천안 분당구 123-45,010-1627-5585,음악감상
9448,임수빈,22,대전 일산동구 123-45,010-5838-5928,보드게임
9449,김지안,62,청주 북구 123-45,010-4552-6526,게임
9450,박지원,73,수원 유성구 123-45,010-3790-2305,보드게임
9451,김도윤,25,광주 남구 123-45,010-5339-3157,일기 쓰기
9452,이태윤,75,청주 유성구 123-45,010-4420-8849,자전거 타기
9453,한지원,72,남양주 달서구 123-45,010-7370-5808,수영
9454,이건우,21,대구 강남구 123-45,010-4740-1690,수영
9455,김지후,31,서울 서북구 123-45,010-2483-3352,자전거 타기
9456,박은우,68,안산 기흥구 123-45,010-6924-8852,영화감상
9457,정소율,69,세종 진해구 123-45,010-1841-8375,게임
9458,정민수,78,수원 덕양구 123-45,010-6016-8888,요리
9459,조지후,53,고양 기흥구 123-45,010-5650-1500,카페 투어
9460,김도윤,23,부산 성북구 123-45,010-6038-2600,운동
9461,강하윤,73,성남 강남구 123-45,010-4940-2417,드로잉
9462,오서연,72,김해 성동구 123-45,010-8146-3509,일기 쓰기
9463,신소율,73,수원 분당구 123-45,010-5274-3815,자전거 타기
9464,윤지후,34,제주 강남구 123-45,010-6898-7343,유튜브 보기
9465,조예린,31,전주 강남구 123-45,010-6163-3175,음악감상
9466,김지안,58,남양주 팔달구 123-45,010-2874-3743,보드게임
9467,한지안,32,남양주 덕진구 123-45,010-2842-6866,유튜브 보기
9468,오도윤,34,광주 흥덕구 123-45,010-9088-8751,독서
9469,박태윤,73,광주 신제주 123-45,010-7453-6545,뜨개질
9470,이예은,34,청주 덕양구 123-45,010-5928-8439,음악감상
9471,박태윤,66,전주 성북구 123-45,010-6522-5877,여행
9472,한유진,31,수원 달서구 123-45,010-5944-1545,독서
9473,임소율,41,인천 진해구 123-45,010-2668-4542,음악감상
9474,서예은,78,포항 진해구 123-45,010-3716-1029,사진촬영
9475,서지민,35,남양주 성동구 123-45,010-4162-7655,카페 투어
9476,김지민,48,인천 송파구 123-45,010-3946-8636,독서
9477,윤시우,52,광주 송파구 123-45,010-8951-9768,여행
9478,박하윤,55,대전 달서구 123-45,010-4095-6064,운동
9479,장지원,62,김해 중구 123-45,010-4362-6130,카페 투어
9480,장지후,23,전주 유성구 123-45,010-5863-7986,영화감상
9481,강태윤,50,전주 해운대구 123-45,010-8358-3245,요리
9482,최지원,69,포항 성동구 123-45,010-8671-8218,등산
9483,조소율,40,인천 북구 123-45,010-4402-3580,카페 투어
9484,박예은,78,창원 성동구 123-45,010-6373-8977,유튜브 보기
9485,정지원,62,부산 강남구 123-45,010-4394-2046,여행
9486,신유진,23,용인 강서구 123-45,010-7733-6281,웹서핑
9487,강예린,73,김해 중구 123-45,010-1082-9942,카페 투어
9488,장건우,62,김해 분당구 123-45,010-6141-8811,일기 쓰기
9489,조도윤,74,천안 신제주 123-45,010-3313-6435,자전거 타기
9490,박도윤,79,인천 수성구 123-45,010-6554-9934,수영
9491,이서연,33,남양주 수성구 123-45,010-7578-1736,독서
9492,박수빈,79,성남 강남구 123-45,010-3512-9110,유튜브 보기
9493,오지원,32,용인 송파구 123-45,010-5820-1956,수영
9494,장현우,43,포항 기흥구 123-45,010-2316-4441,영화감상
9495,김하윤,48,제주 수성구 123-45,010-9587-8137,등산
9496,서지후,60,성남 송파구 123-45,010-2813-8314,운동
9497,김서연,73,대구 팔달구 123-45,010-7067-8112,뜨개질
9498,오시우,56,대전 흥덕구 123-45,010-3261-3954,음악감상
9499,한하윤,29,화성 서구 123-45,010-8483-1139,독서
9500,윤지안,47,고양 성북구 123-45,010-5355-6753,영화감상
9501,정예린,65,대구 서북구 123-45,010-2423-8457,요리
9502,윤시우,78,포항 송파구 123-45,010-4468-7209,운동
9503,정민수,34,대구 서구 123-45,010-8396-5388,자전거 타기
9504,강현우,62,수원 성동구 123-45,010-4364-6642,뜨개질
9505,윤지민,64,청주 동구 123-45,010-2238-6429,운동
9506,조현우,41,광주 서구 123-45,010-8840-8365,웹서핑
9507,서하은,65,안산 유성구 123-45,010-5364-3117,유튜브 보기
9508,최지민,58,전주 성북구 123-45,010-8047-7012,음악감상
9509,장하윤,22,제주 팔달구 123-45,010-3010-1589,사진촬영
9510,윤서연,72,남양주 강서구 123-45,010-8659-7399,등산
9511,윤태윤,39,성남 일산동구 123-45,010-1413-2214,드로잉
9512,임현우,47,인천 동구 123-45,010-3595-2320,독서
9513,임은우,58,용인 강서구 123-45,010-3289-4385,독서
9514,김하은,32,부산 진해구 123-45,010-4724-6175,드로잉
9515,조예린,60,화성 동구 123-45,010-4549-4150,사진촬영
9516,한서준,65,창원 진해구 123-45,010-6114-1838,일기 쓰기
9517,오민수,29,고양 덕양구 123-45,010-5773-4080,자전거 타기
9518,조서연,74,수원 수성구 123-45,010-7747-2677,카페 투어
9519,김소율,67,세종 장유동 123-45,010-5694-9055,카페 투어
9520,서현우,51,용인 동구 123-45,010-6459-4493,뜨개질
9521,신수빈,71,수원 덕진구 123-45,010-4373-3364,뜨개질
9522,강서연,27,용인 수성구 123-45,010-4192-5777,자전거 타기
9523,한지안,34,천안 성동구 123-45,010-1751-4871,음악감상
9524,임하은,75,포항 신제주 123-45,010-7934-8567,등산
9525,조도윤,52,창원 강남구 123-45,010-4752-7507,사진촬영
9526,오소율,34,창원 중구 123-45,010-5203-6394,카페 투어
9527,임은우,59,부산 분당구 123-45,010-7839-5199,음악감상
9528,신시우,55,김해 강서구 123-45,010-8291-8458,등산
9529,이현우,20,평택 남구 123-45,010-7720-8902,웹서핑
9530,신수빈,26,성남 덕진구 123-45,010-9908-5641,유튜브 보기
9531,조하은,27,안산 서구 123-45,010-3296-4991,독서
9532,정서준,40,인천 성동구 123-45,010-5498-3687,자전거 타기
9533,장서준,30,대전 동구 123-45,010-1372-5061,등산
9534,최지후,46,화성 기흥구 123-45,010-2883-1446,수영
9535,한서준,26,고양 일산동구 123-45,010-6905-4319,일기 쓰기
9536,한지후,42,청주 팔달구 123-45,010-9276-2126,카페 투어
9537,한서준,75,고양 서구 123-45,010-1716-4383,웹서핑
9538,조유진,67,울산 중구 123-45,010-1688-8393,여행
9539,신건우,75,대전 강남구 123-45,010-1666-8375,보드게임
9540,서소율,28,광주 달서구 123-45,010-6487-7767,카페 투어
9541,김지민,71,화성 팔달구 123-45,010-6976-3086,카페 투어
9542,서예린,69,고양 강남구 123-45,010-1028-4418,웹서핑
9543,장현우,72,전주 일산동구 123-45,010-6795-3702,여행
9544,장은우,44,청주 일산동구 123-45,010-7980-8490,드로잉
9545,김서준,34,대전 진해구 123-45,010-6592-5040,여행
9546,정하윤,40,제주 성동구 123-45,010-6661-6040,음악감상
9547,장민수,23,천안 남구 123-45,010-8956-2501,웹서핑
9548,장하윤,44,안산 일산동구 123-45,010-9355-6294,수영
9549,임민수,40,대전 진해구 123-45,010-8220-1238,자전거 타기
9550,임소율,60,김해 팔달구 123-45,010-1492-3973,보드게임
9551,박유진,29,수원 성북구 123-45,010-4029-4788,유튜브 보기
9552,강민수,53,성남 송파구 123-45,010-7125-8996,수영
9553,윤지안,24,제주 장유동 123-45,010-4964-5792,드로잉
9554,이시우,52,울산 흥덕구 123-45,010-1410-1207,자전거 타기
9555,김수빈,26,부산 유성구 123-45,010-2879-3467,사진촬영
9556,한지후,43,세종 해운대구 123-45,010-3784-1836,요리
9557,장은우,44,고양 수성구 123-45,010-4913-8398,게임
9558,한예은,62,화성 성북구 123-45,010-7749-1927,일기 쓰기
9559,장현우,78,서울 덕양구 123-45,010-2512-8098,웹서핑
9560,김소율,34,광주 서구 123-45,010-5278-8638,영화감상
9561,김유진,58,천안 서구 123-45,010-1601-9639,보드게임
9562,장건우,44,평택 북구 123-45,010-9831-3900,게임
9563,이민수,48,광주 팔달구 123-45,010-1993-1288,영화감상
9564,김지후,37,서울 성북구 123-45,010-8766-1114,웹서핑
9565,정서연,59,용인 서구 123-45,010-4245-2989,운동
9566,신예은,23,부산 해운대구 123-45,010-3655-4248,일기 쓰기
9567,정서연,50,남양주 북구 123-45,010-4531-9302,카페 투어
9568,조서준,37,청주 성동구 123-45,010-2623-1095,등산
9569,김유진,46,성남 유성구 123-45,010-9350-5734,보드게임
9570,조건우,62,인천 동구 123-45,010-9204-5209,일기 쓰기
9571,최수빈,74,용인 성북구 123-45,010-4548-9524,뜨개질
9572,박예은,26,포항 일산동구 123-45,010-2443-5999,일기 쓰기
9573,오태윤,29,대구 달서구 123-45,010-2794-6819,등산
9574,임유진,39,부산 북구 123-45,010-1680-4448,유튜브 보기
9575,임하은,49,세종 장유동 123-45,010-2454-2458,드로잉
9576,임하윤,36,김해 유성구 123-45,010-9265-6128,운동
9577,오하은,54,인천 팔달구 123-45,010-9211-6076,카페 투어
9578,오수빈,48,성남 강남구 123-45,010-4730-2909,유튜브 보기
9579,김예은,75,서울 덕양구 123-45,010-7871-9192,등산
9580,윤건우,31,인천 진해구 123-45,010-9577-5907,뜨개질
9581,이지민,59,대전 유성구 123-45,010-8448-3384,수영
9582,임지후,66,화성 유성구 123-45,010-9450-2728,뜨개질
9583,장민수,35,전주 강서구 123-45,010-1105-4469,요리
9584,강지민,75,광주 덕진구 123-45,010-1619-2647,보드게임
9585,조시우,46,부산 수성구 123-45,010-7568-3049,음악감상
9586,오예린,49,남양주 신제주 123-45,010-3920-8625,드로잉
9587,오서준,71,김해 흥덕구 123-45,010-7675-7387,유튜브 보기
9588,박하은,51,안양 기흥구 123-45,010-2543-8478,드로잉
9589,오예린,67,제주 수성구 123-45,010-5549-2957,요리
9590,이지원,73,창원 중구 123-45,010-3436-6671,운동
9591,임태윤,53,대구 해운대구 123-45,010-5084-6160,웹서핑
9592,신서준,64,용인 흥덕구 123-45,010-2021-7182,게임
9593,장은우,40,남양주 덕진구 123-45,010-6654-5421,보드게임
9594,최예린,65,전주 중구 123-45,010-6206-2827,보드게임
9595,김태윤,42,수원 덕양구 123-45,010-7054-6357,카페 투어
9596,장민수,46,성남 강남구 123-45,010-2869-8896,여행
9597,최예린,39,남양주 진해구 123-45,010-4523-7033,등산
9598,윤지후,31,수원 남구 123-45,010-6726-4941,웹서핑
9599,서하은,62,청주 진해구 123-45,010-1216-9666,음악감상
9600,임현우,57,서울 덕진구 123-45,010-1655-7644,뜨개질
9601,한소율,46,울산 팔달구 123-45,010-7084-5576,수영
9602,박민수,33,광주 유성구 123-45,010-3636-8677,일기 쓰기
9603,정지안,24,천안 동구 123-45,010-4954-1662,요리
9604,임지후,76,울산 송파구 123-45,010-9931-3266,수영
9605,한하은,31,고양 흥덕구 123-45,010-5177-1420,영화감상
9606,김현우,64,남양주 장유동 123-45,010-7329-2587,요리
9607,장현우,54,안산 분당구 123-45,010-8868-9043,운동
9608,한수빈,25,평택 진해구 123-45,010-1625-5794,카페 투어
9609,조서연,23,대전 신제주 123-45,010-4626-9051,유튜브 보기
9610,조소율,64,수원 장유동 123-45,010-7875-9878,사진촬영
9611,오민수,42,화성 송파구 123-45,010-1238-7087,요리
9612,신태윤,34,울산 서구 123-45,010-3490-7307,여행
9613,윤예은,33,대구 중구 123-45,010-5703-3078,음악감상
9614,김지안,41,제주 남구 123-45,010-1331-5576,보드게임
9615,장도윤,33,세종 성동구 123-45,010-9097-5731,뜨개질
9616,정예린,72,성남 흥덕구 123-45,010-2116-4310,뜨개질
9617,서하윤,47,수원 장유동 123-45,010-3128-2461,영화감상
9618,조지민,34,김해 동구 123-45,010-5202-2591,요리
9619,오은우,71,천안 성동구 123-45,010-9619-2727,자전거 타기
9620,신지후,55,광주 남구 123-45,010-9921-2355,음악감상
9621,한시우,79,창원 달서구 123-45,010-9141-1048,음악감상
9622,정현우,32,화성 분당구 123-45,010-1206-4188,웹서핑
9623,박소율,60,부산 진해구 123-45,010-3269-3482,카페 투어
9624,이서준,51,화성 강서구 123-45,010-7463-8186,보드게임
9625,신건우,26,김해 서구 123-45,010-7359-3574,운동
9626,이민수,55,포항 서구 123-45,010-4049-3287,등산
9627,박지원,23,고양 서구 123-45,010-9423-6294,영화감상
9628,이서준,23,수원 덕진구 123-45,010-2520-4131,드로잉
9629,오현우,48,용인 동구 123-45,010-4684-5825,웹서핑
9630,임예린,71,안산 신제주 123-45,010-5578-4391,수영
9631,한지민,78,제주 기흥구 123-45,010-8442-9505,운동
9632,신서연,72,창원 일산동구 123-45,010-3083-7869,일기 쓰기
9633,한소율,21,세종 진해구 123-45,010-3166-4775,등산
9634,강예은,64,평택 서구 123-45,010-8696-2357,운동
9635,한건우,55,안산 덕양구 123-45,010-2132-3652,보드게임
9636,김은우,67,서울 진해구 123-45,010-5127-2969,게임
9637,윤은우,40,광주 신제주 123-45,010-4371-3217,요리
9638,신서연,49,광주 성북구 123-45,010-5685-8698,요리
9639,이수빈,35,인천 중구 123-45,010-4751-6319,수영
9640,한도윤,41,제주 신제주 123-45,010-8078-8351,수영
9641,강예린,67,성남 성북구 123-45,010-4317-5831,등산
9642,서지후,52,평택 흥덕구 123-45,010-3808-4044,자전거 타기
9643,윤시우,69,김해 중구 123-45,010-6305-9281,영화감상
9644,윤지후,77,울산 덕양구 123-45,010-5807-8823,독서
9645,김예은,40,대구 유성구 123-45,010-8930-4416,여행
9646,정예은,59,용인 수성구 123-45,010-9849-1843,요리
9647,장도윤,39,천안 덕진구 123-45,010-3484-4364,등산
9648,정지후,70,안양 팔달구 123-45,010-4634-3313,자전거 타기
9649,박지후,44,용인 달서구 123-45,010-5660-4894,유튜브 보기
9650,한서준,23,서울 장유동 123-45,010-5200-5201,웹서핑
9651,김지원,43,대전 성북구 123-45,010-2191-9046,사진촬영
9652,한소율,71,부산 서구 123-45,010-1399-5565,수영
9653,최유진,43,천안 중구 123-45,010-6634-6767,등산
9654,장유진,68,수원 성동구 123-45,010-9309-4340,운동
9655,신도윤,47,인천 진해구 123-45,010-2778-9928,뜨개질
9656,장지안,69,남양주 기흥구 123-45,010-6086-3514,드로잉
9657,장하윤,32,부산 흥덕구 123-45,010-6196-8196,뜨개질
9658,김지후,21,인천 남구 123-45,010-6536-3606,카페 투어
9659,이건우,69,전주 수성구 123-45,010-8349-5194,게임
9660,윤은우,44,부산 달서구 123-45,010-4431-3145,게임
9661,오도윤,33,화성 성북구 123-45,010-7905-3461,운동
9662,조시우,39,김해 강서구 123-45,010-2689-9925,등산
9663,박서연,62,세종 팔달구 123-45,010-4919-3916,유튜브 보기
9664,신수빈,24,광주 덕진구 123-45,010-3618-5866,일기 쓰기
9665,오유진,64,청주 동구 123-45,010-3307-1657,운동
9666,임서연,43,인천 수성구 123-45,010-6328-5114,뜨개질
9667,신시우,61,남양주 분당구 123-45,010-8258-2286,등산
9668,김시우,21,세종 일산동구 123-45,010-2048-9901,게임
9669,신태윤,58,용인 강서구 123-45,010-6089-7306,게임
9670,윤예린,55,창원 일산동구 123-45,010-2461-3108,운동
9671,김수빈,68,창원 수성구 123-45,010-4813-7383,드로잉
9672,최소율,26,고양 덕양구 123-45,010-1567-3129,유튜브 보기
9673,신서준,75,광주 진해구 123-45,010-8227-6278,카페 투어
9674,윤은우,27,고양 동구 123-45,010-9777-4965,게임
9675,박현우,45,수원 달서구 123-45,010-5017-5104,여행
9676,장지민,56,성남 달서구 123-45,010-4240-5552,수영
9677,박지원,35,울산 팔달구 123-45,010-5842-5030,음악감상
9678,박지안,25,청주 남구 123-45,010-4714-7859,영화감상
9679,정예린,25,전주 강남구 123-45,010-4748-7001,자전거 타기
9680,오태윤,67,평택 장유동 123-45,010-9116-3752,카페 투어
9681,박하윤,37,성남 신제주 123-45,010-3572-8674,등산
9682,장하윤,24,안산 일산동구 123-45,010-3162-2551,수영
9683,김하윤,56,김해 성북구 123-45,010-3335-5978,여행
9684,정도윤,47,성남 서구 123-45,010-3921-4202,일기 쓰기
9685,윤지민,26,화성 달서구 123-45,010-3738-9442,자전거 타기
9686,조예린,23,화성 분당구 123-45,010-6455-2225,뜨개질
9687,정예린,46,평택 강남구 123-45,010-6090-9059,수영
9688,신민수,60,김해 강서구 123-45,010-3601-3726,웹서핑
9689,최지민,23,광주 유성구 123-45,010-3108-2149,보드게임
9690,정수빈,31,인천 강서구 123-45,010-7147-2113,일기 쓰기
9691,조태윤,66,제주 강서구 123-45,010-3774-1387,독서
9692,장서연,65,세종 성동구 123-45,010-2082-1035,요리
9693,신지후,77,청주 분당구 123-45,010-1203-1501,뜨개질
9694,최예린,20,안양 분당구 123-45,010-3772-7638,보드게임
9695,김민수,73,평택 덕양구 123-45,010-2129-5995,독서
9696,이하윤,48,안양 강서구 123-45,010-8974-8963,요리
9697,임수빈,55,청주 장유동 123-45,010-7453-9320,수영
9698,윤민수,45,고양 기흥구 123-45,010-4780-6274,일기 쓰기
9699,임소율,52,안산 송파구 123-45,010-1348-9963,수영
9700,이은우,59,김해 송파구 123-45,010-3868-6924,일기 쓰기
9701,김소율,40,화성 남구 123-45,010-7044-8783,요리
9702,한수빈,44,수원 송파구 123-45,010-9138-7915,뜨개질
9703,임소율,49,서울 서북구 123-45,010-2536-1563,여행
9704,박건우,71,전주 진해구 123-45,010-5804-8991,유튜브 보기
9705,임지안,79,성남 남구 123-45,010-9838-6186,보드게임
9706,최도윤,51,안산 팔달구 123-45,010-4494-1274,독서
9707,정수빈,44,안산 중구 123-45,010-8852-4419,여행
9708,장지안,39,고양 분당구 123-45,010-7037-1588,운동
9709,박건우,41,화성 덕양구 123-45,010-4685-6480,영화감상
9710,강지후,59,고양 달서구 123-45,010-3176-6487,독서
9711,장유진,43,광주 장유동 123-45,010-3831-2970,게임
9712,윤민수,37,광주 서북구 123-45,010-3273-9723,웹서핑
9713,오지후,58,안양 달서구 123-45,010-1880-5667,일기 쓰기
9714,오하은,60,인천 덕양구 123-45,010-4800-4505,카페 투어
9715,조서준,72,고양 흥덕구 123-45,010-6531-9850,음악감상
9716,임수빈,75,전주 팔달구 123-45,010-1967-5595,자전거 타기
9717,장지안,54,안양 북구 123-45,010-8702-4169,뜨개질
9718,강건우,26,서울 분당구 123-45,010-7358-5170,뜨개질
9719,이현우,49,안양 서구 123-45,010-4151-7505,뜨개질
9720,정민수,54,창원 달서구 123-45,010-2487-9686,여행
9721,오지후,73,안양 덕진구 123-45,010-6345-1763,여행
9722,최도윤,49,수원 남구 123-45,010-5130-5440,뜨개질
9723,박도윤,48,청주 덕양구 123-45,010-3947-1504,독서
9724,한하윤,42,창원 서북구 123-45,010-1186-7666,일기 쓰기
9725,김현우,70,화성 성동구 123-45,010-2520-9809,등산
9726,오지후,28,안산 강남구 123-45,010-5540-1628,드로잉
9727,장지민,77,대구 진해구 123-45,010-2551-5071,등산
9728,임건우,47,김해 서구 123-45,010-3630-9024,여행
9729,임시우,70,김해 해운대구 123-45,010-5851-8090,여행
9730,조은우,28,대구 흥덕구 123-45,010-9764-6702,음악감상
9731,서하은,58,남양주 분당구 123-45,010-2579-1245,영화감상
9732,김건우,33,서울 서북구 123-45,010-4068-3903,웹서핑
9733,조태윤,77,화성 분당구 123-45,010-3946-5976,게임
9734,신하윤,33,청주 분당구 123-45,010-1194-9214,영화감상
9735,서예린,54,대전 송파구 123-45,010-9399-7724,음악감상
9736,조지안,47,제주 기흥구 123-45,010-5268-6265,웹서핑
9737,정태윤,79,안산 성북구 123-45,010-2629-8953,운동
9738,박서연,35,고양 강서구 123-45,010-5903-6067,영화감상
9739,이도윤,24,성남 기흥구 123-45,010-5523-8786,여행
9740,임지안,42,남양주 장유동 123-45,010-5143-4260,보드게임
9741,정민수,60,안산 유성구 123-45,010-5404-3862,보드게임
9742,김하윤,66,성남 팔달구 123-45,010-5177-1822,일기 쓰기
9743,한수빈,57,남양주 장유동 123-45,010-8983-5368,영화감상
9744,최소율,46,대구 기흥구 123-45,010-4355-4090,영화감상
9745,임현우,55,용인 성동구 123-45,010-6295-3199,수영
9746,임태윤,21,울산 장유동 123-45,010-1058-3623,독서
9747,임은우,41,천안 북구 123-45,010-8491-6758,등산
9748,신태윤,27,포항 서북구 123-45,010-7018-4841,수영
9749,이하윤,66,천안 북구 123-45,010-3471-4044,게임
9750,이지안,25,천안 성북구 123-45,010-5496-8270,웹서핑
9751,장예린,27,용인 진해구 123-45,010-5207-6827,운동
9752,임하윤,61,용인 해운대구 123-45,010-8458-7489,자전거 타기
9753,강도윤,63,서울 팔달구 123-45,010-3618-5364,운동
9754,장은우,31,서울 중구 123-45,010-3661-6147,드로잉
9755,서도윤,65,천안 성북구 123-45,010-8812-3873,웹서핑
9756,한지후,51,화성 달서구 123-45,010-4221-6596,게임
9757,김태윤,27,광주 성동구 123-45,010-5337-5481,운동
9758,장예린,64,전주 송파구 123-45,010-4703-1758,여행
9759,박도윤,21,남양주 성북구 123-45,010-9360-2006,일기 쓰기
9760,신소율,39,부산 달서구 123-45,010-2297-4377,수영
9761,최예은,74,평택 중구 123-45,010-7445-4601,웹서핑
9762,장건우,67,세종 북구 123-45,010-8992-1494,수영
9763,박예린,20,안산 진해구 123-45,010-2197-7227,뜨개질
9764,김건우,71,안산 장유동 123-45,010-1896-2399,드로잉
9765,서하은,51,부산 서북구 123-45,010-8276-8749,웹서핑
9766,정지원,31,청주 서북구 123-45,010-5575-5332,여행
9767,조예린,38,대전 일산동구 123-45,010-1577-6192,드로잉
9768,장예은,56,광주 장유동 123-45,010-5673-4815,보드게임
9769,오지원,39,고양 강서구 123-45,010-4544-1373,웹서핑
9770,오하윤,47,안양 덕양구 123-45,010-7484-2904,수영
9771,윤소율,59,대전 성북구 123-45,010-6510-6836,독서
9772,최건우,29,청주 강남구 123-45,010-1036-5433,여행
9773,강서준,55,안산 수성구 123-45,010-1480-7040,일기 쓰기
9774,장지후,52,제주 남구 123-45,010-4199-1194,웹서핑
9775,장지안,31,용인 강서구 123-45,010-2146-6057,여행
9776,조유진,44,안양 남구 123-45,010-3305-6413,자전거 타기
9777,임예린,37,전주 진해구 123-45,010-4531-5368,등산
9778,신서연,50,대전 기흥구 123-45,010-9184-9770,뜨개질
9779,서예은,37,남양주 성동구 123-45,010-2695-4029,일기 쓰기
9780,김서준,55,용인 장유동 123-45,010-6784-6034,수영
9781,강현우,33,평택 유성구 123-45,010-5291-9931,등산
9782,장수빈,53,제주 일산동구 123-45,010-9815-6623,웹서핑
9783,윤수빈,50,남양주 장유동 123-45,010-5972-7889,음악감상
9784,박건우,35,대구 신제주 123-45,010-5993-4465,보드게임
9785,이수빈,25,서울 서북구 123-45,010-3871-1586,유튜브 보기
9786,정지안,52,광주 중구 123-45,010-1988-8330,카페 투어
9787,최지후,30,대구 해운대구 123-45,010-6081-1053,뜨개질
9788,최건우,40,창원 유성구 123-45,010-7900-4458,요리
9789,박소율,32,전주 성동구 123-45,010-9599-1613,웹서핑
9790,한지후,41,남양주 분당구 123-45,010-9511-9587,사진촬영
9791,장지안,49,남양주 수성구 123-45,010-9574-4129,음악감상
9792,서하윤,22,남양주 신제주 123-45,010-1689-4885,독서
9793,장시우,73,세종 중구 123-45,010-2483-3643,독서
9794,서서준,50,고양 강남구 123-45,010-4944-1210,웹서핑
9795,이서준,23,대전 흥덕구 123-45,010-5915-1773,자전거 타기
9796,윤태윤,61,고양 팔달구 123-45,010-9528-6506,드로잉
9797,정시우,37,수원 성북구 123-45,010-7747-6430,게임
9798,최지후,52,수원 해운대구 123-45,010-3527-6135,영화감상
9799,박지후,79,대구 서북구 123-45,010-2088-4296,음악감상
9800,최지안,36,천안 성동구 123-45,010-9498-6201,보드게임
9801,강시우,36,용인 신제주 123-45,010-5831-4844,보드게임
9802,신하은,43,대구 장유동 123-45,010-2717-1649,사진촬영
9803,박지원,47,청주 강남구 123-45,010-2757-5899,등산
9804,임시우,60,서울 수성구 123-45,010-9429-3433,운동
9805,조소율,33,세종 강서구 123-45,010-4391-5342,보드게임
9806,김현우,50,수원 유성구 123-45,010-2720-8698,카페 투어
9807,강태윤,25,청주 유성구 123-45,010-9570-6598,유튜브 보기
9808,최지후,54,대구 북구 123-45,010-5835-8555,뜨개질
9809,임지안,26,청주 분당구 123-45,010-5531-4036,드로잉
9810,장은우,27,부산 팔달구 123-45,010-2122-9040,웹서핑
9811,한지원,78,김해 남구 123-45,010-3855-8297,드로잉
9812,오하윤,47,광주 달서구 123-45,010-6978-1039,카페 투어
9813,정서연,77,용인 신제주 123-45,010-5107-5390,게임
9814,최지후,48,대전 기흥구 123-45,010-1561-1092,웹서핑
9815,서도윤,21,광주 분당구 123-45,010-3157-5788,요리
9816,임지원,54,남양주 분당구 123-45,010-4036-1477,요리
9817,이은우,79,용인 북구 123-45,010-6352-9987,보드게임
9818,이건우,54,대전 남구 123-45,010-9055-3853,웹서핑
9819,이지후,72,용인 강남구 123-45,010-4002-5446,자전거 타기
9820,최하은,34,천안 분당구 123-45,010-8935-2813,게임
9821,한민수,24,천안 남구 123-45,010-5552-2301,뜨개질
9822,서예린,25,수원 성동구 123-45,010-1906-7981,음악감상
9823,한서준,49,창원 일산동구 123-45,010-6367-6536,수영
9824,장도윤,30,천안 중구 123-45,010-1053-8878,게임
9825,장시우,32,세종 서북구 123-45,010-8909-8618,영화감상
9826,임예린,61,울산 팔달구 123-45,010-6564-3482,독서
9827,임현우,21,용인 진해구 123-45,010-1445-1210,일기 쓰기
9828,정지원,27,광주 달서구 123-45,010-8213-4858,유튜브 보기
9829,이서연,50,안산 북구 123-45,010-8069-8883,사진촬영
9830,김서준,61,포항 분당구 123-45,010-3996-6717,자전거 타기
9831,조지원,64,성남 팔달구 123-45,010-1874-8668,등산
9832,김수빈,65,성남 수성구 123-45,010-4454-2287,자전거 타기
9833,김수빈,68,부산 일산동구 123-45,010-6434-6160,유튜브 보기
9834,정소율,39,광주 진해구 123-45,010-3082-3166,요리
9835,김소율,62,세종 분당구 123-45,010-2512-4302,웹서핑
9836,장소율,40,창원 해운대구 123-45,010-9034-2358,자전거 타기
9837,조예은,20,제주 해운대구 123-45,010-5082-6096,게임
9838,박예은,53,대전 서북구 123-45,010-3918-1429,카페 투어
9839,박서연,71,평택 덕진구 123-45,010-4198-2087,등산
9840,이도윤,23,안양 성북구 123-45,010-2192-8846,뜨개질
9841,강예린,39,포항 신제주 123-45,010-5311-9765,웹서핑
9842,정시우,44,서울 송파구 123-45,010-6119-8762,게임
9843,이하윤,50,부산 신제주 123-45,010-8683-3121,뜨개질
9844,조지후,79,고양 강남구 123-45,010-4312-6185,유튜브 보기
9845,최태윤,41,창원 장유동 123-45,010-8632-9285,운동
9846,강태윤,35,제주 일산동구 123-45,010-7680-2236,요리
9847,오지민,60,화성 송파구 123-45,010-2473-2082,카페 투어
9848,임도윤,73,광주 분당구 123-45,010-1834-5853,웹서핑
9849,장지원,77,인천 일산동구 123-45,010-7773-4433,일기 쓰기
9850,정소율,68,고양 북구 123-45,010-6110-9044,요리
9851,한예린,25,수원 달서구 123-45,010-2519-3843,여행
9852,윤유진,39,제주 덕양구 123-45,010-9806-2523,등산
9853,윤예은,37,세종 서북구 123-45,010-7909-5873,독서
9854,정예은,33,화성 분당구 123-45,010-2370-1035,자전거 타기
9855,한서연,37,창원 동구 123-45,010-4757-1092,음악감상
9856,강은우,61,김해 북구 123-45,010-9333-2451,음악감상
9857,강예린,71,안양 신제주 123-45,010-2202-6316,여행
9858,이하윤,56,제주 서구 123-45,010-4100-6638,운동
9859,김도윤,76,천안 해운대구 123-45,010-9267-3868,사진촬영
9860,장도윤,45,평택 북구 123-45,010-6893-2245,요리
9861,강유진,56,용인 중구 123-45,010-8491-5436,보드게임
9862,신하은,59,안산 북구 123-45,010-9460-8640,보드게임
9863,서태윤,77,제주 흥덕구 123-45,010-3417-8637,사진촬영
9864,서태윤,37,용인 남구 123-45,010-5255-6169,사진촬영
9865,조하은,48,대구 북구 123-45,010-8832-6183,등산
9866,한서준,50,용인 달서구 123-45,010-2755-3248,보드게임
9867,오지원,54,울산 중구 123-45,010-2487-8677,뜨개질
9868,강하윤,43,용인 신제주 123-45,010-8100-6302,뜨개질
9869,조은우,23,인천 북구 123-45,010-6034-6934,음악감상
9870,정하윤,31,대전 분당구 123-45,010-3807-7253,독서
9871,강지후,41,용인 서구 123-45,010-6509-2389,등산
9872,서태윤,37,대구 달서구 123-45,010-1322-8149,음악감상
9873,정민수,24,울산 북구 123-45,010-7047-5417,게임
9874,신소율,48,용인 성동구 123-45,010-3121-9800,카페 투어
9875,한지민,47,천안 덕진구 123-45,010-1659-1597,게임
9876,한하은,48,고양 중구 123-45,010-7034-1798,뜨개질
9877,서예린,53,성남 동구 123-45,010-6112-1944,자전거 타기
9878,신하윤,31,대전 서구 123-45,010-3650-1921,게임
9879,박현우,71,천안 유성구 123-45,010-6402-9172,음악감상
9880,박시우,39,세종 서구 123-45,010-8333-3689,사진촬영
9881,윤민수,20,포항 강남구 123-45,010-4845-1250,뜨개질
9882,서민수,50,부산 분당구 123-45,010-2097-1000,수영
9883,김시우,35,고양 강서구 123-45,010-9880-2876,수영
9884,정시우,72,청주 송파구 123-45,010-7226-7686,여행
9885,신유진,70,남양주 강서구 123-45,010-4383-7425,등산
9886,강예은,74,김해 강서구 123-45,010-1845-5076,뜨개질
9887,장민수,37,안산 강남구 123-45,010-7918-4123,독서
9888,한지안,21,김해 동구 123-45,010-5240-7700,사진촬영
9889,김예린,34,천안 덕양구 123-45,010-6076-3371,뜨개질
9890,이지민,42,천안 달서구 123-45,010-3264-9006,카페 투어
9891,한은우,38,안산 서구 123-45,010-8093-7378,카페 투어
9892,오하윤,63,남양주 달서구 123-45,010-4817-5300,사진촬영
9893,최서연,54,화성 흥덕구 123-45,010-3190-9185,웹서핑
9894,서도윤,76,안산 강남구 123-45,010-7633-9535,수영
9895,신지원,66,제주 강남구 123-45,010-3428-2529,여행
9896,신지민,30,수원 남구 123-45,010-5380-7174,유튜브 보기
9897,한지원,44,수원 유성구 123-45,010-6507-9011,게임
9898,이지민,26,대전 북구 123-45,010-6752-5293,요리
9899,조현우,37,고양 성동구 123-45,010-8394-2583,자전거 타기
9900,장민수,26,인천 신제주 123-45,010-6569-7130,일기 쓰기
9901,윤도윤,65,안양 동구 123-45,010-3957-6184,수영
9902,한지후,53,대구 성북구 123-45,010-2332-6496,영화감상
9903,박수빈,35,고양 일산동구 123-45,010-7449-2598,독서
9904,박하윤,42,남양주 동구 123-45,010-5704-1560,등산
9905,김건우,65,고양 기흥구 123-45,010-9987-7322,일기 쓰기
9906,최민수,49,인천 팔달구 123-45,010-4607-1482,사진촬영
9907,서예은,67,천안 수성구 123-45,010-3264-4588,드로잉
9908,임예은,36,화성 성북구 123-45,010-6089-6744,사진촬영
9909,이예린,76,제주 진해구 123-45,010-6492-2231,유튜브 보기
9910,장서준,42,포항 분당구 123-45,010-9952-4241,수영
9911,조예은,70,포항 덕양구 123-45,010-8422-4850,사진촬영
9912,임예은,30,전주 수성구 123-45,010-8012-4849,수영
9913,박수빈,42,울산 덕양구 123-45,010-3282-1304,요리
9914,오지후,60,전주 진해구 123-45,010-5264-7583,일기 쓰기
9915,임은우,40,울산 장유동 123-45,010-2261-9872,자전거 타기
9916,김지안,37,울산 중구 123-45,010-3673-7628,등산
9917,최민수,26,세종 성동구 123-45,010-6452-2053,요리
9918,김예은,50,창원 강서구 123-45,010-5349-2970,여행
9919,이유진,49,용인 덕진구 123-45,010-9332-4958,독서
9920,서태윤,45,남양주 장유동 123-45,010-6024-4953,음악감상
9921,최은우,58,김해 유성구 123-45,010-5010-7109,운동
9922,장서연,37,전주 송파구 123-45,010-4000-2451,음악감상
9923,오유진,37,대전 서북구 123-45,010-3635-4300,뜨개질
9924,정지안,37,광주 송파구 123-45,010-1929-3352,사진촬영
9925,박하은,76,천안 진해구 123-45,010-6180-6226,수영
9926,이서준,53,제주 덕진구 123-45,010-4225-7729,자전거 타기
9927,김하윤,47,광주 남구 123-45,010-7618-5977,운동
9928,박서연,59,고양 강서구 123-45,010-1541-6168,뜨개질
9929,신예은,72,성남 북구 123-45,010-8402-9738,게임
9930,김지후,42,안산 일산동구 123-45,010-9248-1862,드로잉
9931,이예은,36,수원 달서구 123-45,010-7945-8118,음악감상
9932,임건우,57,전주 팔달구 123-45,010-1154-6403,웹서핑
9933,한태윤,28,창원 수성구 123-45,010-1332-2174,음악감상
9934,임하은,76,인천 남구 123-45,010-1974-6488,웹서핑
9935,장유진,53,성남 북구 123-45,010-3032-1043,등산
9936,강수빈,56,안산 수성구 123-45,010-3049-8639,뜨개질
9937,강수빈,43,제주 진해구 123-45,010-1842-7342,드로잉
9938,윤민수,78,울산 북구 123-45,010-7289-5904,드로잉
9939,이지원,75,부산 서구 123-45,010-4440-4656,자전거 타기
9940,신하윤,36,화성 기흥구 123-45,010-3955-7117,웹서핑
9941,이서준,60,수원 팔달구 123-45,010-6485-5242,음악감상
9942,최수빈,25,광주 서구 123-45,010-5299-7526,영화감상
9943,장하은,65,천안 기흥구 123-45,010-8479-4749,영화감상
9944,서지후,68,고양 송파구 123-45,010-6582-1893,보드게임
9945,서예린,48,대구 서북구 123-45,010-5563-2921,수영
9946,최서준,61,울산 팔달구 123-45,010-6554-3354,요리
9947,임예은,58,세종 분당구 123-45,010-5910-1929,유튜브 보기
9948,강수빈,54,청주 장유동 123-45,010-8092-6446,일기 쓰기
9949,최지후,35,울산 유성구 123-45,010-1829-8621,유튜브 보기
9950,정은우,38,인천 성북구 123-45,010-7056-5275,유튜브 보기
9951,신지원,45,전주 일산동구 123-45,010-2478-4461,사진촬영
9952,장예은,28,대전 장유동 123-45,010-5860-9842,카페 투어
9953,오지후,37,성남 해운대구 123-45,010-4716-3628,일기 쓰기
9954,박하윤,56,안산 수성구 123-45,010-5556-9067,요리
9955,오하윤,27,인천 해운대구 123-45,010-7373-4497,드로잉
9956,박하은,51,화성 수성구 123-45,010-6477-9495,등산
9957,장예은,61,수원 송파구 123-45,010-2638-3887,요리
9958,오민수,23,제주 남구 123-45,010-7486-7320,영화감상
9959,오하윤,36,광주 진해구 123-45,010-9469-5773,게임
9960,오지안,79,전주 유성구 123-45,010-5217-7246,일기 쓰기
9961,신지민,29,창원 성동구 123-45,010-7997-3462,요리
9962,박예은,62,울산 진해구 123-45,010-9493-6051,일기 쓰기
9963,장하윤,60,인천 일산동구 123-45,010-3620-8145,자전거 타기
9964,임시우,32,울산 강서구 123-45,010-3335-4983,영화감상
9965,정지안,63,서울 중구 123-45,010-3872-8000,음악감상
9966,임지후,62,창원 서북구 123-45,010-8443-8092,일기 쓰기
9967,박하은,50,제주 분당구 123-45,010-5436-1820,보드게임
9968,강시우,33,대전 송파구 123-45,010-8071-9018,카페 투어
9969,신서연,48,성남 북구 123-45,010-6326-3807,요리
9970,한서연,67,남양주 팔달구 123-45,010-4647-9162,뜨개질
9971,조서연,20,부산 서북구 123-45,010-1900-8432,여행
9972,서지원,28,안산 성북구 123-45,010-6345-1246,독서
9973,서서준,28,대전 해운대구 123-45,010-5337-3537,뜨개질
9974,신지후,57,울산 성동구 123-45,010-4401-6871,보드게임
9975,최도윤,20,창원 성북구 123-45,010-9051-1427,등산
9976,최예은,43,창원 성북구 123-45,010-6525-4685,수영
9977,신지원,46,성남 달서구 123-45,010-5168-1199,일기 쓰기
9978,한태윤,71,평택 덕진구 123-45,010-2681-7177,일기 쓰기
9979,장시우,59,안양 일산동구 123-45,010-5307-4374,사진촬영
9980,오은우,27,남양주 유성구 123-45,010-1731-5005,드로잉
9981,최서준,60,창원 송파구 123-45,010-5227-1689,운동
9982,한지후,47,성남 팔달구 123-45,010-6216-9625,영화감상
9983,윤하은,25,울산 해운대구 123-45,010-7835-6729,유튜브 보기
9984,오하윤,32,김해 중구 123-45,010-9763-5927,유튜브 보기
9985,신예린,40,세종 강남구 123-45,010-1906-6022,카페 투어
9986,최지후,63,천안 분당구 123-45,010-4644-9183,사진촬영
9987,정시우,78,대전 중구 123-45,010-7019-3067,게임
9988,신민수,45,천안 중구 123-45,010-3638-9826,카페 투어
9989,신도윤,35,포항 기흥구 123-45,010-9813-3032,일기 쓰기
9990,김도윤,36,용인 덕진구 123-45,010-8358-3403,음악감상
9991,장지안,49,부산 덕진구 123-45,010-5691-8550,음악감상
9992,박예은,40,포항 덕양구 123-45,010-7354-2968,일기 쓰기
9993,서지안,49,김해 일산동구 123-45,010-7772-6509,드로잉
9994,신태윤,34,안양 해운대구 123-45,010-4198-3956,수영
9995,서시우,63,대구 강서구 123-45,010-6899-9992,독서
9996,오소율,35,대구 강남구 123-45,010-6592-6967,보드게임
9997,장유진,50,안양 달서구 123-45,010-5055-6526,자전거 타기
9998,조하은,64,고양 강남구 123-45,010-9453-9635,운동
9999,장태윤,44,김해 서북구 123-45,010-8140-5794,게임
10000,김예은,51,인천 남구 123-45,010-2017-1025,등산
10001,최서준,29,고양 분당구 123-45,010-2150-6579,영화감상
10002,김지원,48,김해 기흥구 123-45,010-2393-6352,음악감상
10003,정하윤,36,남양주 수성구 123-45,010-9660-5244,웹서핑
10004,조지민,64,안양 중구 123-45,010-9971-2228,독서
10005,이소율,39,제주 덕양구 123-45,010-8761-3748,보드게임
10006,서태윤,40,안양 흥덕구 123-45,010-3972-3139,보드게임
10007,장서준,71,전주 서구 123-45,010-6852-4749,사진촬영
10008,김유진,29,광주 진해구 123-45,010-4552-8321,독서
10009,장민수,52,화성 강남구 123-45,010-2041-9232,등산
10010,최시우,37,용인 중구 123-45,010-5124-8380,수영
10011,김소율,37,천안 해운대구 123-45,010-3628-9071,사진촬영
10012,윤도윤,24,인천 송파구 123-45,010-2534-4863,등산
10013,김서연,48,화성 진해구 123-45,010-4356-5889,드로잉
10014,장시우,31,대전 덕양구 123-45,010-2771-5347,드로잉
10015,이수빈,65,김해 성동구 123-45,010-1581-6856,수영
10016,임지원,35,김해 신제주 123-45,010-8679-6304,독서
10017,한시우,31,서울 장유동 123-45,010-2292-3621,웹서핑
10018,임지원,58,평택 동구 123-45,010-6976-3663,독서
10019,강소율,40,인천 동구 123-45,010-8285-7337,웹서핑
10020,조지민,43,세종 덕진구 123-45,010-7426-8442,여행
10021,강수빈,65,인천 성북구 123-45,010-6415-7757,요리
10022,신시우,65,인천 성동구 123-45,010-9323-9073,독서
10023,오서준,42,김해 성북구 123-45,010-1998-3634,사진촬영
10024,이하은,24,남양주 중구 123-45,010-7199-8966,사진촬영
10025,임서연,21,포항 덕양구 123-45,010-4439-1745,카페 투어
10026,윤건우,33,전주 일산동구 123-45,010-8075-5441,유튜브 보기
10027,임현우,63,대전 덕진구 123-45,010-8726-8755,요리
10028,서하은,74,부산 동구 123-45,010-7638-1684,등산
10029,정수빈,72,대전 일산동구 123-45,010-1594-1848,자전거 타기
10030,임예은,63,화성 서구 123-45,010-7482-2983,게임
10031,박지원,50,울산 송파구 123-45,010-4623-5523,보드게임
10032,김서연,56,대전 성북구 123-45,010-2830-9988,독서
10033,이지원,54,청주 강서구 123-45,010-6562-4988,수영
10034,조예린,37,창원 중구 123-45,010-6239-1571,여행
10035,김유진,29,천안 강서구 123-45,010-3896-8187,자전거 타기
10036,윤건우,64,수원 송파구 123-45,010-5081-1925,유튜브 보기
10037,박하윤,67,안양 진해구 123-45,010-4470-4203,드로잉
10038,임하윤,35,울산 서구 123-45,010-6490-3660,자전거 타기
10039,조서연,38,부산 진해구 123-45,010-4361-9811,음악감상
10040,신지민,44,인천 남구 123-45,010-3143-7896,웹서핑
10041,최서준,31,천안 유성구 123-45,010-7662-4118,요리
10042,이현우,43,제주 수성구 123-45,010-7363-7827,운동
10043,윤소율,30,대구 분당구 123-45,010-5889-2115,운동
10044,조소율,77,안양 성북구 123-45,010-3982-3654,일기 쓰기
10045,강지후,25,창원 흥덕구 123-45,010-7465-4781,운동
10046,장소율,67,광주 분당구 123-45,010-8202-5536,보드게임
10047,윤태윤,69,부산 동구 123-45,010-6730-3171,수영
10048,이지후,31,화성 중구 123-45,010-8319-6068,게임
10049,한지후,70,청주 강서구 123-45,010-5121-6287,웹서핑
10050,임수빈,64,안산 수성구 123-45,010-9264-8835,카페 투어
10051,임현우,34,청주 서구 123-45,010-1419-3403,일기 쓰기
10052,한수빈,61,울산 유성구 123-45,010-3018-3669,자전거 타기
10053,신태윤,54,성남 달서구 123-45,010-1389-4158,게임
10054,강지민,66,전주 팔달구 123-45,010-1323-4660,운동
10055,박서준,23,울산 신제주 123-45,010-6636-4122,수영
10056,강유진,49,화성 일산동구 123-45,010-4695-5568,뜨개질
10057,이예린,29,고양 성동구 123-45,010-6941-5496,게임
10058,강민수,77,남양주 흥덕구 123-45,010-5604-3066,게임
10059,오지후,74,청주 성동구 123-45,010-2582-8529,독서
10060,한하은,45,대전 덕진구 123-45,010-3183-2228,여행
10061,최지후,27,고양 분당구 123-45,010-2434-4526,여행
10062,최하은,57,화성 유성구 123-45,010-8244-4463,요리
10063,한은우,24,수원 분당구 123-45,010-6367-1872,보드게임
10064,박하윤,22,용인 성북구 123-45,010-3992-6538,자전거 타기
10065,윤수빈,35,평택 서북구 123-45,010-4738-3128,독서
10066,신예은,33,광주 분당구 123-45,010-9665-7913,사진촬영
10067,신예은,57,부산 일산동구 123-45,010-5088-6591,보드게임
10068,서유진,20,고양 유성구 123-45,010-3852-7666,사진촬영
10069,조하은,51,대전 유성구 123-45,010-1406-3230,음악감상
10070,박유진,67,청주 해운대구 123-45,010-5437-3529,일기 쓰기
10071,장은우,73,세종 해운대구 123-45,010-7289-5942,뜨개질
10072,윤유진,43,화성 일산동구 123-45,010-2241-1740,영화감상
10073,오예린,41,고양 덕진구 123-45,010-6510-7951,음악감상
10074,김도윤,45,포항 중구 123-45,010-6110-9614,카페 투어
10075,윤유진,31,인천 흥덕구 123-45,010-6267-8836,음악감상
10076,장예은,58,평택 성동구 123-45,010-8553-2936,운동
10077,서수빈,50,화성 분당구 123-45,010-5499-2461,사진촬영
10078,이소율,52,전주 중구 123-45,010-1222-8522,웹서핑
10079,임하윤,53,광주 덕진구 123-45,010-5228-8770,수영
10080,오서준,42,울산 성북구 123-45,010-2163-6085,등산
10081,정서연,69,남양주 해운대구 123-45,010-7107-3350,여행
10082,박예은,31,고양 장유동 123-45,010-1756-1795,보드게임
10083,이건우,77,평택 남구 123-45,010-7597-4360,자전거 타기
10084,신서준,55,부산 강남구 123-45,010-7662-5373,영화감상
10085,이하윤,72,천안 서북구 123-45,010-2984-2795,등산
10086,최현우,48,전주 달서구 123-45,010-7375-3258,유튜브 보기
10087,신유진,76,울산 덕진구 123-45,010-1551-1878,운동
10088,김지원,53,안산 서구 123-45,010-8092-5870,등산
10089,강유진,21,화성 남구 123-45,010-2296-3860,요리
10090,임지안,61,포항 덕양구 123-45,010-2497-6695,자전거 타기
10091,김지원,46,포항 해운대구 123-45,010-3177-4412,드로잉
10092,한건우,24,광주 유성구 123-45,010-7940-9465,독서
10093,조시우,42,고양 성북구 123-45,010-3589-3192,보드게임
10094,윤지후,71,안산 북구 123-45,010-5217-5938,게임
10095,박수빈,42,대전 서북구 123-45,010-7546-7938,운동
10096,신지안,60,대전 흥덕구 123-45,010-5446-4469,뜨개질
10097,한태윤,33,대전 흥덕구 123-45,010-4926-8329,요리
10098,이수빈,70,용인 진해구 123-45,010-9383-5707,독서
10099,오서연,34,부산 서북구 123-45,010-9948-1319,독서
10100,임지안,76,천안 성동구 123-45,010-5530-5548,자전거 타기
10101,조서연,74,성남 신제주 123-45,010-4586-1693,드로잉
10102,임지후,22,전주 서구 123-45,010-9755-6841,자전거 타기
10103,조하은,64,평택 남구 123-45,010-9118-3004,영화감상
10104,서민수,41,남양주 유성구 123-45,010-4328-2948,게임
10105,정건우,47,김해 기흥구 123-45,010-7531-1061,일기 쓰기
10106,서수빈,43,청주 강서구 123-45,010-7077-6301,여행
10107,서소율,73,서울 남구 123-45,010-4008-6329,보드게임
10108,장서연,59,광주 덕양구 123-45,010-7192-3574,자전거 타기
10109,장태윤,26,김해 송파구 123-45,010-9936-8793,드로잉
10110,신지민,60,천안 성동구 123-45,010-2309-6168,음악감상
10111,임소율,77,안양 진해구 123-45,010-2786-9750,일기 쓰기
10112,최도윤,34,대구 기흥구 123-45,010-1690-4682,사진촬영
10113,정건우,37,대구 장유동 123-45,010-8193-4672,일기 쓰기
10114,서지원,42,대구 덕양구 123-45,010-5628-4639,유튜브 보기
10115,한은우,71,광주 팔달구 123-45,010-4836-5306,등산
10116,이수빈,42,세종 성북구 123-45,010-9070-8648,보드게임
10117,서은우,74,청주 유성구 123-45,010-4678-1300,음악감상
10118,한건우,25,대구 송파구 123-45,010-3656-5733,웹서핑
10119,장시우,37,용인 달서구 123-45,010-1454-7463,수영
10120,신수빈,70,청주 덕양구 123-45,010-2565-8200,일기 쓰기
10121,윤서준,74,수원 팔달구 123-45,010-2679-9931,독서
10122,신소율,61,남양주 중구 123-45,010-4466-2425,드로잉
10123,정유진,61,울산 성북구 123-45,010-3992-3731,여행
10124,이예린,79,창원 팔달구 123-45,010-3157-3721,음악감상
10125,신지원,20,천안 덕양구 123-45,010-8236-8406,보드게임
10126,조민수,54,청주 서구 123-45,010-4115-8970,여행
10127,한지민,52,제주 북구 123-45,010-7410-4047,사진촬영
10128,신소율,21,용인 유성구 123-45,010-3208-7180,사진촬영
10129,강수빈,62,광주 신제주 123-45,010-9605-9221,보드게임
10130,한유진,27,전주 수성구 123-45,010-2105-8049,뜨개질
10131,김하은,78,대전 송파구 123-45,010-2956-8699,영화감상
10132,임예린,76,울산 유성구 123-45,010-3596-2897,일기 쓰기
10133,한태윤,26,인천 해운대구 123-45,010-4955-3688,여행
10134,강지원,53,안양 기흥구 123-45,010-3926-8694,여행
10135,박은우,79,서울 북구 123-45,010-6558-8326,일기 쓰기
10136,오지안,48,수원 강서구 123-45,010-2883-6616,게임
10137,최서준,65,천안 신제주 123-45,010-4204-2310,드로잉
10138,신건우,68,안양 송파구 123-45,010-3744-4521,등산
10139,정수빈,34,김해 남구 123-45,010-4825-4458,카페 투어
10140,임현우,28,김해 해운대구 123-45,010-8147-3897,사진촬영
10141,최예린,31,세종 성동구 123-45,010-8489-9873,요리
10142,윤서준,48,창원 팔달구 123-45,010-4945-2569,수영
10143,윤도윤,53,세종 분당구 123-45,010-1883-1205,웹서핑
10144,임은우,65,평택 덕양구 123-45,010-6846-5955,카페 투어
10145,임서연,48,인천 장유동 123-45,010-1859-8583,등산
10146,임유진,45,포항 동구 123-45,010-7896-6696,운동
10147,정수빈,78,성남 강남구 123-45,010-5310-1336,일기 쓰기
10148,한소율,20,성남 흥덕구 123-45,010-3955-6055,게임
10149,임건우,75,수원 북구 123-45,010-9648-7001,웹서핑
10150,최예린,66,평택 기흥구 123-45,010-1644-1412,유튜브 보기
10151,오예은,34,인천 남구 123-45,010-5592-3739,영화감상
10152,한지원,46,고양 북구 123-45,010-2130-4421,카페 투어
10153,박하은,30,전주 서구 123-45,010-1570-9807,게임
10154,장소율,25,창원 유성구 123-45,010-4991-6582,영화감상
10155,최지원,69,김해 일산동구 123-45,010-1739-7350,음악감상
10156,최소율,54,수원 송파구 123-45,010-1010-7093,드로잉
10157,최하은,23,남양주 진해구 123-45,010-6624-3032,수영
10158,신지후,20,고양 서구 123-45,010-1648-2189,사진촬영
10159,박하은,78,안양 덕진구 123-45,010-8437-9064,뜨개질
10160,윤시우,43,천안 수성구 123-45,010-9453-1463,여행
10161,김도윤,79,울산 강서구 123-45,010-3953-7366,일기 쓰기
10162,김하은,56,울산 유성구 123-45,010-5079-6803,자전거 타기
10163,정민수,35,천안 강서구 123-45,010-4592-2594,유튜브 보기
10164,한하윤,20,용인 중구 123-45,010-1226-6347,일기 쓰기
10165,임태윤,50,김해 성동구 123-45,010-8223-4311,유튜브 보기
10166,조민수,33,남양주 성북구 123-45,010-2660-7415,요리
10167,최지민,22,용인 서구 123-45,010-8555-4772,운동
10168,한지안,26,제주 달서구 123-45,010-3617-4608,사진촬영
10169,강지후,43,청주 서북구 123-45,010-8009-1028,유튜브 보기
10170,김예린,70,부산 중구 123-45,010-5055-2600,요리
10171,임서준,60,전주 서구 123-45,010-5430-4782,여행
10172,이지민,49,용인 장유동 123-45,010-2362-4767,음악감상
10173,조현우,20,부산 송파구 123-45,010-6871-7261,뜨개질
10174,신수빈,33,제주 달서구 123-45,010-9072-5055,등산
10175,신지안,41,세종 흥덕구 123-45,010-5001-5232,웹서핑
10176,조소율,33,울산 분당구 123-45,010-2110-8232,운동
10177,신도윤,59,포항 신제주 123-45,010-5353-1177,사진촬영
10178,오지후,64,김해 동구 123-45,010-2736-5596,유튜브 보기
10179,임지원,68,안양 동구 123-45,010-2500-5546,유튜브 보기
10180,이시우,22,서울 송파구 123-45,010-7027-4227,보드게임
10181,장유진,33,세종 서북구 123-45,010-8143-5994,보드게임
10182,강소율,24,울산 중구 123-45,010-3821-9158,요리
10183,김지후,23,서울 수성구 123-45,010-4911-7035,등산
10184,임지안,59,성남 송파구 123-45,010-6730-7631,보드게임
10185,정건우,70,수원 일산동구 123-45,010-7217-1814,보드게임
10186,김은우,29,전주 덕진구 123-45,010-9784-2031,일기 쓰기
10187,조수빈,32,창원 해운대구 123-45,010-2130-1364,카페 투어
10188,정유진,25,용인 송파구 123-45,010-6516-5678,카페 투어
10189,이하윤,22,대구 장유동 123-45,010-4463-9166,자전거 타기
10190,임지안,46,대구 성동구 123-45,010-9298-5157,보드게임
10191,서도윤,76,화성 달서구 123-45,010-1573-3317,유튜브 보기
10192,임도윤,64,용인 성북구 123-45,010-8663-2950,여행
10193,신지민,48,대전 북구 123-45,010-1985-6858,웹서핑
10194,조민수,37,부산 팔달구 123-45,010-3481-9297,수영
10195,윤소율,31,고양 북구 123-45,010-5800-8334,운동
10196,장예린,52,인천 서북구 123-45,010-3437-8456,보드게임
10197,강지후,33,평택 장유동 123-45,010-7871-1890,자전거 타기
10198,정지민,52,안산 기흥구 123-45,010-5207-3867,웹서핑
10199,정지원,29,김해 신제주 123-45,010-2124-2903,게임
10200,신하은,45,대구 강남구 123-45,010-9012-7484,등산
10201,한도윤,66,서울 일산동구 123-45,010-6658-1309,게임
10202,김하윤,56,고양 덕진구 123-45,010-1258-4635,수영
10203,조하윤,45,세종 북구 123-45,010-8303-4935,웹서핑
10204,오서연,62,창원 동구 123-45,010-4550-1281,운동
10205,최서연,60,포항 일산동구 123-45,010-4328-7589,뜨개질
10206,최소율,21,평택 송파구 123-45,010-2404-8720,영화감상
10207,오소율,73,평택 성동구 123-45,010-3082-7927,운동
10208,한지원,29,울산 장유동 123-45,010-2193-3377,사진촬영
10209,이지원,78,서울 동구 123-45,010-3851-4552,음악감상
10210,이지안,39,전주 수성구 123-45,010-7395-2900,수영
10211,신은우,51,평택 기흥구 123-45,010-4654-4031,유튜브 보기
10212,조은우,56,안산 달서구 123-45,010-2767-1490,운동
10213,강태윤,23,성남 흥덕구 123-45,010-5873-5607,독서
10214,오지안,77,화성 덕양구 123-45,010-6897-3533,등산
10215,조도윤,20,창원 분당구 123-45,010-1889-9215,보드게임
10216,김은우,56,포항 흥덕구 123-45,010-4079-7157,유튜브 보기
10217,윤시우,46,천안 진해구 123-45,010-4796-1586,유튜브 보기
10218,조은우,36,부산 신제주 123-45,010-3325-5100,독서
10219,정건우,71,안산 달서구 123-45,010-4413-2103,게임
10220,정하윤,60,용인 분당구 123-45,010-4849-6802,유튜브 보기
10221,박서준,24,대구 기흥구 123-45,010-1698-7136,카페 투어
10222,한예은,29,세종 남구 123-45,010-5775-9737,뜨개질
10223,박건우,46,인천 동구 123-45,010-1529-5671,영화감상
10224,신지원,58,화성 남구 123-45,010-3317-6737,뜨개질
10225,오서연,37,서울 북구 123-45,010-3645-8563,웹서핑
10226,윤지원,45,서울 팔달구 123-45,010-5559-1627,영화감상
10227,조예은,31,부산 달서구 123-45,010-3292-3014,자전거 타기
10228,최현우,68,창원 덕진구 123-45,010-4403-4321,음악감상
10229,서지후,61,세종 신제주 123-45,010-9612-9521,사진촬영
10230,조시우,59,남양주 중구 123-45,010-5741-5380,운동
10231,오서준,56,안양 해운대구 123-45,010-8440-3581,사진촬영
10232,한지원,59,김해 장유동 123-45,010-1011-3876,사진촬영
10233,오현우,20,창원 흥덕구 123-45,010-5863-7251,자전거 타기
10234,임지원,58,천안 일산동구 123-45,010-1297-8954,뜨개질
10235,강민수,67,안양 서구 123-45,010-1156-6476,운동
10236,서민수,31,평택 덕진구 123-45,010-4957-4000,드로잉
10237,이시우,49,성남 성동구 123-45,010-9805-9185,독서
10238,이수빈,29,고양 동구 123-45,010-2187-8662,요리
10239,조지원,28,부산 팔달구 123-45,010-4376-4387,웹서핑
10240,강은우,44,성남 팔달구 123-45,010-6345-4486,자전거 타기
10241,신지원,69,남양주 성북구 123-45,010-8832-8034,음악감상
10242,강서준,61,세종 덕진구 123-45,010-9587-2704,게임
10243,정유진,41,안양 성동구 123-45,010-5948-4121,여행
10244,김예은,26,평택 유성구 123-45,010-2655-1942,운동
10245,오하윤,52,부산 서구 123-45,010-5319-6704,여행
10246,김지원,70,부산 중구 123-45,010-7586-3400,운동
10247,정서연,41,광주 흥덕구 123-45,010-2240-8608,드로잉
10248,이하은,60,수원 남구 123-45,010-5656-7095,웹서핑
10249,한소율,78,포항 송파구 123-45,010-2554-1681,유튜브 보기
10250,장건우,56,제주 송파구 123-45,010-3558-7653,사진촬영
10251,김유진,39,대구 흥덕구 123-45,010-2764-4662,사진촬영
10252,김서연,55,화성 남구 123-45,010-4258-2330,드로잉
10253,김지민,39,울산 수성구 123-45,010-6578-6806,영화감상
10254,장민수,43,창원 서북구 123-45,010-5792-5256,일기 쓰기
10255,서지후,20,남양주 분당구 123-45,010-4320-8684,일기 쓰기
10256,조하은,23,광주 남구 123-45,010-8126-5384,수영
10257,신지후,63,세종 일산동구 123-45,010-5645-1807,일기 쓰기
10258,오태윤,46,광주 달서구 123-45,010-4793-5889,요리
10259,서지원,44,천안 흥덕구 123-45,010-2084-2962,드로잉
10260,정태윤,76,수원 팔달구 123-45,010-3373-3807,보드게임
10261,조서준,73,서울 성북구 123-45,010-6924-4300,여행
10262,윤지원,71,용인 해운대구 123-45,010-3511-3816,유튜브 보기
10263,김민수,43,대구 덕진구 123-45,010-8753-1903,독서
10264,신도윤,26,청주 서구 123-45,010-9093-4344,음악감상
10265,김지민,42,안산 덕진구 123-45,010-2335-1716,독서
10266,오소율,76,전주 강서구 123-45,010-4420-7421,유튜브 보기
10267,장현우,72,대전 남구 123-45,010-4469-1269,드로잉
10268,서수빈,24,서울 분당구 123-45,010-9296-1554,일기 쓰기
10269,박하은,70,서울 서북구 123-45,010-2015-1377,요리
10270,오유진,73,용인 진해구 123-45,010-5135-5744,게임
10271,신하은,52,천안 강서구 123-45,010-8825-1938,운동
10272,서서준,60,대구 덕진구 123-45,010-8741-9887,운동
10273,서서연,41,대전 해운대구 123-45,010-4778-9257,유튜브 보기
10274,장지원,72,대전 달서구 123-45,010-6023-5872,사진촬영
10275,한하은,48,평택 동구 123-45,010-5630-9911,드로잉
10276,조은우,52,안양 동구 123-45,010-3404-3909,등산
10277,한은우,26,광주 송파구 123-45,010-6426-4381,사진촬영
10278,강예린,20,부산 북구 123-45,010-8366-3854,독서
10279,임지원,34,천안 기흥구 123-45,010-2675-6076,웹서핑
10280,한유진,29,대전 달서구 123-45,010-8172-8309,운동
10281,최민수,63,천안 강서구 123-45,010-6205-6197,여행
10282,김도윤,52,김해 성북구 123-45,010-9731-2250,게임
10283,최지원,62,천안 분당구 123-45,010-2199-4137,웹서핑
10284,윤예린,26,전주 유성구 123-45,010-4687-5359,자전거 타기
10285,서예은,38,전주 북구 123-45,010-6813-6504,음악감상
10286,김지후,37,광주 분당구 123-45,010-2830-1580,웹서핑
10287,박유진,66,성남 신제주 123-45,010-7356-9989,음악감상
10288,임서준,45,화성 성동구 123-45,010-1804-2987,음악감상
10289,오지안,72,김해 분당구 123-45,010-1465-5456,음악감상
10290,장은우,47,안산 성동구 123-45,010-4359-2412,사진촬영
10291,박민수,24,남양주 북구 123-45,010-5353-5809,게임
10292,박지민,32,남양주 유성구 123-45,010-6059-5240,카페 투어
10293,박소율,33,화성 진해구 123-45,010-5520-8323,사진촬영
10294,장현우,42,남양주 분당구 123-45,010-4230-9737,등산
10295,최지후,21,천안 흥덕구 123-45,010-3005-1965,음악감상
10296,신서연,21,안산 남구 123-45,010-2972-3983,여행
10297,한은우,28,안산 덕진구 123-45,010-4324-4266,독서
10298,박하윤,65,대구 강남구 123-45,010-1571-4132,게임
10299,정하은,78,성남 분당구 123-45,010-9186-5641,게임
10300,김예은,74,김해 진해구 123-45,010-5279-4505,뜨개질
10301,김태윤,71,성남 덕진구 123-45,010-7204-3029,뜨개질
10302,최유진,58,성남 일산동구 123-45,010-7958-1525,요리
10303,조소율,32,청주 덕양구 123-45,010-4143-4677,보드게임
10304,서현우,67,화성 수성구 123-45,010-8628-5676,등산
10305,김도윤,68,성남 남구 123-45,010-6400-9779,독서
10306,정민수,43,울산 장유동 123-45,010-2415-1732,웹서핑
10307,최건우,34,광주 신제주 123-45,010-9412-4265,카페 투어
10308,이예린,38,인천 덕양구 123-45,010-4956-8256,사진촬영
10309,임도윤,72,안양 강서구 123-45,010-2672-5966,음악감상
10310,신수빈,45,대전 흥덕구 123-45,010-5951-3225,영화감상
10311,장민수,30,부산 흥덕구 123-45,010-2441-3180,영화감상
10312,정건우,29,울산 성북구 123-45,010-5109-3359,게임
10313,윤도윤,23,울산 서구 123-45,010-6692-6996,수영
10314,오현우,24,수원 일산동구 123-45,010-3788-4523,사진촬영
10315,오하윤,30,광주 남구 123-45,010-5894-1391,운동
10316,신수빈,58,평택 장유동 123-45,010-5384-5215,유튜브 보기
10317,강태윤,20,인천 분당구 123-45,010-4884-1326,게임
10318,정하윤,35,천안 달서구 123-45,010-2599-6036,카페 투어
10319,김지민,20,광주 달서구 123-45,010-6651-2146,보드게임
10320,한서준,79,청주 강남구 123-45,010-4830-6177,뜨개질
10321,박예은,37,서울 강남구 123-45,010-5816-3068,등산
10322,박시우,64,전주 달서구 123-45,010-3505-6826,게임
10323,임수빈,49,부산 덕진구 123-45,010-6577-4117,영화감상
10324,임태윤,20,전주 진해구 123-45,010-9173-3717,드로잉
10325,윤수빈,24,세종 기흥구 123-45,010-2113-7686,음악감상
10326,조유진,49,인천 서구 123-45,010-1376-2774,유튜브 보기
10327,정지안,60,인천 남구 123-45,010-8446-2096,웹서핑
10328,서지후,59,세종 강서구 123-45,010-3127-3659,음악감상
10329,최서연,62,세종 팔달구 123-45,010-2773-6763,음악감상
10330,임시우,51,대구 일산동구 123-45,010-4230-6415,음악감상
10331,윤하윤,47,인천 중구 123-45,010-8787-2458,보드게임
10332,신건우,51,세종 장유동 123-45,010-1851-4715,자전거 타기
10333,한수빈,67,서울 성북구 123-45,010-7317-9237,사진촬영
10334,최수빈,50,천안 장유동 123-45,010-7370-5871,자전거 타기
10335,신지원,44,서울 서구 123-45,010-7577-4468,영화감상
10336,박시우,31,전주 성동구 123-45,010-2720-1716,음악감상
10337,한건우,55,안산 성북구 123-45,010-7178-4698,자전거 타기
10338,윤시우,26,안산 성동구 123-45,010-1243-9148,뜨개질
10339,김예린,68,평택 중구 123-45,010-5006-3510,영화감상
10340,박태윤,52,남양주 송파구 123-45,010-6560-1080,운동
10341,서소율,26,세종 북구 123-45,010-5538-3323,사진촬영
10342,정민수,58,천안 서구 123-45,010-2819-2375,카페 투어
10343,윤지안,31,평택 남구 123-45,010-1484-6552,드로잉
10344,윤서준,78,안양 신제주 123-45,010-5410-2109,일기 쓰기
10345,장예린,35,광주 서북구 123-45,010-9031-2408,뜨개질
10346,조민수,56,평택 송파구 123-45,010-2977-7032,운동
10347,김예은,25,포항 덕진구 123-45,010-7329-6986,요리
10348,신서준,29,고양 중구 123-45,010-6294-5996,카페 투어
10349,이도윤,63,인천 덕양구 123-45,010-3968-4368,일기 쓰기
10350,정지후,54,성남 해운대구 123-45,010-7581-4719,사진촬영
10351,박현우,70,부산 중구 123-45,010-2151-4020,사진촬영
10352,한지후,72,울산 유성구 123-45,010-4916-7516,여행
10353,박민수,78,안산 장유동 123-45,010-3180-4509,드로잉
10354,조수빈,61,울산 유성구 123-45,010-4711-2692,게임
10355,윤예린,65,고양 성북구 123-45,010-2469-7749,등산
10356,장서준,41,성남 북구 123-45,010-6196-3335,등산
10357,오하은,40,광주 남구 123-45,010-8181-6485,요리
10358,박예은,40,광주 분당구 123-45,010-3895-2486,유튜브 보기
10359,윤지원,63,전주 덕양구 123-45,010-7018-3158,자전거 타기
10360,임지후,38,울산 흥덕구 123-45,010-3038-1699,운동
10361,정지안,77,제주 북구 123-45,010-9162-7537,영화감상
10362,임지민,41,제주 분당구 123-45,010-9109-9367,유튜브 보기
10363,윤하윤,48,서울 덕양구 123-45,010-5752-8047,음악감상
10364,오수빈,48,창원 신제주 123-45,010-4026-6281,운동
10365,정현우,76,평택 북구 123-45,010-4835-6097,드로잉
10366,강지민,58,청주 장유동 123-45,010-5849-8109,등산
10367,윤하은,52,제주 유성구 123-45,010-6838-8640,일기 쓰기
10368,박유진,26,안산 강서구 123-45,010-5728-5337,음악감상
10369,윤건우,62,창원 강남구 123-45,010-3824-3876,보드게임
10370,신도윤,61,대전 북구 123-45,010-4987-2680,자전거 타기
10371,강지안,55,안양 기흥구 123-45,010-3892-5976,뜨개질
10372,오도윤,58,광주 달서구 123-45,010-4928-7707,운동
10373,장예은,31,전주 분당구 123-45,010-2737-3780,카페 투어
10374,조도윤,68,김해 달서구 123-45,010-7916-8634,영화감상
10375,정현우,52,울산 장유동 123-45,010-5514-5521,자전거 타기
10376,한건우,78,천안 서구 123-45,010-5090-5423,독서
10377,신지민,39,울산 성북구 123-45,010-7398-5527,드로잉
10378,김하은,35,수원 팔달구 123-45,010-7242-1642,여행
10379,박민수,65,전주 해운대구 123-45,010-5752-3785,보드게임
10380,정하은,24,대전 흥덕구 123-45,010-9895-8564,웹서핑
10381,최민수,70,포항 성북구 123-45,010-9079-1726,영화감상
10382,한하윤,32,안산 일산동구 123-45,010-5486-7495,음악감상
10383,강서연,60,안산 강남구 123-45,010-5335-4937,요리
10384,장서연,42,안양 강서구 123-45,010-7773-7867,카페 투어
10385,정예은,31,김해 서북구 123-45,010-5036-4873,자전거 타기
10386,조민수,38,김해 덕진구 123-45,010-7921-3106,수영
10387,정시우,46,남양주 해운대구 123-45,010-4509-2801,수영
10388,박건우,65,안산 수성구 123-45,010-2838-8188,요리
10389,서민수,60,천안 기흥구 123-45,010-2437-3048,보드게임
10390,오지원,40,성남 성북구 123-45,010-5265-6507,드로잉
10391,박유진,22,광주 수성구 123-45,010-1203-3480,여행
10392,장시우,24,부산 성동구 123-45,010-2648-7967,운동
10393,최서준,51,대구 서북구 123-45,010-2203-7450,요리
10394,정태윤,51,제주 진해구 123-45,010-9688-8082,여행
10395,박지원,38,고양 일산동구 123-45,010-5793-5272,음악감상
10396,임지후,73,전주 덕진구 123-45,010-2749-4300,영화감상
10397,서지원,53,김해 중구 123-45,010-5468-4169,자전거 타기
10398,서소율,55,포항 덕진구 123-45,010-3341-9102,사진촬영
10399,조지후,64,인천 남구 123-45,010-1872-3287,여행
10400,박현우,70,용인 수성구 123-45,010-2132-5866,유튜브 보기
10401,조서연,61,서울 성동구 123-45,010-5282-5643,운동
10402,김유진,79,평택 진해구 123-45,010-4591-1193,게임
10403,조건우,61,성남 송파구 123-45,010-2782-9294,자전거 타기
10404,최도윤,72,포항 성북구 123-45,010-5772-5234,운동
10405,오지안,29,김해 팔달구 123-45,010-8979-5665,뜨개질
10406,서예린,29,김해 팔달구 123-45,010-2488-8097,게임
10407,임수빈,57,포항 강서구 123-45,010-4781-7413,일기 쓰기
10408,임하은,31,대구 송파구 123-45,010-1559-9092,사진촬영
10409,서민수,67,청주 팔달구 123-45,010-1041-2451,음악감상
10410,윤서준,47,용인 동구 123-45,010-4295-4679,게임
10411,이예은,36,부산 덕양구 123-45,010-4339-8116,보드게임
10412,강지원,51,청주 장유동 123-45,010-9668-5480,일기 쓰기
10413,임하은,48,포항 동구 123-45,010-2162-6496,여행
10414,김예은,62,수원 신제주 123-45,010-2028-6923,카페 투어
10415,박태윤,66,창원 서구 123-45,010-3914-5762,운동
10416,김지안,71,전주 서구 123-45,010-3651-5558,드로잉
10417,정지안,40,청주 서북구 123-45,010-5560-8258,보드게임
10418,임현우,78,서울 수성구 123-45,010-6615-3164,독서
10419,장태윤,50,대전 분당구 123-45,010-6177-8832,운동
10420,조예은,33,포항 송파구 123-45,010-4812-7606,등산
10421,윤서연,23,대구 덕진구 123-45,010-8594-7239,웹서핑
10422,김하은,55,청주 중구 123-45,010-2200-7396,사진촬영
10423,윤도윤,37,제주 북구 123-45,010-5712-7158,사진촬영
10424,신지후,43,서울 동구 123-45,010-4439-2791,일기 쓰기
10425,윤은우,45,대구 중구 123-45,010-5608-1600,사진촬영
10426,장시우,45,용인 남구 123-45,010-2679-6657,카페 투어
10427,한도윤,23,울산 덕진구 123-45,010-5622-4692,드로잉
10428,정도윤,30,서울 기흥구 123-45,010-3732-6098,등산
10429,오지민,65,용인 덕진구 123-45,010-5929-1085,보드게임
10430,정서준,31,전주 수성구 123-45,010-4860-7180,수영
10431,오도윤,36,성남 일산동구 123-45,010-9925-1506,요리
10432,윤시우,58,포항 서구 123-45,010-6643-4167,수영
10433,조하윤,53,천안 분당구 123-45,010-7567-5093,사진촬영
10434,서예은,54,안양 중구 123-45,010-2535-8781,자전거 타기
10435,신시우,44,안양 신제주 123-45,010-7388-6024,자전거 타기
10436,강서연,34,천안 신제주 123-45,010-5805-3526,카페 투어
10437,박은우,51,부산 남구 123-45,010-8745-6610,수영
10438,임소율,78,남양주 달서구 123-45,010-4480-4859,보드게임
10439,강소율,54,인천 기흥구 123-45,010-2459-4093,사진촬영
10440,정예은,20,인천 장유동 123-45,010-5600-1750,드로잉
10441,한서연,67,대전 달서구 123-45,010-7903-9506,일기 쓰기
10442,오서준,47,고양 남구 123-45,010-2384-8008,요리
10443,임하은,75,창원 서구 123-45,010-2339-2842,수영
10444,박은우,74,서울 분당구 123-45,010-5557-6609,뜨개질
10445,윤서준,75,용인 달서구 123-45,010-3698-4774,자전거 타기
10446,서민수,33,부산 송파구 123-45,010-8685-3866,요리
10447,박예린,36,평택 흥덕구 123-45,010-9370-1591,등산
10448,강하윤,49,안양 진해구 123-45,010-4725-4685,보드게임
10449,이은우,54,용인 기흥구 123-45,010-4000-3990,요리
10450,강도윤,79,안양 서구 123-45,010-6505-3730,뜨개질
10451,조하은,42,고양 강남구 123-45,010-1649-5476,독서
10452,강하은,37,수원 달서구 123-45,010-5598-2451,웹서핑
10453,김도윤,67,광주 덕양구 123-45,010-2130-8386,음악감상
10454,임서준,50,성남 성북구 123-45,010-6178-9248,게임
10455,김은우,48,대전 덕진구 123-45,010-5024-9289,자전거 타기
10456,장지민,41,안산 유성구 123-45,010-5122-2499,카페 투어
10457,한태윤,23,전주 팔달구 123-45,010-9624-9545,영화감상
10458,임현우,23,청주 수성구 123-45,010-2794-5956,유튜브 보기
10459,윤건우,29,포항 달서구 123-45,010-1952-7173,뜨개질
10460,한하은,39,대전 서북구 123-45,010-9455-6772,등산
10461,신현우,78,고양 남구 123-45,010-5467-4173,보드게임
10462,김지민,27,김해 장유동 123-45,010-4583-3205,웹서핑
10463,이하은,36,울산 기흥구 123-45,010-3943-1625,웹서핑
10464,조서준,57,제주 팔달구 123-45,010-6975-4336,일기 쓰기
10465,임하은,52,화성 송파구 123-45,010-4857-6324,유튜브 보기
10466,서하윤,53,김해 달서구 123-45,010-1299-5773,유튜브 보기
10467,박수빈,78,대구 달서구 123-45,010-2190-6029,독서
10468,박현우,36,창원 장유동 123-45,010-4273-4141,카페 투어
10469,이서연,36,청주 덕진구 123-45,010-1980-4943,독서
10470,김하은,52,안양 수성구 123-45,010-7373-8786,게임
10471,신지민,59,안양 북구 123-45,010-3566-2889,수영
10472,오지안,60,서울 일산동구 123-45,010-5621-5492,보드게임
10473,최지원,48,용인 서북구 123-45,010-3466-6326,사진촬영
10474,김지후,43,인천 송파구 123-45,010-1453-9957,영화감상
10475,김은우,27,인천 기흥구 123-45,010-8694-4293,보드게임
10476,이지민,49,세종 유성구 123-45,010-9042-7045,웹서핑
10477,한지민,38,광주 유성구 123-45,010-1397-3888,여행
10478,박지후,79,화성 성북구 123-45,010-4171-2422,보드게임
10479,박수빈,46,제주 팔달구 123-45,010-3645-2985,수영
10480,장소율,42,전주 덕진구 123-45,010-1242-6112,일기 쓰기
10481,조민수,79,울산 해운대구 123-45,010-2836-1935,사진촬영
10482,장서연,48,용인 서북구 123-45,010-4303-3132,음악감상
10483,오수빈,31,김해 북구 123-45,010-4941-9060,게임
10484,장지후,69,천안 일산동구 123-45,010-1908-5820,등산
10485,임도윤,27,김해 팔달구 123-45,010-3526-7353,웹서핑
10486,장지후,34,청주 일산동구 123-45,010-4913-3929,수영
10487,조현우,79,창원 성북구 123-45,010-8085-4967,요리
10488,조서준,44,평택 남구 123-45,010-7176-4723,음악감상
10489,조소율,53,남양주 성동구 123-45,010-8429-1919,드로잉
10490,서도윤,68,창원 해운대구 123-45,010-6745-1771,운동
10491,신건우,70,안양 수성구 123-45,010-3029-7810,등산
10492,박시우,64,포항 팔달구 123-45,010-4399-1419,수영
10493,임지후,39,인천 일산동구 123-45,010-7256-8529,보드게임
10494,한유진,36,세종 흥덕구 123-45,010-1759-4507,자전거 타기
10495,임은우,28,남양주 기흥구 123-45,010-1173-4509,유튜브 보기
10496,임하윤,25,안산 서북구 123-45,010-5607-1469,사진촬영
10497,한하윤,31,인천 유성구 123-45,010-5399-4430,영화감상
10498,신서준,32,대구 중구 123-45,010-6595-2033,웹서핑
10499,한지안,53,광주 송파구 123-45,010-1901-4407,음악감상
10500,최현우,26,전주 신제주 123-45,010-1121-4713,카페 투어
10501,오서준,62,안산 해운대구 123-45,010-2698-7992,카페 투어
10502,오태윤,77,창원 강남구 123-45,010-4645-3437,자전거 타기
10503,김지후,20,서울 장유동 123-45,010-8045-4666,드로잉
10504,장서준,49,고양 강서구 123-45,010-6637-9646,영화감상
10505,한예린,40,천안 강남구 123-45,010-8209-6701,드로잉
10506,박예린,51,대구 달서구 123-45,010-9750-2390,영화감상
10507,박태윤,70,성남 장유동 123-45,010-4653-4332,유튜브 보기
10508,오지민,36,용인 덕양구 123-45,010-4604-1886,보드게임
10509,박예린,29,서울 서구 123-45,010-6740-7934,게임
10510,한태윤,37,울산 해운대구 123-45,010-3196-9917,등산
10511,장유진,59,창원 강남구 123-45,010-3989-7574,카페 투어
10512,서시우,24,청주 달서구 123-45,010-7916-2399,운동
10513,신예은,28,안양 분당구 123-45,010-2011-3651,일기 쓰기
10514,신예은,69,화성 송파구 123-45,010-8257-5467,일기 쓰기
10515,서지후,39,천안 기흥구 123-45,010-3765-5680,요리
10516,조민수,49,천안 서북구 123-45,010-5223-7042,사진촬영
10517,오지후,46,대구 수성구 123-45,010-3727-5700,자전거 타기
10518,이도윤,73,성남 서구 123-45,010-9883-7765,게임
10519,김은우,78,화성 덕양구 123-45,010-5141-7289,게임
10520,이서준,50,천안 서북구 123-45,010-7315-2023,등산
10521,장예은,31,김해 서북구 123-45,010-1270-4048,사진촬영
10522,박유진,70,수원 강서구 123-45,010-4780-6502,게임
10523,장태윤,44,대전 기흥구 123-45,010-8798-1699,요리
10524,조도윤,53,안양 수성구 123-45,010-6506-8901,웹서핑
10525,임수빈,31,평택 중구 123-45,010-7313-3481,음악감상
10526,서지민,28,평택 수성구 123-45,010-5330-9413,등산
10527,최건우,28,부산 진해구 123-45,010-1558-5252,드로잉
10528,임태윤,44,안산 덕양구 123-45,010-5018-2894,음악감상
10529,한지안,42,용인 장유동 123-45,010-9137-6741,게임
10530,오지원,59,서울 덕진구 123-45,010-6135-4889,영화감상
10531,윤도윤,59,대구 남구 123-45,010-3231-8485,운동
10532,강하윤,20,부산 성북구 123-45,010-2061-6800,게임
10533,한지후,40,화성 달서구 123-45,010-5076-1853,유튜브 보기
10534,서시우,50,수원 신제주 123-45,010-5242-7675,수영
10535,김지후,29,부산 남구 123-45,010-3607-1982,등산
10536,김건우,53,전주 팔달구 123-45,010-2826-9308,영화감상
10537,장유진,44,용인 강서구 123-45,010-9844-5033,카페 투어
10538,오서연,27,광주 성북구 123-45,010-3451-4867,운동
10539,오지민,58,천안 유성구 123-45,010-4928-4519,운동
10540,신민수,67,용인 달서구 123-45,010-1185-7458,운동
10541,장도윤,55,창원 신제주 123-45,010-1672-8776,여행
10542,최지민,36,용인 덕양구 123-45,010-8242-9217,카페 투어
10543,박지안,77,화성 덕양구 123-45,010-1344-7919,자전거 타기
10544,윤예린,54,포항 덕양구 123-45,010-9226-3410,등산
10545,한하윤,29,포항 분당구 123-45,010-4007-6772,수영
10546,임예은,30,화성 진해구 123-45,010-9311-9061,여행
10547,한도윤,68,천안 수성구 123-45,010-1297-2663,보드게임
10548,서서연,29,평택 동구 123-45,010-6485-1211,일기 쓰기
10549,정은우,66,제주 진해구 123-45,010-5211-1059,요리
10550,김현우,20,청주 성동구 123-45,010-8802-3622,수영
10551,박소율,69,창원 성북구 123-45,010-1906-2352,카페 투어
10552,강지안,25,광주 달서구 123-45,010-2250-7494,사진촬영
10553,서지원,34,부산 유성구 123-45,010-8627-5262,수영
10554,임현우,52,대전 일산동구 123-45,010-5843-3709,운동
10555,김태윤,69,성남 덕양구 123-45,010-3739-5167,자전거 타기
10556,최하윤,38,울산 기흥구 123-45,010-3489-3780,카페 투어
10557,한도윤,56,청주 장유동 123-45,010-8815-4661,자전거 타기
10558,정서준,20,부산 장유동 123-45,010-8778-6554,자전거 타기
10559,임지안,52,수원 신제주 123-45,010-7580-2183,자전거 타기
10560,최유진,64,세종 달서구 123-45,010-8386-3707,음악감상
10561,김지안,57,수원 중구 123-45,010-6319-5120,사진촬영
10562,서지안,46,부산 북구 123-45,010-5631-6205,게임
10563,최지민,38,청주 진해구 123-45,010-5429-4359,독서
10564,김현우,34,수원 팔달구 123-45,010-6341-2267,영화감상
10565,임하윤,21,대전 중구 123-45,010-2595-2158,음악감상
10566,서유진,56,안양 강남구 123-45,010-2642-1830,일기 쓰기
10567,이은우,26,남양주 송파구 123-45,010-7502-1470,게임
10568,최지민,38,세종 분당구 123-45,010-2435-8574,웹서핑
10569,이지안,76,광주 흥덕구 123-45,010-5083-6112,보드게임
10570,강지원,46,평택 달서구 123-45,010-8804-6020,카페 투어
10571,오도윤,49,청주 유성구 123-45,010-9463-2485,유튜브 보기
10572,정태윤,30,울산 덕양구 123-45,010-1266-6626,보드게임
10573,정도윤,66,광주 서구 123-45,010-3439-4742,일기 쓰기
10574,최건우,38,안양 흥덕구 123-45,010-7019-7649,독서
10575,정도윤,71,포항 송파구 123-45,010-3960-1652,보드게임
10576,조도윤,35,대전 분당구 123-45,010-5115-4240,수영
10577,강은우,30,울산 신제주 123-45,010-5535-9624,유튜브 보기
10578,임소율,66,부산 덕양구 123-45,010-4176-5779,등산
10579,오도윤,28,부산 기흥구 123-45,010-2553-6643,수영
10580,강유진,41,성남 덕양구 123-45,010-4943-1424,음악감상
10581,신유진,50,부산 장유동 123-45,010-4691-3990,게임
10582,김소율,56,김해 분당구 123-45,010-7380-2059,일기 쓰기
10583,이태윤,52,포항 달서구 123-45,010-4091-6482,유튜브 보기
10584,오현우,44,제주 강서구 123-45,010-9229-4002,등산
10585,조지안,76,대전 덕양구 123-45,010-6676-6424,게임
10586,오예은,30,대전 덕양구 123-45,010-3414-3256,요리
10587,조지후,58,안산 강서구 123-45,010-2564-4312,여행
10588,윤서준,71,안양 덕진구 123-45,010-9364-1686,웹서핑
10589,서예은,25,대구 성동구 123-45,010-2008-4629,수영
10590,박유진,73,광주 진해구 123-45,010-5581-6492,등산
10591,최시우,40,청주 진해구 123-45,010-6949-5166,보드게임
10592,임현우,47,포항 신제주 123-45,010-2726-4771,독서
10593,강하은,25,고양 덕양구 123-45,010-5889-3662,웹서핑
10594,한서준,52,울산 신제주 123-45,010-7563-7541,카페 투어
10595,서하윤,64,대구 덕진구 123-45,010-2671-5125,카페 투어
10596,윤하은,76,성남 서구 123-45,010-4906-7443,여행
10597,정예은,39,김해 기흥구 123-45,010-9965-4699,독서
10598,최하은,41,청주 덕진구 123-45,010-8327-4764,유튜브 보기
10599,박도윤,35,울산 서구 123-45,010-4904-1458,등산
10600,박태윤,70,청주 팔달구 123-45,010-7943-2540,사진촬영
10601,강태윤,40,대구 진해구 123-45,010-8638-7572,운동
10602,강지안,66,천안 신제주 123-45,010-4521-7409,일기 쓰기
10603,강유진,69,제주 강남구 123-45,010-8506-8792,보드게임
10604,정지후,61,울산 동구 123-45,010-4095-9951,독서
10605,박현우,77,천안 수성구 123-45,010-2986-8928,여행
10606,조소율,60,고양 기흥구 123-45,010-2008-9308,일기 쓰기
10607,박도윤,41,천안 일산동구 123-45,010-6012-8334,카페 투어
10608,임지안,45,제주 신제주 123-45,010-7065-8987,운동
10609,서소율,56,고양 일산동구 123-45,010-9075-7305,운동
10610,서유진,75,수원 해운대구 123-45,010-1102-8717,요리
10611,최하은,41,서울 덕진구 123-45,010-4245-1179,사진촬영
10612,윤지원,33,제주 강서구 123-45,010-6309-8546,여행
10613,강수빈,73,화성 달서구 123-45,010-4648-3125,웹서핑
10614,이예린,23,안산 성동구 123-45,010-8098-3939,카페 투어
10615,박유진,59,부산 흥덕구 123-45,010-5175-2544,일기 쓰기
10616,장하윤,62,전주 덕양구 123-45,010-4427-4642,게임
10617,강수빈,46,광주 덕양구 123-45,010-9433-2629,등산
10618,정민수,72,고양 서북구 123-45,010-8973-6704,카페 투어
10619,임예린,20,수원 서북구 123-45,010-1985-8997,자전거 타기
10620,김지후,64,대전 중구 123-45,010-9307-4180,보드게임
10621,한서준,65,안양 신제주 123-45,010-1605-7481,수영
10622,서소율,29,안산 팔달구 123-45,010-4685-1090,카페 투어
10623,오도윤,24,안산 북구 123-45,010-5379-6762,일기 쓰기
10624,최건우,55,용인 동구 123-45,010-5982-7648,영화감상
10625,오하윤,28,대전 팔달구 123-45,010-1326-3929,게임
10626,서태윤,35,서울 신제주 123-45,010-5411-6529,운동
10627,장지원,42,청주 유성구 123-45,010-8973-5878,유튜브 보기
10628,김유진,51,부산 중구 123-45,010-9234-5190,자전거 타기
10629,이건우,41,창원 덕진구 123-45,010-8435-7108,여행
10630,정태윤,22,수원 장유동 123-45,010-1007-5807,운동
10631,이건우,64,평택 송파구 123-45,010-9831-6043,카페 투어
10632,윤민수,47,대전 덕양구 123-45,010-4528-4302,요리
10633,이은우,65,광주 수성구 123-45,010-1756-1971,드로잉
10634,신지안,42,인천 남구 123-45,010-2082-9899,요리
10635,장건우,64,울산 수성구 123-45,010-2001-6303,카페 투어
10636,임시우,48,고양 일산동구 123-45,010-3848-6063,영화감상
10637,오하윤,51,김해 수성구 123-45,010-8562-1662,일기 쓰기
10638,윤도윤,51,성남 송파구 123-45,010-7922-6060,웹서핑
10639,한예린,71,울산 강남구 123-45,010-3515-5059,운동
10640,오소율,30,천안 팔달구 123-45,010-8555-6978,유튜브 보기
10641,서건우,61,세종 강서구 123-45,010-2339-3909,게임
10642,서민수,72,안양 중구 123-45,010-5800-7203,웹서핑
10643,장서준,69,광주 강서구 123-45,010-6317-8367,카페 투어
10644,정서준,21,서울 신제주 123-45,010-1527-6135,여행
10645,박하은,25,세종 성동구 123-45,010-1792-3256,게임
10646,강서연,58,부산 서구 123-45,010-1901-4360,자전거 타기
10647,임민수,30,서울 분당구 123-45,010-5104-1098,요리
10648,신하윤,37,김해 흥덕구 123-45,010-5094-1974,자전거 타기
10649,김은우,36,서울 장유동 123-45,010-2073-1207,등산
10650,이도윤,65,대구 유성구 123-45,010-4464-2683,등산
10651,강예린,29,김해 해운대구 123-45,010-1250-8550,일기 쓰기
10652,박하은,25,안산 신제주 123-45,010-5799-6359,등산
10653,박건우,66,대구 서구 123-45,010-4319-5081,영화감상
10654,한지민,77,울산 수성구 123-45,010-8568-6675,독서
10655,임지안,72,세종 강남구 123-45,010-2116-4601,게임
10656,서수빈,43,용인 덕양구 123-45,010-5865-4201,수영
10657,조현우,67,울산 송파구 123-45,010-7344-3551,카페 투어
10658,임지안,78,대전 덕진구 123-45,010-8119-4730,운동
10659,오예린,41,대구 남구 123-45,010-9511-1716,영화감상
10660,서유진,25,용인 진해구 123-45,010-7038-2837,자전거 타기
10661,임수빈,42,인천 팔달구 123-45,010-1182-1945,뜨개질
10662,조예은,75,서울 성북구 123-45,010-4396-5822,뜨개질
10663,김건우,77,안산 흥덕구 123-45,010-7457-1319,보드게임
10664,한예은,44,용인 성동구 123-45,010-6205-3188,음악감상
10665,조소율,45,고양 분당구 123-45,010-5615-4943,음악감상
10666,조소율,42,대전 팔달구 123-45,010-1430-2816,드로잉
10667,조서준,60,고양 강서구 123-45,010-7196-8114,일기 쓰기
10668,오서준,75,고양 강남구 123-45,010-3006-2291,뜨개질
10669,최유진,58,고양 흥덕구 123-45,010-5341-7576,여행
10670,신유진,77,제주 장유동 123-45,010-3471-8464,음악감상
10671,박소율,49,광주 동구 123-45,010-5415-1692,요리
10672,이유진,68,포항 송파구 123-45,010-9529-2309,음악감상
10673,조수빈,54,성남 중구 123-45,010-9039-6766,보드게임
10674,임지안,73,용인 성북구 123-45,010-9214-5333,게임
10675,강시우,70,안양 남구 123-45,010-2249-2070,뜨개질
10676,장태윤,21,청주 강서구 123-45,010-7846-4057,게임
10677,윤하은,49,청주 일산동구 123-45,010-1836-7783,사진촬영
10678,윤민수,50,용인 분당구 123-45,010-2803-7417,일기 쓰기
10679,강지후,49,평택 동구 123-45,010-6356-5545,운동
10680,한태윤,27,김해 강서구 123-45,010-7941-2630,음악감상
10681,최건우,46,수원 덕진구 123-45,010-1846-3020,게임
10682,신서준,43,울산 동구 123-45,010-4598-7522,뜨개질
10683,한예은,43,울산 일산동구 123-45,010-9303-7066,웹서핑
10684,이수빈,38,청주 진해구 123-45,010-4550-9085,보드게임
10685,조시우,51,남양주 흥덕구 123-45,010-6860-4757,카페 투어
10686,윤지민,70,대전 기흥구 123-45,010-1712-6113,등산
10687,이은우,20,울산 강서구 123-45,010-6106-9244,뜨개질
10688,한하윤,42,세종 흥덕구 123-45,010-1625-4294,독서
10689,윤민수,38,용인 흥덕구 123-45,010-2654-6626,뜨개질
10690,최시우,69,화성 진해구 123-45,010-9167-3006,게임
10691,최수빈,67,청주 신제주 123-45,010-3533-5734,일기 쓰기
10692,신서준,75,평택 신제주 123-45,010-4030-4481,독서
10693,김예은,60,평택 성북구 123-45,010-2220-4842,보드게임
10694,한수빈,37,안산 일산동구 123-45,010-6204-6368,웹서핑
10695,신지안,22,제주 분당구 123-45,010-6032-3615,유튜브 보기
10696,윤하은,76,광주 장유동 123-45,010-7150-9061,영화감상
10697,강현우,57,인천 해운대구 123-45,010-7230-5814,일기 쓰기
10698,강유진,30,청주 팔달구 123-45,010-1815-5025,카페 투어
10699,조예은,63,서울 덕양구 123-45,010-6035-3552,영화감상
10700,윤하윤,38,대전 해운대구 123-45,010-4047-2732,사진촬영
10701,최예린,61,남양주 성동구 123-45,010-7340-1230,영화감상
10702,신태윤,51,제주 팔달구 123-45,010-9137-8383,자전거 타기
10703,서수빈,59,남양주 중구 123-45,010-8422-2329,요리
10704,조예은,53,남양주 남구 123-45,010-9234-4844,운동
10705,윤건우,51,고양 덕양구 123-45,010-4654-1970,사진촬영
10706,신서연,34,화성 흥덕구 123-45,010-4824-3971,수영
10707,최지원,58,서울 강남구 123-45,010-3522-1850,등산
10708,오시우,41,남양주 팔달구 123-45,010-7208-9638,일기 쓰기
10709,한현우,33,천안 일산동구 123-45,010-4029-3498,여행
10710,강서준,73,고양 서구 123-45,010-4982-2437,자전거 타기
10711,오하은,72,부산 기흥구 123-45,010-2413-2675,여행
10712,조지원,74,안양 수성구 123-45,010-9679-4938,뜨개질
10713,김민수,33,청주 흥덕구 123-45,010-5463-6398,게임
10714,장지안,73,화성 기흥구 123-45,010-5393-7317,자전거 타기
10715,임은우,76,포항 강서구 123-45,010-4856-8643,드로잉
10716,오지후,43,성남 서구 123-45,010-4809-1687,카페 투어
10717,조현우,36,안산 덕양구 123-45,010-8477-1605,수영
10718,이소율,58,세종 진해구 123-45,010-7827-6730,영화감상
10719,조지원,64,성남 서구 123-45,010-5060-3555,유튜브 보기
10720,박도윤,54,창원 진해구 123-45,010-2205-3719,독서
10721,신민수,33,청주 분당구 123-45,010-4504-5712,드로잉
10722,장서연,32,안양 달서구 123-45,010-2035-5454,자전거 타기
10723,한민수,34,성남 수성구 123-45,010-8983-4028,웹서핑
10724,장서준,45,남양주 분당구 123-45,010-8458-1984,등산
10725,신하윤,42,전주 중구 123-45,010-5726-5127,드로잉
10726,임하은,42,인천 강서구 123-45,010-5681-5079,드로잉
10727,장지안,35,수원 팔달구 123-45,010-5499-4795,카페 투어
10728,한지민,41,부산 장유동 123-45,010-6610-2251,보드게임
10729,최태윤,57,고양 중구 123-45,010-9777-2914,드로잉
10730,윤시우,73,울산 성북구 123-45,010-3180-5854,독서
10731,오민수,30,안산 신제주 123-45,010-9998-5715,독서
10732,강지원,65,광주 신제주 123-45,010-3684-5712,자전거 타기
10733,이은우,59,대전 진해구 123-45,010-8736-1488,일기 쓰기
10734,신유진,42,안양 분당구 123-45,010-3630-4147,운동
10735,박지안,49,인천 신제주 123-45,010-6018-5299,웹서핑
10736,조태윤,63,포항 장유동 123-45,010-7616-3911,요리
10737,임서준,68,안산 서구 123-45,010-9666-5155,뜨개질
10738,윤도윤,23,화성 서구 123-45,010-4110-4677,운동
10739,정하은,34,창원 달서구 123-45,010-6846-5338,영화감상
10740,임지안,45,김해 성북구 123-45,010-7862-5743,영화감상
10741,임지원,52,안산 서북구 123-45,010-2545-6033,유튜브 보기
10742,임예은,24,용인 성동구 123-45,010-1916-2518,요리
10743,김서연,47,안산 서구 123-45,010-4753-2353,운동
10744,임태윤,48,인천 덕양구 123-45,010-3790-7226,독서
10745,임지민,79,인천 강남구 123-45,010-9636-6435,운동
10746,김예은,43,안산 동구 123-45,010-4256-9396,영화감상
10747,최예린,78,청주 흥덕구 123-45,010-5157-8376,드로잉
10748,윤지원,64,안양 진해구 123-45,010-6520-3030,사진촬영
10749,신건우,28,남양주 성동구 123-45,010-3347-8721,수영
10750,오서준,22,전주 분당구 123-45,010-5627-3624,유튜브 보기
10751,신하은,32,고양 유성구 123-45,010-7225-9631,웹서핑
10752,김예린,33,안양 성북구 123-45,010-1084-5876,보드게임
10753,한현우,52,창원 송파구 123-45,010-3838-4907,수영
10754,서서준,26,대전 강남구 123-45,010-4667-1402,카페 투어
10755,장태윤,68,안양 신제주 123-45,010-1341-3925,수영
10756,김서준,63,인천 서북구 123-45,010-2267-5908,웹서핑
10757,박예은,20,대전 해운대구 123-45,010-1949-1128,음악감상
10758,강태윤,39,세종 일산동구 123-45,010-2769-3514,유튜브 보기
10759,오현우,64,안양 유성구 123-45,010-5105-3188,드로잉
10760,정건우,65,성남 기흥구 123-45,010-1299-4853,웹서핑
10761,김예린,53,용인 달서구 123-45,010-3504-9337,요리
10762,신예은,69,청주 일산동구 123-45,010-2237-6167,유튜브 보기
10763,정은우,46,고양 흥덕구 123-45,010-6797-6466,등산
10764,박예린,52,창원 유성구 123-45,010-7629-3097,뜨개질
10765,장도윤,78,평택 일산동구 123-45,010-8775-6678,영화감상
10766,임태윤,64,남양주 서구 123-45,010-1664-2386,음악감상
10767,조태윤,35,청주 수성구 123-45,010-3914-8928,보드게임
10768,강건우,53,남양주 달서구 123-45,010-3922-3606,카페 투어
10769,임지원,62,성남 중구 123-45,010-6018-3111,게임
10770,서은우,55,김해 성동구 123-45,010-3784-5084,웹서핑
10771,서하윤,31,광주 일산동구 123-45,010-5702-1862,유튜브 보기
10772,김시우,49,평택 일산동구 123-45,010-9752-8701,게임
10773,윤도윤,72,광주 덕양구 123-45,010-2401-4716,카페 투어
10774,강건우,48,수원 중구 123-45,010-8319-8522,독서
10775,신서준,50,대구 성북구 123-45,010-7554-2907,음악감상
10776,한시우,43,울산 신제주 123-45,010-4985-1358,영화감상
10777,신지후,73,세종 북구 123-45,010-7845-7229,등산
10778,오유진,45,인천 달서구 123-45,010-6203-5623,뜨개질
10779,장시우,71,안양 성북구 123-45,010-4382-4593,유튜브 보기
10780,강유진,50,부산 진해구 123-45,010-6395-5672,영화감상
10781,오지후,45,용인 팔달구 123-45,010-5484-3201,여행
10782,조수빈,75,부산 흥덕구 123-45,010-6590-9890,영화감상
10783,윤시우,67,대전 수성구 123-45,010-3547-7798,등산
10784,장지안,65,청주 기흥구 123-45,010-3976-3325,사진촬영
10785,서서준,52,김해 남구 123-45,010-3136-1841,카페 투어
10786,강예은,77,대구 동구 123-45,010-7311-3946,요리
10787,최소율,59,평택 신제주 123-45,010-1087-9523,독서
10788,이예린,77,전주 신제주 123-45,010-5935-8115,운동
10789,강건우,45,창원 서구 123-45,010-5599-5941,요리
10790,윤시우,53,포항 흥덕구 123-45,010-3181-2536,사진촬영
10791,정유진,21,안양 남구 123-45,010-4796-2888,음악감상
10792,조지민,54,세종 송파구 123-45,010-5928-8731,유튜브 보기
10793,박지민,78,수원 유성구 123-45,010-3123-7949,여행
10794,김시우,33,포항 해운대구 123-45,010-4002-7524,음악감상
10795,강하은,49,청주 송파구 123-45,010-2144-4133,드로잉
10796,정예린,76,제주 북구 123-45,010-6131-7981,보드게임
10797,장도윤,65,대구 남구 123-45,010-4170-2896,음악감상
10798,신지민,66,평택 팔달구 123-45,010-5717-7894,웹서핑
10799,최도윤,33,대구 신제주 123-45,010-4589-1849,영화감상
10800,강지안,38,제주 팔달구 123-45,010-1327-2257,뜨개질
10801,서서준,39,천안 서구 123-45,010-8422-5704,음악감상
10802,장소율,36,서울 강남구 123-45,010-6326-6750,유튜브 보기
10803,오수빈,55,청주 분당구 123-45,010-3266-4517,등산
10804,임지안,53,전주 북구 123-45,010-6358-4606,웹서핑
10805,한지후,32,김해 유성구 123-45,010-6774-3643,사진촬영
10806,임민수,23,성남 중구 123-45,010-5437-9779,등산
10807,강도윤,45,광주 덕양구 123-45,010-1063-1970,카페 투어
10808,이시우,58,대전 달서구 123-45,010-6744-9429,수영
10809,한지원,31,세종 강남구 123-45,010-5802-3874,여행
10810,강지원,70,포항 해운대구 123-45,010-7946-9094,음악감상
10811,한소율,65,김해 강남구 123-45,010-7547-7157,여행
10812,장예은,31,용인 강서구 123-45,010-6915-1479,등산
10813,오민수,42,울산 성북구 123-45,010-9065-7141,자전거 타기
10814,임유진,59,서울 동구 123-45,010-1661-2623,운동
10815,신건우,59,안양 중구 123-45,010-5504-7921,일기 쓰기
10816,한건우,36,창원 강남구 123-45,010-7592-9162,등산
10817,정서준,47,울산 강남구 123-45,010-8109-7076,등산
10818,임하윤,20,안양 일산동구 123-45,010-9911-4950,사진촬영
10819,오현우,29,청주 기흥구 123-45,010-4933-3685,운동
10820,박시우,59,청주 진해구 123-45,010-1407-6934,웹서핑
10821,오서준,31,세종 북구 123-45,010-4389-2430,보드게임
10822,박민수,30,안산 성북구 123-45,010-6166-6243,뜨개질
10823,윤유진,26,고양 기흥구 123-45,010-3818-4760,여행
10824,한서연,74,서울 분당구 123-45,010-4976-3213,여행
10825,조서준,62,대구 북구 123-45,010-5345-2844,카페 투어
10826,장건우,49,대전 성동구 123-45,010-5883-7557,일기 쓰기
10827,오예은,65,안산 신제주 123-45,010-4288-2811,요리
10828,임소율,39,인천 일산동구 123-45,010-2364-9693,요리
10829,서민수,51,화성 분당구 123-45,010-9634-9006,여행
10830,강도윤,73,인천 기흥구 123-45,010-9271-9302,음악감상
10831,윤시우,59,안산 기흥구 123-45,010-4757-3622,게임
10832,장수빈,28,천안 팔달구 123-45,010-4849-6496,뜨개질
10833,강태윤,32,광주 기흥구 123-45,010-7126-4796,유튜브 보기
10834,장지민,33,안양 분당구 123-45,010-2680-1540,보드게임
10835,조예은,64,창원 덕양구 123-45,010-4554-2633,카페 투어
10836,조건우,37,제주 송파구 123-45,010-9161-3324,유튜브 보기
10837,윤예린,75,평택 달서구 123-45,010-9142-6910,게임
10838,김하윤,34,창원 성북구 123-45,010-2216-1384,웹서핑
10839,최예은,39,인천 서북구 123-45,010-5759-1100,독서
10840,서예린,56,수원 덕진구 123-45,010-9010-2769,게임
10841,최지민,21,평택 중구 123-45,010-9218-3700,게임
10842,한예은,32,수원 서북구 123-45,010-9429-9137,카페 투어
10843,오지민,74,대구 북구 123-45,010-5597-2166,수영
10844,박건우,60,서울 해운대구 123-45,010-1558-9313,자전거 타기
10845,박도윤,42,광주 진해구 123-45,010-4339-9869,수영
10846,신서준,59,인천 서북구 123-45,010-4857-3921,영화감상
10847,윤민수,31,세종 수성구 123-45,010-9810-8328,게임
10848,한예린,24,창원 장유동 123-45,010-5412-9482,게임
10849,조지민,62,화성 강남구 123-45,010-6471-3474,사진촬영
10850,오서준,43,부산 성동구 123-45,010-5947-2742,유튜브 보기
10851,한건우,55,대구 분당구 123-45,010-6359-2739,일기 쓰기
10852,강예은,69,포항 북구 123-45,010-5931-3230,뜨개질
10853,강시우,53,성남 해운대구 123-45,010-4032-3691,웹서핑
10854,이건우,47,인천 일산동구 123-45,010-2666-3962,유튜브 보기
10855,한유진,42,고양 장유동 123-45,010-5349-1364,운동
10856,조하윤,23,대전 흥덕구 123-45,010-4157-4627,카페 투어
10857,김민수,38,창원 강서구 123-45,010-6884-4584,웹서핑
10858,오도윤,57,세종 분당구 123-45,010-3896-7827,등산
10859,신현우,40,화성 강서구 123-45,010-4171-9830,보드게임
10860,최하은,62,안산 일산동구 123-45,010-4577-3330,게임
10861,정유진,30,화성 성북구 123-45,010-9645-5336,수영
10862,정서준,39,수원 송파구 123-45,010-3268-4937,드로잉
10863,최수빈,69,고양 강남구 123-45,010-1128-2880,게임
10864,한은우,45,수원 기흥구 123-45,010-8663-3114,영화감상
10865,정서준,41,전주 해운대구 123-45,010-7842-1949,유튜브 보기
10866,최지안,62,용인 서구 123-45,010-4326-5782,게임
10867,강태윤,72,수원 서구 123-45,010-6278-6073,드로잉
10868,장소율,54,광주 서구 123-45,010-9103-6413,요리
10869,정시우,39,창원 강서구 123-45,010-2986-9613,드로잉
10870,정소율,38,평택 송파구 123-45,010-4366-5432,유튜브 보기
10871,박지안,50,남양주 진해구 123-45,010-6820-4394,수영
10872,이은우,55,세종 덕진구 123-45,010-5265-9241,웹서핑
10873,서시우,76,성남 일산동구 123-45,010-2575-4337,요리
10874,조민수,58,광주 강서구 123-45,010-4132-9849,뜨개질
10875,최유진,55,세종 중구 123-45,010-4242-9179,영화감상
10876,조하윤,49,성남 일산동구 123-45,010-8269-3735,드로잉
10877,서유진,47,울산 북구 123-45,010-6016-3249,영화감상
10878,이서준,75,대구 동구 123-45,010-4584-3111,드로잉
10879,이예린,51,제주 수성구 123-45,010-9944-4116,일기 쓰기
10880,신지안,43,안양 분당구 123-45,010-8915-8383,웹서핑
10881,조유진,45,용인 달서구 123-45,010-9701-1597,수영
10882,한지원,50,성남 달서구 123-45,010-1131-4650,음악감상
10883,한은우,78,광주 송파구 123-45,010-8542-5012,사진촬영
10884,오예은,63,천안 북구 123-45,010-7219-1097,독서
10885,임민수,50,성남 성동구 123-45,010-7006-2284,일기 쓰기
10886,임예린,69,울산 성북구 123-45,010-4163-8788,수영
10887,최시우,79,전주 덕양구 123-45,010-8636-2565,게임
10888,강시우,44,전주 서구 123-45,010-9182-4837,보드게임
10889,김건우,22,부산 팔달구 123-45,010-6987-1799,뜨개질
10890,박민수,73,화성 진해구 123-45,010-6985-9196,수영
10891,강유진,68,대전 해운대구 123-45,010-4274-4821,여행
10892,임도윤,49,전주 덕진구 123-45,010-9482-1986,드로잉
10893,윤지민,33,안산 진해구 123-45,010-9916-8214,여행
10894,장서연,25,고양 동구 123-45,010-2422-4665,여행
10895,신유진,71,대구 진해구 123-45,010-1952-4413,독서
10896,한은우,39,울산 유성구 123-45,010-3017-4513,수영
10897,한서연,22,남양주 흥덕구 123-45,010-7281-7025,일기 쓰기
10898,최하윤,79,세종 해운대구 123-45,010-4744-2340,뜨개질
10899,정지안,37,안양 중구 123-45,010-8382-4165,음악감상
10900,윤서연,66,안양 북구 123-45,010-8665-2506,등산
10901,오수빈,51,김해 강서구 123-45,010-8787-1080,수영
10902,윤예은,41,수원 분당구 123-45,010-2137-8021,독서
10903,윤예린,33,안양 일산동구 123-45,010-9260-3716,유튜브 보기
10904,서유진,69,평택 진해구 123-45,010-6988-9173,등산
10905,강태윤,74,전주 해운대구 123-45,010-9584-1579,웹서핑
10906,한도윤,52,천안 해운대구 123-45,010-3535-3092,등산
10907,박소율,25,수원 팔달구 123-45,010-5963-7828,여행
10908,오소율,66,서울 분당구 123-45,010-2528-6842,카페 투어
10909,박지안,20,광주 남구 123-45,010-1809-3609,보드게임
10910,조지민,72,안양 기흥구 123-45,010-5860-1056,영화감상
10911,조도윤,75,평택 신제주 123-45,010-2617-8379,보드게임
10912,이건우,51,청주 기흥구 123-45,010-9047-6728,독서
10913,이수빈,64,청주 성동구 123-45,010-2279-4843,보드게임
10914,한민수,49,창원 유성구 123-45,010-3711-8307,카페 투어
10915,최서준,68,평택 유성구 123-45,010-7496-8138,카페 투어
10916,장태윤,65,수원 서북구 123-45,010-1984-7864,음악감상
10917,최유진,56,대전 덕양구 123-45,010-1024-4841,요리
10918,한지민,34,울산 동구 123-45,010-7367-3587,일기 쓰기
10919,정예은,40,울산 송파구 123-45,010-1390-3457,웹서핑
10920,오지안,24,안산 서구 123-45,010-4530-7939,뜨개질
10921,윤지후,74,제주 동구 123-45,010-5598-5051,게임
10922,강하은,68,수원 강남구 123-45,010-8630-6761,여행
10923,한태윤,79,창원 진해구 123-45,010-1309-1576,수영
10924,한은우,68,전주 동구 123-45,010-4791-6526,음악감상
10925,이시우,76,인천 수성구 123-45,010-7160-9504,영화감상
10926,박서준,63,대전 덕진구 123-45,010-2747-1045,드로잉
10927,임현우,29,창원 중구 123-45,010-1403-2622,드로잉
10928,정건우,24,수원 장유동 123-45,010-2622-3252,운동
10929,이서준,60,서울 달서구 123-45,010-2157-6122,일기 쓰기
10930,김지원,39,전주 덕양구 123-45,010-3878-7542,유튜브 보기
10931,오수빈,25,광주 달서구 123-45,010-4346-6772,카페 투어
10932,신수빈,30,부산 서북구 123-45,010-4559-2164,뜨개질
10933,오서준,74,화성 달서구 123-45,010-2719-9175,운동
10934,정지원,68,성남 덕양구 123-45,010-4471-7478,요리
10935,한지민,56,화성 장유동 123-45,010-4025-6395,웹서핑
10936,임수빈,48,고양 장유동 123-45,010-1890-6661,운동
10937,최현우,40,전주 신제주 123-45,010-5725-2056,일기 쓰기
10938,박서준,74,고양 송파구 123-45,010-4350-8427,영화감상
10939,박지민,58,천안 남구 123-45,010-4240-5440,등산
10940,이도윤,67,고양 수성구 123-45,010-4815-1496,음악감상
10941,정도윤,36,울산 신제주 123-45,010-6431-6045,영화감상
10942,이하윤,64,인천 신제주 123-45,010-5395-5086,요리
10943,오현우,59,대구 흥덕구 123-45,010-2543-7214,음악감상
10944,윤지후,55,서울 동구 123-45,010-5055-6077,보드게임
10945,조소율,32,고양 북구 123-45,010-2149-9006,뜨개질
10946,김시우,55,고양 기흥구 123-45,010-7862-6271,뜨개질
10947,신민수,35,청주 해운대구 123-45,010-3166-4676,카페 투어
10948,장도윤,23,포항 일산동구 123-45,010-1704-9628,게임
10949,장건우,70,청주 강서구 123-45,010-3335-9690,카페 투어
10950,이하윤,27,평택 북구 123-45,010-5760-4685,수영
10951,조지원,45,인천 일산동구 123-45,010-4093-8137,뜨개질
10952,조지민,33,광주 덕양구 123-45,010-4915-9028,독서
10953,서소율,47,부산 진해구 123-45,010-8429-6202,영화감상
10954,조소율,36,포항 남구 123-45,010-5543-2082,운동
10955,이지민,47,포항 덕진구 123-45,010-9988-3494,게임
10956,강예린,23,부산 서북구 123-45,010-1985-9511,자전거 타기
10957,최지후,38,세종 유성구 123-45,010-3855-4302,보드게임
10958,서태윤,42,전주 서북구 123-45,010-1653-3940,영화감상
10959,임태윤,71,고양 신제주 123-45,010-7731-2299,독서
10960,서지안,26,전주 진해구 123-45,010-4192-3427,자전거 타기
10961,임현우,41,전주 덕진구 123-45,010-3949-6566,유튜브 보기
10962,한지원,72,고양 강남구 123-45,010-9976-7484,사진촬영
10963,이서준,62,창원 장유동 123-45,010-5650-3224,웹서핑
10964,정태윤,74,부산 강서구 123-45,010-8265-9481,등산
10965,한하윤,58,포항 분당구 123-45,010-7799-5226,음악감상
10966,이하윤,67,수원 분당구 123-45,010-8081-4666,요리
10967,신건우,23,천안 유성구 123-45,010-5826-7525,음악감상
10968,오지민,66,청주 기흥구 123-45,010-4685-9033,일기 쓰기
10969,김유진,42,부산 송파구 123-45,010-8942-4098,영화감상
10970,신현우,28,김해 송파구 123-45,010-9057-8718,운동
10971,오수빈,52,화성 중구 123-45,010-8017-6113,등산
10972,강현우,76,포항 분당구 123-45,010-2843-4027,운동
10973,이수빈,45,천안 분당구 123-45,010-4360-5653,보드게임
10974,김현우,60,전주 남구 123-45,010-3135-1296,운동
10975,임시우,79,남양주 서구 123-45,010-6432-4717,독서
10976,윤유진,78,창원 서북구 123-45,010-9114-1526,유튜브 보기
10977,장소율,59,부산 해운대구 123-45,010-2791-5948,운동
10978,이건우,34,울산 유성구 123-45,010-7066-8407,운동
10979,정시우,53,성남 서북구 123-45,010-7032-4490,드로잉
10980,이도윤,21,부산 성북구 123-45,010-3092-1483,영화감상
10981,신소율,55,포항 수성구 123-45,010-8113-6159,사진촬영
10982,장지원,65,평택 성북구 123-45,010-5052-1412,여행
10983,장건우,66,인천 일산동구 123-45,010-4455-5933,음악감상
10984,서도윤,33,평택 서북구 123-45,010-7048-6434,드로잉
10985,조지안,59,세종 팔달구 123-45,010-5728-9350,독서
10986,정서준,68,김해 분당구 123-45,010-9204-7559,드로잉
10987,신태윤,38,평택 북구 123-45,010-5791-3137,등산
10988,김소율,50,김해 흥덕구 123-45,010-1006-2803,요리
10989,임서연,73,제주 덕양구 123-45,010-5714-5704,게임
10990,김유진,36,인천 강서구 123-45,010-4154-2680,카페 투어
10991,임지원,41,포항 중구 123-45,010-2879-1077,사진촬영
10992,최현우,43,수원 성북구 123-45,010-4438-9134,자전거 타기
10993,최예은,42,부산 신제주 123-45,010-9369-9223,독서
10994,정지후,21,김해 성동구 123-45,010-4982-3030,자전거 타기
10995,한예은,34,서울 흥덕구 123-45,010-9006-6616,수영
10996,오은우,50,화성 달서구 123-45,010-4264-7322,웹서핑
10997,조하은,78,안양 성동구 123-45,010-5972-2329,요리
10998,장지민,55,고양 신제주 123-45,010-3216-6915,일기 쓰기
10999,김은우,70,세종 일산동구 123-45,010-4910-2203,독서
11000,강하은,21,광주 유성구 123-45,010-8852-4921,여행
11001,임시우,44,고양 동구 123-45,010-9483-8567,요리
11002,신예은,49,울산 강서구 123-45,010-8600-8061,웹서핑
11003,이현우,21,안산 서북구 123-45,010-1774-8174,운동
11004,서지민,25,서울 팔달구 123-45,010-2322-6297,일기 쓰기
11005,신하은,70,포항 송파구 123-45,010-7077-6529,게임
11006,박민수,25,남양주 송파구 123-45,010-7326-8549,카페 투어
11007,최도윤,31,천안 성동구 123-45,010-4534-4985,운동
11008,신도윤,70,청주 덕진구 123-45,010-8242-2939,뜨개질
11009,서지민,66,화성 북구 123-45,010-9916-8767,게임
11010,이지민,45,창원 성북구 123-45,010-9570-9811,등산
11011,강지민,20,안양 송파구 123-45,010-6806-2675,보드게임
11012,조태윤,59,수원 신제주 123-45,010-2860-5527,카페 투어
11013,박예린,21,포항 해운대구 123-45,010-8839-4112,영화감상
11014,신시우,42,울산 북구 123-45,010-1957-9399,영화감상
11015,신지원,51,창원 서구 123-45,010-2422-9942,요리
11016,윤지민,42,인천 덕진구 123-45,010-1177-4252,음악감상
11017,윤건우,75,수원 서구 123-45,010-6438-9589,웹서핑
11018,박지후,60,제주 덕진구 123-45,010-1557-9984,게임
11019,서지민,69,김해 덕양구 123-45,010-3430-4600,드로잉
11020,임하윤,29,천안 서구 123-45,010-6871-2732,보드게임
11021,오지안,60,인천 진해구 123-45,010-9450-6270,게임
11022,강지원,54,안양 일산동구 123-45,010-6963-7127,요리
11023,이예은,67,수원 덕양구 123-45,010-4094-6282,자전거 타기
11024,임지민,49,전주 동구 123-45,010-2607-6469,사진촬영
11025,박민수,79,서울 신제주 123-45,010-2897-3419,게임
11026,임지후,74,안양 남구 123-45,010-6144-4741,일기 쓰기
11027,정도윤,26,광주 송파구 123-45,010-2126-3044,운동
11028,최지안,70,포항 동구 123-45,010-4730-8784,보드게임
11029,강현우,29,화성 성동구 123-45,010-2948-1348,음악감상
11030,임예린,46,세종 일산동구 123-45,010-4586-6087,자전거 타기
11031,조하은,25,화성 달서구 123-45,010-1223-3525,영화감상
11032,윤현우,56,포항 중구 123-45,010-2102-4885,여행
11033,윤도윤,47,대전 기흥구 123-45,010-7291-8025,드로잉
11034,서하윤,35,울산 기흥구 123-45,010-5459-1552,여행
11035,장민수,35,청주 성북구 123-45,010-5991-3487,보드게임
11036,박예은,74,화성 일산동구 123-45,010-5733-9867,웹서핑
11037,임예은,58,대전 해운대구 123-45,010-5527-3769,수영
11038,박하은,25,서울 성동구 123-45,010-8914-1407,뜨개질
11039,오하윤,43,수원 기흥구 123-45,010-5791-6344,유튜브 보기
11040,이은우,53,남양주 유성구 123-45,010-5614-5412,음악감상
11041,박지민,53,포항 강서구 123-45,010-8006-6789,카페 투어
11042,강지후,60,대전 유성구 123-45,010-9550-3043,자전거 타기
11043,조현우,62,대구 송파구 123-45,010-4968-6561,웹서핑
11044,서건우,41,대구 동구 123-45,010-3488-2086,보드게임
11045,윤지안,59,평택 진해구 123-45,010-4762-7645,뜨개질
11046,장유진,79,울산 덕양구 123-45,010-2185-3205,영화감상
11047,장하은,68,서울 서구 123-45,010-6240-3026,카페 투어
11048,정서연,74,창원 분당구 123-45,010-8477-6578,음악감상
11049,서예린,43,화성 덕진구 123-45,010-7273-5249,카페 투어
11050,윤시우,72,성남 분당구 123-45,010-8850-6989,뜨개질
11051,강지원,37,광주 흥덕구 123-45,010-5385-2979,독서
11052,오태윤,52,청주 남구 123-45,010-4756-1160,드로잉
11053,정하은,22,광주 유성구 123-45,010-8541-3632,여행
11054,서수빈,69,고양 달서구 123-45,010-1025-3379,자전거 타기
11055,임유진,36,전주 강서구 123-45,010-8090-4011,음악감상
11056,조예은,43,서울 북구 123-45,010-1877-8528,음악감상
11057,박예은,48,용인 해운대구 123-45,010-2477-2252,수영
11058,조수빈,75,안산 흥덕구 123-45,010-4406-4479,음악감상
11059,조하윤,39,광주 장유동 123-45,010-5490-8835,웹서핑
11060,장시우,54,인천 중구 123-45,010-5680-6425,영화감상
11061,정도윤,57,안산 동구 123-45,010-1208-3843,유튜브 보기
11062,박도윤,57,김해 장유동 123-45,010-3137-3744,여행
11063,한시우,24,서울 서북구 123-45,010-9475-9820,카페 투어
11064,한민수,58,화성 덕진구 123-45,010-8149-9789,드로잉
11065,정민수,21,청주 유성구 123-45,010-4848-3334,일기 쓰기
11066,이서연,53,성남 덕진구 123-45,010-5346-5519,운동
11067,강현우,48,고양 유성구 123-45,010-2612-5148,음악감상
11068,윤지원,43,수원 남구 123-45,010-4020-6602,영화감상
11069,신수빈,27,세종 남구 123-45,010-7956-1469,카페 투어
11070,정지안,77,제주 해운대구 123-45,010-1377-4500,일기 쓰기
11071,최예린,71,창원 흥덕구 123-45,010-3685-3891,웹서핑
11072,오유진,37,고양 강서구 123-45,010-6245-7273,게임
11073,한유진,36,광주 흥덕구 123-45,010-2772-6648,사진촬영
11074,서건우,79,화성 북구 123-45,010-6254-3735,음악감상
11075,최태윤,25,청주 강서구 123-45,010-1462-2243,드로잉
11076,오민수,51,부산 동구 123-45,010-4921-1025,일기 쓰기
11077,최수빈,40,고양 서북구 123-45,010-8056-6086,보드게임
11078,최민수,37,평택 덕진구 123-45,010-4986-1696,보드게임
11079,신현우,21,천안 동구 123-45,010-3623-1514,음악감상
11080,조지안,79,고양 송파구 123-45,010-1198-8508,자전거 타기
11081,조유진,47,서울 흥덕구 123-45,010-7480-9424,영화감상
11082,신지원,67,수원 달서구 123-45,010-9795-9134,유튜브 보기
11083,오민수,76,안산 성동구 123-45,010-8368-2369,사진촬영
11084,최지원,67,서울 성북구 123-45,010-6141-2184,카페 투어
11085,박수빈,29,창원 성북구 123-45,010-5468-1886,카페 투어
11086,박서연,71,성남 신제주 123-45,010-6818-7763,요리
11087,최유진,42,제주 북구 123-45,010-2577-1592,게임
11088,조도윤,48,전주 서구 123-45,010-7263-4639,여행
11089,박현우,26,고양 남구 123-45,010-7356-9816,웹서핑
11090,서유진,24,포항 남구 123-45,010-5480-6341,운동
11091,신지민,43,서울 북구 123-45,010-6811-3623,음악감상
11092,신하윤,54,광주 송파구 123-45,010-7058-6879,영화감상
11093,조지원,41,청주 성동구 123-45,010-3233-7446,카페 투어
11094,오하윤,37,제주 송파구 123-45,010-1347-6517,일기 쓰기
11095,조수빈,23,울산 덕진구 123-45,010-1916-3950,사진촬영
11096,윤지안,37,고양 북구 123-45,010-2472-8960,등산
11097,조유진,35,수원 분당구 123-45,010-4633-7592,카페 투어
11098,신서준,67,용인 흥덕구 123-45,010-7509-2826,뜨개질
11099,한하윤,78,성남 기흥구 123-45,010-8885-2484,자전거 타기
11100,조지민,76,남양주 성북구 123-45,010-5431-6364,유튜브 보기
11101,박도윤,52,화성 유성구 123-45,010-5309-3725,여행
11102,장민수,78,성남 기흥구 123-45,010-5197-1390,뜨개질
11103,오서연,79,용인 장유동 123-45,010-9695-1723,자전거 타기
11104,강태윤,28,부산 유성구 123-45,010-4313-3617,독서
11105,윤소율,32,청주 남구 123-45,010-5694-4134,뜨개질
11106,한유진,57,광주 중구 123-45,010-5394-1215,요리
11107,김시우,43,성남 동구 123-45,010-4536-2817,자전거 타기
11108,신지안,22,안양 동구 123-45,010-3173-6441,수영
11109,서서연,58,안양 일산동구 123-45,010-8970-3531,뜨개질
11110,한건우,26,고양 흥덕구 123-45,010-7070-3199,보드게임
11111,한하윤,46,대전 유성구 123-45,010-6050-3734,드로잉
11112,박예린,71,울산 성동구 123-45,010-8819-5138,요리
11113,정하은,44,전주 일산동구 123-45,010-3771-8212,독서
11114,장도윤,63,성남 일산동구 123-45,010-4336-5052,카페 투어
11115,오예린,76,울산 송파구 123-45,010-5859-1100,영화감상
11116,한지후,30,제주 남구 123-45,010-4507-7365,독서
11117,박수빈,44,수원 팔달구 123-45,010-9176-2592,카페 투어
11118,박수빈,41,전주 덕진구 123-45,010-8824-6374,영화감상
11119,임하은,32,안양 흥덕구 123-45,010-2269-5658,음악감상
11120,조지원,74,창원 동구 123-45,010-9709-1433,유튜브 보기
11121,강예린,79,안양 유성구 123-45,010-5248-3209,독서
11122,강하은,72,전주 장유동 123-45,010-8614-8655,등산
11123,장예은,40,서울 동구 123-45,010-8567-1199,요리
11124,최지후,34,서울 수성구 123-45,010-2345-8472,일기 쓰기
11125,서예은,56,부산 팔달구 123-45,010-5733-4717,등산
11126,강서준,76,부산 장유동 123-45,010-7466-6965,자전거 타기
11127,박태윤,38,고양 중구 123-45,010-5488-2244,보드게임
11128,박도윤,75,창원 분당구 123-45,010-5551-3264,자전거 타기
11129,이예린,37,창원 흥덕구 123-45,010-3358-1125,요리
11130,한하윤,25,세종 일산동구 123-45,010-6124-4034,보드게임
11131,최하은,27,포항 덕진구 123-45,010-6754-8593,음악감상
11132,서지후,61,세종 신제주 123-45,010-6679-4946,영화감상
11133,한예린,29,수원 장유동 123-45,010-3299-3097,일기 쓰기
11134,장지안,42,수원 흥덕구 123-45,010-2316-1940,수영
11135,오현우,23,안산 해운대구 123-45,010-5764-9702,여행
11136,박예린,60,대전 덕양구 123-45,010-2297-7542,음악감상
11137,임시우,55,김해 달서구 123-45,010-7716-5881,영화감상
11138,신예은,20,천안 송파구 123-45,010-9450-5348,독서
11139,조유진,57,청주 달서구 123-45,010-5134-3378,등산
11140,한현우,52,평택 덕양구 123-45,010-1421-4428,사진촬영
11141,윤수빈,60,용인 진해구 123-45,010-4217-9844,보드게임
11142,조예린,79,천안 팔달구 123-45,010-8383-2809,사진촬영
11143,조지민,31,평택 성북구 123-45,010-4464-7319,카페 투어
11144,신민수,68,포항 진해구 123-45,010-7515-9564,운동
11145,장태윤,40,포항 성동구 123-45,010-5090-5707,영화감상
11146,최지안,75,고양 기흥구 123-45,010-9721-5301,유튜브 보기
11147,한하은,59,남양주 남구 123-45,010-1034-5803,보드게임
11148,박수빈,69,인천 해운대구 123-45,010-5564-5333,게임
11149,장예린,74,안양 덕양구 123-45,010-4143-6614,영화감상
11150,윤서연,32,세종 흥덕구 123-45,010-3753-3310,뜨개질
11151,임하윤,74,울산 송파구 123-45,010-3876-2999,웹서핑
11152,임현우,75,울산 진해구 123-45,010-5926-3704,카페 투어
11153,오현우,52,용인 팔달구 123-45,010-5096-4525,유튜브 보기
11154,강현우,49,부산 북구 123-45,010-4752-6517,게임
11155,김도윤,52,광주 달서구 123-45,010-1703-4963,일기 쓰기
11156,정지민,78,김해 분당구 123-45,010-9483-9533,자전거 타기
11157,이시우,76,인천 유성구 123-45,010-8653-5520,영화감상
11158,신지후,55,포항 덕양구 123-45,010-6668-2722,게임
11159,신지민,25,세종 강서구 123-45,010-4673-5566,운동
11160,신지원,70,용인 성동구 123-45,010-8329-9028,여행
11161,박태윤,51,청주 동구 123-45,010-9967-2799,운동
11162,한시우,62,제주 서구 123-45,010-6207-6773,음악감상
11163,신하윤,76,수원 기흥구 123-45,010-7699-6338,유튜브 보기
11164,김건우,74,안양 흥덕구 123-45,010-4474-5749,수영
11165,정유진,33,전주 흥덕구 123-45,010-1172-2985,카페 투어
11166,정현우,38,용인 송파구 123-45,010-9983-4477,독서
11167,임은우,23,화성 분당구 123-45,010-6606-8157,영화감상
11168,서소율,20,대전 동구 123-45,010-2677-5143,보드게임
11169,윤예린,70,성남 일산동구 123-45,010-8086-1215,수영
11170,이민수,43,성남 유성구 123-45,010-9366-2924,운동
11171,임지원,40,성남 장유동 123-45,010-5736-4792,드로잉
11172,신민수,74,천안 서구 123-45,010-2145-5548,요리
11173,장지후,62,포항 송파구 123-45,010-8507-8585,요리
11174,신서준,77,남양주 송파구 123-45,010-2403-1392,독서
11175,장유진,52,성남 기흥구 123-45,010-1347-4827,유튜브 보기
11176,이지민,25,청주 남구 123-45,010-2304-2114,일기 쓰기
11177,조은우,44,남양주 장유동 123-45,010-1685-2775,게임
11178,조지안,51,용인 덕진구 123-45,010-4662-4978,운동
11179,김시우,35,창원 동구 123-45,010-4677-9038,자전거 타기
11180,오하윤,28,안산 수성구 123-45,010-6025-3417,일기 쓰기
11181,임시우,25,천안 분당구 123-45,010-1850-9048,보드게임
11182,오서준,74,광주 서북구 123-45,010-6319-2666,영화감상
11183,이도윤,64,안산 달서구 123-45,010-6648-6016,웹서핑
11184,이유진,77,창원 수성구 123-45,010-7396-5851,수영
11185,이시우,65,화성 서구 123-45,010-6148-3094,음악감상
11186,최건우,22,김해 유성구 123-45,010-5374-9791,보드게임
11187,윤서연,37,광주 유성구 123-45,010-6699-1706,음악감상
11188,서건우,66,전주 흥덕구 123-45,010-9721-1927,영화감상
11189,오지민,32,수원 신제주 123-45,010-2242-8183,뜨개질
11190,신서연,51,창원 강서구 123-45,010-7203-4347,수영
11191,강민수,60,평택 덕양구 123-45,010-5182-3245,보드게임
11192,최태윤,28,성남 송파구 123-45,010-4288-3348,카페 투어
11193,신지민,33,용인 북구 123-45,010-5708-7708,여행
11194,최지민,68,청주 성북구 123-45,010-1934-9372,등산
11195,장건우,78,천안 유성구 123-45,010-8432-6279,뜨개질
11196,김하윤,71,울산 진해구 123-45,010-4529-1331,사진촬영
11197,서건우,74,수원 강서구 123-45,010-7873-8181,음악감상
11198,김하윤,31,대구 강서구 123-45,010-1143-4099,음악감상
11199,이건우,43,전주 중구 123-45,010-2467-1184,여행
11200,서민수,35,부산 동구 123-45,010-2164-9516,웹서핑
11201,김지후,69,울산 서북구 123-45,010-6747-3234,사진촬영
11202,박유진,74,광주 덕진구 123-45,010-7622-6344,여행
11203,한은우,58,안산 흥덕구 123-45,010-8822-2850,영화감상
11204,최현우,60,인천 장유동 123-45,010-7826-7431,등산
11205,서민수,71,울산 달서구 123-45,010-6321-6386,보드게임
11206,서현우,42,김해 팔달구 123-45,010-6379-6274,독서
11207,최유진,73,제주 강서구 123-45,010-2409-6123,웹서핑
11208,정도윤,77,남양주 진해구 123-45,010-5361-1651,영화감상
11209,김지후,28,포항 기흥구 123-45,010-8267-9974,등산
11210,박지민,75,부산 팔달구 123-45,010-7103-4947,보드게임
11211,오하은,26,제주 남구 123-45,010-5196-2668,자전거 타기
11212,윤건우,43,화성 서북구 123-45,010-2602-5714,드로잉
11213,조지원,76,고양 중구 123-45,010-2242-4990,음악감상
11214,임지원,56,대전 남구 123-45,010-1000-8537,드로잉
11215,오시우,26,천안 팔달구 123-45,010-7296-1501,요리
11216,김소율,26,제주 성동구 123-45,010-1830-3666,독서
11217,윤하은,38,청주 남구 123-45,010-5116-8778,자전거 타기
11218,신서연,75,안양 신제주 123-45,010-7192-7805,영화감상
11219,신하윤,69,서울 송파구 123-45,010-8035-7062,사진촬영
11220,조서준,22,울산 팔달구 123-45,010-8771-7748,게임
11221,강소율,76,부산 성북구 123-45,010-1210-7802,여행
11222,김현우,78,전주 덕양구 123-45,010-9013-6935,보드게임
11223,이은우,39,수원 중구 123-45,010-9494-2607,카페 투어
11224,한예린,27,남양주 분당구 123-45,010-8139-2552,유튜브 보기
11225,한지후,52,포항 동구 123-45,010-5292-8414,자전거 타기
11226,장서연,74,청주 진해구 123-45,010-4785-6927,음악감상
11227,강건우,31,전주 분당구 123-45,010-2434-6047,유튜브 보기
11228,임예린,68,청주 강남구 123-45,010-9324-4790,음악감상
11229,김예은,55,화성 북구 123-45,010-4651-1549,수영
11230,강지안,35,남양주 서구 123-45,010-5274-1669,독서
11231,조하은,39,김해 서구 123-45,010-8061-5112,드로잉
11232,강예린,71,고양 북구 123-45,010-6472-6757,영화감상
11233,정지후,32,포항 강남구 123-45,010-2949-3800,요리
11234,강도윤,61,김해 서북구 123-45,010-9930-8168,음악감상
11235,서소율,69,부산 동구 123-45,010-5336-9952,운동
11236,박서준,78,화성 수성구 123-45,010-6174-2638,사진촬영
11237,임서준,61,김해 강서구 123-45,010-3372-4807,운동
11238,조도윤,51,고양 동구 123-45,010-5488-3553,유튜브 보기
11239,장예은,34,포항 분당구 123-45,010-6900-6303,여행
11240,신수빈,62,성남 성북구 123-45,010-6934-3273,보드게임
11241,서소율,60,안양 북구 123-45,010-6782-4402,등산
11242,김지민,35,광주 성동구 123-45,010-4060-3536,카페 투어
11243,이은우,42,성남 기흥구 123-45,010-1840-3023,웹서핑
11244,이태윤,62,전주 강서구 123-45,010-3543-1550,일기 쓰기
11245,조지안,78,부산 덕양구 123-45,010-7797-1768,여행
11246,윤소율,47,성남 덕진구 123-45,010-2510-1253,요리
11247,이은우,28,평택 기흥구 123-45,010-5763-5087,드로잉
11248,박예은,60,부산 흥덕구 123-45,010-9707-7013,웹서핑
11249,신예은,23,세종 강서구 123-45,010-7712-1907,유튜브 보기
11250,김지후,44,용인 덕진구 123-45,010-3686-4655,요리
11251,장유진,30,서울 흥덕구 123-45,010-2423-1358,카페 투어
11252,김태윤,74,용인 장유동 123-45,010-3345-4093,요리
11253,오수빈,35,화성 장유동 123-45,010-2270-5241,독서
11254,오유진,41,창원 장유동 123-45,010-2348-2352,여행
11255,김하윤,30,용인 장유동 123-45,010-5323-1285,웹서핑
11256,조은우,30,안양 성동구 123-45,010-4361-4272,유튜브 보기
11257,강지원,62,포항 분당구 123-45,010-2201-2547,운동
11258,한시우,28,창원 중구 123-45,010-8240-3534,보드게임
11259,오지원,73,인천 달서구 123-45,010-4415-7204,등산
11260,조태윤,22,천안 강남구 123-45,010-3340-2220,등산
11261,임지안,43,부산 송파구 123-45,010-3680-1953,영화감상
11262,강하은,59,청주 강남구 123-45,010-1090-4514,운동
11263,신시우,27,김해 흥덕구 123-45,010-2099-2803,사진촬영
11264,강유진,74,남양주 수성구 123-45,010-5848-4194,영화감상
11265,한은우,20,광주 유성구 123-45,010-8867-4475,보드게임
11266,박하윤,35,인천 팔달구 123-45,010-6538-9260,요리
11267,조하은,27,용인 덕진구 123-45,010-3527-9657,여행
11268,조유진,24,대전 남구 123-45,010-2902-6802,유튜브 보기
11269,서서연,31,서울 서구 123-45,010-5370-4712,수영
11270,정예린,60,천안 송파구 123-45,010-2208-6324,드로잉
11271,윤예은,27,청주 팔달구 123-45,010-8995-3696,요리
11272,서서연,54,용인 성북구 123-45,010-3734-5307,등산
11273,최하은,28,화성 일산동구 123-45,010-5477-1689,자전거 타기
11274,임유진,66,평택 송파구 123-45,010-7709-1609,독서
11275,강하은,37,김해 남구 123-45,010-6087-5198,운동
11276,한은우,42,부산 강서구 123-45,010-8793-9791,사진촬영
11277,이현우,33,천안 북구 123-45,010-2996-3478,수영
11278,윤도윤,77,인천 팔달구 123-45,010-4327-8676,카페 투어
11279,최유진,34,광주 수성구 123-45,010-1299-6100,사진촬영
11280,서서연,66,세종 수성구 123-45,010-3973-7756,음악감상
11281,정하은,45,전주 장유동 123-45,010-1647-4575,등산
11282,한유진,56,세종 동구 123-45,010-9568-4438,운동
11283,한지후,70,청주 팔달구 123-45,010-4575-6690,뜨개질
11284,장시우,66,인천 중구 123-45,010-8156-1523,요리
11285,장하윤,55,제주 북구 123-45,010-2135-7828,영화감상
11286,한은우,69,전주 덕양구 123-45,010-5150-6925,사진촬영
11287,최태윤,49,고양 진해구 123-45,010-7379-6607,여행
11288,서예린,36,제주 동구 123-45,010-1900-1068,요리
11289,오현우,28,안산 분당구 123-45,010-5378-6437,사진촬영
11290,최지안,58,고양 송파구 123-45,010-5779-6521,등산
11291,임건우,54,안양 일산동구 123-45,010-2088-1613,영화감상
11292,신지안,67,안산 남구 123-45,010-4519-3486,여행
11293,최서연,64,제주 팔달구 123-45,010-4209-1953,카페 투어
11294,오하은,60,포항 장유동 123-45,010-3301-7732,수영
11295,윤태윤,75,광주 장유동 123-45,010-5060-7354,사진촬영
11296,한민수,62,남양주 일산동구 123-45,010-3467-5923,뜨개질
11297,한예은,47,남양주 흥덕구 123-45,010-2517-9353,자전거 타기
11298,최지후,66,창원 덕진구 123-45,010-9622-7948,운동
11299,윤도윤,62,김해 서북구 123-45,010-3337-6063,자전거 타기
11300,최서준,34,세종 기흥구 123-45,010-3722-3481,드로잉
11301,임서준,64,청주 서북구 123-45,010-5796-1197,유튜브 보기
11302,신소율,78,안양 분당구 123-45,010-8021-3914,유튜브 보기
11303,정예린,52,안양 기흥구 123-45,010-7941-2396,수영
11304,오현우,63,서울 분당구 123-45,010-1475-6081,요리
11305,서도윤,77,안양 서북구 123-45,010-1064-6629,일기 쓰기
11306,강예린,74,광주 기흥구 123-45,010-2530-6494,영화감상
11307,강서준,20,청주 동구 123-45,010-8882-4289,요리
11308,서소율,57,고양 분당구 123-45,010-2830-1763,영화감상
11309,한유진,32,울산 성동구 123-45,010-2552-1984,카페 투어
11310,임지민,27,수원 기흥구 123-45,010-6397-7904,등산
11311,이하윤,44,고양 강서구 123-45,010-2846-8637,자전거 타기
11312,김하은,75,고양 성동구 123-45,010-1875-7455,사진촬영
11313,한지후,58,서울 성북구 123-45,010-4171-8648,음악감상
11314,강지민,77,울산 성동구 123-45,010-3550-2248,음악감상
11315,오서연,78,광주 서북구 123-45,010-7971-9153,사진촬영
11316,윤민수,74,수원 송파구 123-45,010-4450-6668,웹서핑
11317,최현우,75,천안 북구 123-45,010-9051-1659,드로잉
11318,신건우,56,서울 덕양구 123-45,010-1901-6749,독서
11319,강서준,52,청주 중구 123-45,010-9144-7902,등산
11320,이은우,79,포항 진해구 123-45,010-5771-2804,자전거 타기
11321,장서준,70,평택 북구 123-45,010-2535-9410,게임
11322,임도윤,68,대전 팔달구 123-45,010-9578-1984,운동
11323,장태윤,28,고양 흥덕구 123-45,010-6933-5602,카페 투어
11324,김서준,32,광주 팔달구 123-45,010-6342-1149,사진촬영
11325,조예린,65,부산 북구 123-45,010-8719-2413,음악감상
11326,조하윤,60,남양주 분당구 123-45,010-2157-6417,독서
11327,신하윤,26,안양 수성구 123-45,010-7890-8093,독서
11328,이은우,57,부산 신제주 123-45,010-7579-3808,음악감상
11329,윤예린,78,김해 덕양구 123-45,010-5075-1300,등산
11330,조도윤,41,부산 일산동구 123-45,010-9430-8328,사진촬영
11331,정지후,76,인천 달서구 123-45,010-1479-9033,웹서핑
11332,김서준,64,전주 달서구 123-45,010-7882-2540,등산
11333,조예린,50,용인 유성구 123-45,010-1363-1590,음악감상
11334,박하은,67,서울 송파구 123-45,010-1637-6189,운동
11335,오지원,73,김해 강서구 123-45,010-9452-6500,수영
11336,장시우,43,성남 강서구 123-45,010-2636-3227,사진촬영
11337,임예린,33,전주 기흥구 123-45,010-8255-7852,웹서핑
11338,박은우,58,인천 성동구 123-45,010-9003-7519,음악감상
11339,최지원,24,용인 북구 123-45,010-3705-1159,일기 쓰기
11340,서하은,64,천안 해운대구 123-45,010-9367-5331,사진촬영
11341,한소율,67,성남 분당구 123-45,010-3175-4614,음악감상
11342,이지원,42,서울 유성구 123-45,010-2198-6264,음악감상
11343,조현우,22,안산 강서구 123-45,010-3886-7794,자전거 타기
11344,정하은,29,세종 강남구 123-45,010-9124-6974,운동
11345,박수빈,71,세종 서북구 123-45,010-9459-3452,일기 쓰기
11346,신지안,46,김해 동구 123-45,010-6111-2182,수영
11347,윤지안,71,수원 일산동구 123-45,010-9323-7077,일기 쓰기
11348,장은우,39,부산 분당구 123-45,010-4404-8858,뜨개질
11349,신건우,58,울산 흥덕구 123-45,010-4963-8830,카페 투어
11350,강하윤,71,울산 신제주 123-45,010-4079-2690,유튜브 보기
11351,신태윤,63,평택 서북구 123-45,010-7328-6032,유튜브 보기
11352,정수빈,45,성남 기흥구 123-45,010-1150-4575,음악감상
11353,임예은,40,울산 기흥구 123-45,010-7688-3332,카페 투어
11354,장소율,65,남양주 신제주 123-45,010-6653-5556,영화감상
11355,장건우,25,성남 강서구 123-45,010-3430-2034,음악감상
11356,박지후,61,평택 장유동 123-45,010-5521-5071,여행
11357,윤하은,61,제주 수성구 123-45,010-2384-7429,여행
11358,윤하은,60,서울 분당구 123-45,010-6600-7899,카페 투어
11359,윤은우,70,제주 성북구 123-45,010-4067-9117,여행
11360,최서준,69,대구 서북구 123-45,010-5895-5177,수영
11361,조예은,61,대구 서구 123-45,010-6789-2410,뜨개질
11362,윤수빈,44,세종 일산동구 123-45,010-2674-2264,게임
11363,정하윤,27,부산 성동구 123-45,010-2969-7895,영화감상
11364,임예린,70,수원 유성구 123-45,010-3095-8076,수영
11365,강하은,64,울산 강남구 123-45,010-3549-9987,등산
11366,임도윤,28,수원 팔달구 123-45,010-3538-2476,등산
11367,한태윤,46,부산 흥덕구 123-45,010-1238-2104,등산
11368,이하은,20,세종 팔달구 123-45,010-7160-4073,보드게임
11369,신수빈,41,용인 분당구 123-45,010-2530-3688,사진촬영
11370,임지원,42,천안 일산동구 123-45,010-5840-5549,사진촬영
11371,임유진,47,화성 신제주 123-45,010-2036-6370,수영
11372,조지원,79,광주 덕진구 123-45,010-3884-6592,카페 투어
11373,정시우,49,평택 북구 123-45,010-1578-6464,게임
11374,최수빈,68,남양주 수성구 123-45,010-3211-2083,요리
11375,윤도윤,52,창원 신제주 123-45,010-6898-1900,보드게임
11376,장소율,70,고양 강남구 123-45,010-4434-1408,음악감상
11377,조태윤,56,대구 장유동 123-45,010-4527-5317,뜨개질
11378,윤하은,55,부산 서북구 123-45,010-4965-2568,게임
11379,한민수,63,서울 신제주 123-45,010-2111-1325,유튜브 보기
11380,김하은,51,천안 강남구 123-45,010-7266-3187,뜨개질
11381,장지원,22,용인 장유동 123-45,010-4584-9669,웹서핑
11382,조지민,79,창원 진해구 123-45,010-2629-5306,운동
11383,박지후,29,남양주 달서구 123-45,010-4413-8326,여행
11384,조수빈,64,부산 동구 123-45,010-8516-4711,보드게임
11385,신태윤,59,전주 수성구 123-45,010-6013-1297,등산
11386,조현우,67,성남 서구 123-45,010-5948-4027,독서
11387,오지후,55,세종 분당구 123-45,010-3755-7239,자전거 타기
11388,김현우,34,안양 덕양구 123-45,010-4536-1349,독서
11389,정도윤,62,대구 기흥구 123-45,010-8221-6329,음악감상
11390,윤하은,25,세종 분당구 123-45,010-1112-4041,운동
11391,윤도윤,42,전주 성북구 123-45,010-5073-5520,여행
11392,윤현우,45,화성 해운대구 123-45,010-4127-5125,독서
11393,임지후,72,제주 서구 123-45,010-4370-2013,음악감상
11394,서예린,31,수원 북구 123-45,010-4066-9317,영화감상
11395,신서연,41,용인 진해구 123-45,010-5215-6744,뜨개질
11396,최은우,60,포항 흥덕구 123-45,010-7303-9415,일기 쓰기
11397,이수빈,61,대전 중구 123-45,010-3299-3484,자전거 타기
11398,서예린,54,안양 송파구 123-45,010-4666-2638,등산
11399,신건우,38,천안 성동구 123-45,010-3781-2305,게임
11400,임서준,61,수원 성동구 123-45,010-5297-6947,여행
11401,서하윤,49,천안 성북구 123-45,010-1832-3999,일기 쓰기
11402,오도윤,42,용인 유성구 123-45,010-4521-4678,유튜브 보기
11403,김서연,55,남양주 해운대구 123-45,010-3819-2785,카페 투어
11404,오태윤,58,창원 장유동 123-45,010-4325-7104,게임
11405,정도윤,56,전주 해운대구 123-45,010-6010-2630,영화감상
11406,조지후,70,울산 분당구 123-45,010-6149-1995,자전거 타기
11407,오시우,66,대구 덕양구 123-45,010-2825-6585,자전거 타기
11408,한예린,20,세종 덕진구 123-45,010-2516-7087,뜨개질
11409,이수빈,65,부산 기흥구 123-45,010-1551-6105,웹서핑
11410,장태윤,44,안양 유성구 123-45,010-5823-7502,유튜브 보기
11411,박지민,72,안양 진해구 123-45,010-4279-8225,여행
11412,최지후,51,화성 덕진구 123-45,010-6516-2752,유튜브 보기
11413,이도윤,34,청주 남구 123-45,010-7160-5040,음악감상
11414,박지후,34,남양주 송파구 123-45,010-9032-6463,요리
11415,오지안,20,용인 서북구 123-45,010-9342-6648,뜨개질
11416,임지민,30,광주 수성구 123-45,010-3351-1539,요리
11417,김지안,29,부산 강서구 123-45,010-8989-1635,뜨개질
11418,윤예린,37,평택 장유동 123-45,010-4174-7262,요리
11419,임예린,72,서울 서북구 123-45,010-3924-4080,유튜브 보기
11420,오수빈,51,고양 유성구 123-45,010-9100-6312,요리
11421,정소율,39,창원 수성구 123-45,010-8175-3209,수영
11422,임하은,29,성남 진해구 123-45,010-9403-7938,일기 쓰기
11423,조현우,78,성남 북구 123-45,010-7618-7167,수영
11424,오도윤,76,전주 강서구 123-45,010-7986-7750,사진촬영
11425,임예린,68,포항 송파구 123-45,010-3532-4203,게임
11426,정민수,62,천안 달서구 123-45,010-7086-3349,자전거 타기
11427,윤예린,67,부산 성동구 123-45,010-4233-3910,유튜브 보기
11428,정시우,50,평택 강서구 123-45,010-4987-1655,게임
11429,박도윤,59,창원 신제주 123-45,010-8862-9945,등산
11430,이유진,31,안양 남구 123-45,010-4271-5005,영화감상
11431,정하은,67,전주 덕진구 123-45,010-4791-2197,독서
11432,강태윤,61,대전 달서구 123-45,010-2758-3713,게임
11433,신도윤,73,안산 흥덕구 123-45,010-5411-1347,음악감상
11434,한민수,65,화성 유성구 123-45,010-4989-9003,일기 쓰기
11435,한수빈,54,서울 수성구 123-45,010-2534-6732,카페 투어
11436,윤예은,77,포항 해운대구 123-45,010-9939-7733,웹서핑
11437,김지원,35,울산 중구 123-45,010-7413-9440,음악감상
11438,한하윤,49,인천 중구 123-45,010-7722-4327,요리
11439,윤은우,36,포항 장유동 123-45,010-8917-8642,등산
11440,윤은우,37,김해 성북구 123-45,010-2618-1106,독서
11441,최서연,71,안산 진해구 123-45,010-8779-9914,게임
11442,한태윤,36,안산 흥덕구 123-45,010-7933-8848,웹서핑
11443,최은우,52,광주 송파구 123-45,010-9307-1640,일기 쓰기
11444,김수빈,71,성남 성동구 123-45,010-5331-5882,요리
11445,장예은,49,성남 기흥구 123-45,010-3636-8039,사진촬영
11446,이건우,65,세종 강남구 123-45,010-1998-4488,유튜브 보기
11447,박예린,59,화성 중구 123-45,010-3362-2559,음악감상
11448,서하은,37,인천 강서구 123-45,010-9366-1691,등산
11449,오서준,79,김해 장유동 123-45,010-1098-5208,카페 투어
11450,박서준,35,화성 흥덕구 123-45,010-3813-7125,게임
11451,강시우,25,남양주 덕양구 123-45,010-3881-3117,운동
11452,이예린,44,안산 기흥구 123-45,010-3691-2822,음악감상
11453,장민수,51,평택 남구 123-45,010-7956-7933,수영
11454,최하은,29,고양 달서구 123-45,010-6955-8920,독서
11455,오지후,22,김해 동구 123-45,010-8416-6618,보드게임
11456,조소율,44,대구 팔달구 123-45,010-7722-8147,여행
11457,정시우,55,안양 덕진구 123-45,010-6754-9846,사진촬영
11458,임소율,48,제주 중구 123-45,010-8446-6457,웹서핑
11459,강유진,78,안산 북구 123-45,010-8967-6024,자전거 타기
11460,김시우,64,수원 덕진구 123-45,010-7627-3658,일기 쓰기
11461,신수빈,21,창원 기흥구 123-45,010-2180-3930,수영
11462,김현우,28,서울 중구 123-45,010-2295-4671,카페 투어
11463,이지안,28,대구 덕진구 123-45,010-6750-9109,자전거 타기
11464,오수빈,38,울산 덕진구 123-45,010-5254-7466,요리
11465,서시우,70,청주 팔달구 123-45,010-9978-5594,요리
11466,조하은,77,안양 서구 123-45,010-6494-7852,독서
11467,신서연,62,포항 신제주 123-45,010-9661-1074,드로잉
11468,박유진,24,인천 수성구 123-45,010-2668-3573,카페 투어
11469,최하은,53,안산 서북구 123-45,010-8268-6526,카페 투어
11470,정예린,35,안양 성동구 123-45,010-1412-4174,카페 투어
11471,신수빈,38,부산 동구 123-45,010-7116-5703,독서
11472,최서연,55,제주 동구 123-45,010-7915-2329,음악감상
11473,이서준,28,평택 신제주 123-45,010-8154-2838,보드게임
11474,강예은,49,포항 분당구 123-45,010-5471-4934,영화감상
11475,최건우,65,서울 덕양구 123-45,010-1676-6900,드로잉
11476,김지원,51,인천 팔달구 123-45,010-2957-4439,독서
11477,서시우,33,인천 성동구 123-45,010-5493-7994,카페 투어
11478,오지안,69,대전 팔달구 123-45,010-2009-6012,웹서핑
11479,임서준,42,안양 강남구 123-45,010-4419-2689,영화감상
11480,오하은,75,울산 강서구 123-45,010-5272-3495,자전거 타기
11481,최예린,53,천안 성동구 123-45,010-9283-1346,보드게임
11482,한태윤,33,포항 수성구 123-45,010-7344-5176,뜨개질
11483,김예린,67,화성 남구 123-45,010-6106-5213,웹서핑
11484,이태윤,37,창원 남구 123-45,010-6254-7209,드로잉
11485,박도윤,64,수원 덕진구 123-45,010-1045-4061,보드게임
11486,이하은,34,청주 신제주 123-45,010-2710-2082,여행
11487,이도윤,54,대전 분당구 123-45,010-9946-4738,운동
11488,윤하윤,23,대구 서구 123-45,010-3278-4644,운동
11489,한은우,58,대전 팔달구 123-45,010-4980-2500,뜨개질
11490,이예린,59,청주 서북구 123-45,010-4858-4737,운동
11491,서하은,20,부산 수성구 123-45,010-3897-5646,독서
11492,오지후,50,인천 북구 123-45,010-2935-7985,게임
11493,임시우,66,안산 성동구 123-45,010-9502-1071,운동
11494,김건우,70,수원 강서구 123-45,010-6988-5734,카페 투어
11495,장하은,65,인천 수성구 123-45,010-9601-5905,자전거 타기
11496,박도윤,58,용인 강서구 123-45,010-6267-7536,뜨개질
11497,김지민,54,평택 송파구 123-45,010-3245-6070,운동
11498,이수빈,25,화성 일산동구 123-45,010-3211-5321,뜨개질
11499,임하은,41,성남 유성구 123-45,010-3912-2141,사진촬영
11500,한현우,35,용인 성동구 123-45,010-8761-7721,운동
11501,조민수,24,안산 일산동구 123-45,010-5288-7680,보드게임
11502,정하윤,37,부산 해운대구 123-45,010-1929-5634,드로잉
11503,신하은,20,울산 수성구 123-45,010-8904-5097,드로잉
11504,최하윤,37,부산 달서구 123-45,010-8657-9084,운동
11505,김도윤,57,천안 서북구 123-45,010-7926-4439,유튜브 보기
11506,윤지후,38,전주 북구 123-45,010-3453-3089,보드게임
11507,강하윤,29,수원 해운대구 123-45,010-5096-1100,음악감상
11508,오지민,75,서울 서구 123-45,010-1875-2520,여행
11509,조유진,53,서울 남구 123-45,010-9441-9001,뜨개질
11510,강지민,60,세종 덕진구 123-45,010-2543-6829,유튜브 보기
11511,김서연,45,제주 장유동 123-45,010-5991-5367,드로잉
11512,서민수,58,천안 유성구 123-45,010-2551-2047,게임
11513,강태윤,79,남양주 송파구 123-45,010-5792-3143,요리
11514,조수빈,30,용인 남구 123-45,010-5711-2279,요리
11515,이지후,76,인천 북구 123-45,010-1543-5466,드로잉
11516,김현우,46,대구 동구 123-45,010-7037-2335,게임
11517,임서준,25,성남 장유동 123-45,010-7923-7225,자전거 타기
11518,윤민수,58,용인 서북구 123-45,010-4918-6287,운동
11519,임하윤,78,청주 동구 123-45,010-8919-5621,운동
11520,이도윤,39,화성 장유동 123-45,010-6133-7105,요리
11521,서서연,33,성남 중구 123-45,010-6458-1031,일기 쓰기
11522,이민수,50,천안 중구 123-45,010-4570-5517,카페 투어
11523,최서연,31,용인 덕진구 123-45,010-3735-6871,음악감상
11524,강도윤,24,부산 유성구 123-45,010-5624-6501,수영
11525,정민수,32,대구 분당구 123-45,010-3773-2928,자전거 타기
11526,윤지후,51,안산 중구 123-45,010-3524-3289,음악감상
11527,이수빈,58,제주 기흥구 123-45,010-6823-8914,요리
11528,최현우,27,청주 달서구 123-45,010-5740-8018,게임
11529,임하은,42,안양 진해구 123-45,010-8924-3637,음악감상
11530,김유진,53,천안 수성구 123-45,010-9156-2274,여행
11531,이시우,52,부산 송파구 123-45,010-8999-1796,등산
11532,강하윤,74,울산 흥덕구 123-45,010-1162-6274,게임
11533,임서준,75,제주 분당구 123-45,010-4183-1534,보드게임
11534,김예린,63,고양 수성구 123-45,010-2755-1266,뜨개질
11535,조민수,58,창원 송파구 123-45,010-1991-1918,독서
11536,최수빈,58,창원 남구 123-45,010-1555-1699,뜨개질
11537,박수빈,62,인천 강남구 123-45,010-8038-3347,독서
11538,최서준,71,김해 강남구 123-45,010-5055-9943,여행
11539,최소율,57,청주 덕진구 123-45,010-7280-6336,카페 투어
11540,장건우,31,서울 달서구 123-45,010-2029-1686,카페 투어
11541,강수빈,72,김해 달서구 123-45,010-8961-2924,영화감상
11542,이예린,63,대전 강서구 123-45,010-3546-4570,드로잉
11543,이지민,68,남양주 일산동구 123-45,010-1560-8921,수영
11544,오지안,53,창원 강남구 123-45,010-6914-1443,자전거 타기
11545,오지민,62,수원 장유동 123-45,010-5337-5697,유튜브 보기
11546,김하은,44,안산 유성구 123-45,010-1394-2530,카페 투어
11547,이지후,70,안양 송파구 123-45,010-4208-7971,수영
11548,정예은,79,서울 북구 123-45,010-5984-7761,웹서핑
11549,윤하은,70,김해 남구 123-45,010-1532-6753,게임
11550,오지안,66,남양주 달서구 123-45,010-4521-5097,드로잉
11551,최시우,42,수원 서북구 123-45,010-7817-7596,독서
11552,김유진,46,전주 수성구 123-45,010-4001-4858,음악감상
11553,윤지원,48,평택 팔달구 123-45,010-7899-9533,여행
11554,서소율,37,인천 강남구 123-45,010-1758-3893,음악감상
11555,임은우,65,김해 흥덕구 123-45,010-1961-1565,보드게임
11556,박건우,54,광주 강서구 123-45,010-9172-3300,영화감상
11557,이유진,62,남양주 송파구 123-45,010-5471-4597,독서
11558,박지민,40,안산 흥덕구 123-45,010-5920-4663,보드게임
11559,김서준,31,서울 성동구 123-45,010-9898-4230,영화감상
11560,서시우,79,김해 남구 123-45,010-6153-9776,자전거 타기
11561,장지안,42,성남 서구 123-45,010-2495-2393,카페 투어
11562,한은우,41,세종 중구 123-45,010-6273-6039,독서
11563,서하은,68,광주 강서구 123-45,010-3634-1599,웹서핑
11564,이건우,29,울산 신제주 123-45,010-9351-6558,등산
11565,신시우,33,세종 해운대구 123-45,010-7434-1184,일기 쓰기
11566,한하은,78,전주 일산동구 123-45,010-3832-3469,수영
11567,신태윤,48,천안 진해구 123-45,010-6859-9263,영화감상
11568,임유진,76,대구 장유동 123-45,010-1320-4806,음악감상
11569,김지원,59,화성 해운대구 123-45,010-1970-3660,영화감상
11570,강서준,44,고양 강남구 123-45,010-3757-5825,웹서핑
11571,오수빈,62,청주 일산동구 123-45,010-1708-2936,드로잉
11572,박서준,55,대전 진해구 123-45,010-5899-5335,일기 쓰기
11573,오지민,32,울산 기흥구 123-45,010-3998-9323,유튜브 보기
11574,박건우,79,포항 유성구 123-45,010-7496-6562,보드게임
11575,박하은,23,수원 팔달구 123-45,010-9069-5216,등산
11576,강건우,75,포항 유성구 123-45,010-6072-9011,드로잉
11577,장시우,60,창원 서북구 123-45,010-7861-7334,자전거 타기
11578,강예린,46,수원 성동구 123-45,010-5873-4257,영화감상
11579,박시우,71,부산 중구 123-45,010-2509-2056,영화감상
11580,한태윤,48,고양 기흥구 123-45,010-5576-6352,자전거 타기
11581,윤시우,42,안산 유성구 123-45,010-2353-9973,보드게임
11582,정민수,66,광주 장유동 123-45,010-4000-8374,수영
11583,박도윤,30,세종 북구 123-45,010-6582-2527,운동
11584,서하윤,46,성남 송파구 123-45,010-8361-7767,사진촬영
11585,신도윤,59,포항 흥덕구 123-45,010-6017-8336,사진촬영
11586,정서연,36,청주 해운대구 123-45,010-4670-3961,게임
11587,한하윤,72,용인 일산동구 123-45,010-7519-6055,독서
11588,조건우,53,용인 흥덕구 123-45,010-1292-2479,자전거 타기
11589,정서연,52,천안 덕양구 123-45,010-5541-6942,음악감상
11590,신민수,62,세종 흥덕구 123-45,010-8353-1722,카페 투어
11591,이수빈,60,청주 중구 123-45,010-6536-1718,운동
11592,조민수,44,대구 진해구 123-45,010-6753-5370,영화감상
11593,이도윤,78,용인 흥덕구 123-45,010-7669-3896,등산
11594,오은우,72,천안 달서구 123-45,010-6042-5944,등산
11595,박예린,27,인천 북구 123-45,010-5065-8181,카페 투어
11596,이예린,28,김해 해운대구 123-45,010-3041-3670,여행
11597,강시우,44,광주 중구 123-45,010-2754-4958,영화감상
11598,서시우,36,제주 흥덕구 123-45,010-7642-4805,독서
11599,윤시우,65,세종 중구 123-45,010-2219-4228,자전거 타기
11600,오은우,37,서울 분당구 123-45,010-1434-1965,영화감상
11601,정서준,65,천안 서북구 123-45,010-1202-6936,영화감상
11602,서민수,33,광주 유성구 123-45,010-7807-7063,드로잉
11603,장예린,42,수원 서북구 123-45,010-3092-6531,여행
11604,오하윤,51,천안 신제주 123-45,010-1198-9261,자전거 타기
11605,최지안,76,창원 송파구 123-45,010-2798-2062,자전거 타기
11606,조지안,70,남양주 진해구 123-45,010-2107-7903,음악감상
11607,이은우,38,화성 수성구 123-45,010-9765-7346,뜨개질
11608,임도윤,74,평택 송파구 123-45,010-2507-1846,등산
11609,정건우,38,청주 서구 123-45,010-3614-5688,자전거 타기
11610,윤유진,28,창원 동구 123-45,010-6860-8325,웹서핑
11611,서지민,29,평택 수성구 123-45,010-1463-6584,보드게임
11612,윤현우,65,제주 동구 123-45,010-8291-2202,독서
11613,윤지민,63,김해 기흥구 123-45,010-3867-2981,영화감상
11614,서현우,67,포항 진해구 123-45,010-5836-2216,유튜브 보기
11615,한하윤,50,인천 강서구 123-45,010-4464-6743,드로잉
11616,김태윤,70,대구 해운대구 123-45,010-1156-5160,뜨개질
11617,신태윤,23,창원 팔달구 123-45,010-6523-7302,드로잉
11618,임하은,54,김해 성동구 123-45,010-1018-6585,뜨개질
11619,김지원,66,부산 달서구 123-45,010-1657-6437,카페 투어
11620,서서연,79,천안 강서구 123-45,010-5696-2367,요리
11621,정현우,61,창원 덕진구 123-45,010-9000-8291,운동
11622,김지원,63,세종 분당구 123-45,010-1069-7561,보드게임
11623,박은우,41,남양주 중구 123-45,010-2451-2939,유튜브 보기
11624,임지민,57,포항 해운대구 123-45,010-1718-4664,운동
11625,임지후,39,부산 중구 123-45,010-3160-5780,웹서핑
11626,장도윤,44,서울 덕양구 123-45,010-5175-2854,보드게임
11627,윤지안,75,울산 성북구 123-45,010-7469-5104,카페 투어
11628,장지민,43,김해 신제주 123-45,010-5942-1707,카페 투어
11629,박건우,55,안양 신제주 123-45,010-1621-2184,보드게임
11630,한민수,66,청주 중구 123-45,010-7663-3600,여행
11631,신지후,67,안양 덕진구 123-45,010-2782-3142,일기 쓰기
11632,조지원,27,대구 덕양구 123-45,010-7608-3039,요리
11633,신건우,26,수원 해운대구 123-45,010-5678-5041,웹서핑
11634,강현우,61,안양 기흥구 123-45,010-2381-5521,요리
11635,정지원,31,창원 흥덕구 123-45,010-4912-3915,운동
11636,강예린,27,평택 일산동구 123-45,010-8404-5326,음악감상
11637,장하윤,32,대전 일산동구 123-45,010-2074-3237,뜨개질
11638,박유진,53,화성 서북구 123-45,010-7857-3687,카페 투어
11639,장하은,69,고양 강서구 123-45,010-3594-4640,카페 투어
11640,최태윤,72,평택 성동구 123-45,010-1930-7814,요리
11641,윤민수,72,안산 수성구 123-45,010-1539-2317,등산
11642,윤태윤,22,청주 흥덕구 123-45,010-1067-4060,여행
11643,최지민,78,포항 동구 123-45,010-6780-5117,독서
11644,임지민,42,서울 진해구 123-45,010-5074-8408,독서
11645,최지안,44,인천 진해구 123-45,010-6016-1409,게임
11646,한지안,39,화성 팔달구 123-45,010-6739-2950,보드게임
11647,정은우,66,성남 신제주 123-45,010-1406-6338,여행
11648,강지후,57,울산 덕양구 123-45,010-8636-1132,자전거 타기
11649,조서연,22,대전 일산동구 123-45,010-2897-4761,카페 투어
11650,최예린,57,안산 장유동 123-45,010-5514-1094,등산
11651,윤예린,73,용인 중구 123-45,010-2319-3574,요리
11652,서도윤,37,광주 유성구 123-45,010-3632-3826,등산
11653,조예린,63,제주 달서구 123-45,010-1022-9508,수영
11654,최은우,60,인천 흥덕구 123-45,010-7782-2507,수영
11655,윤예은,42,김해 기흥구 123-45,010-9122-5523,카페 투어
11656,서건우,21,김해 해운대구 123-45,010-2527-2754,뜨개질
11657,강수빈,59,인천 달서구 123-45,010-6215-6371,음악감상
11658,장태윤,32,화성 성북구 123-45,010-9384-6631,보드게임
11659,조예은,46,천안 분당구 123-45,010-6860-2231,여행
11660,김하은,74,남양주 흥덕구 123-45,010-2535-1531,드로잉
11661,한지원,29,창원 흥덕구 123-45,010-6516-8494,여행
11662,김예은,65,남양주 팔달구 123-45,010-9609-6488,드로잉
11663,신지민,61,화성 장유동 123-45,010-2030-3635,보드게임
11664,강지원,60,서울 강남구 123-45,010-4322-3126,여행
11665,이소율,27,전주 동구 123-45,010-8877-2069,드로잉
11666,신태윤,70,제주 장유동 123-45,010-4727-8527,수영
11667,조하은,27,광주 신제주 123-45,010-7112-7487,유튜브 보기
11668,한현우,59,안산 분당구 123-45,010-6230-6627,자전거 타기
11669,오지원,51,화성 중구 123-45,010-7539-7944,수영
11670,최예린,36,청주 강남구 123-45,010-3460-1244,보드게임
11671,이도윤,72,제주 성북구 123-45,010-5266-1194,뜨개질
11672,서예은,27,대전 동구 123-45,010-6821-7242,일기 쓰기
11673,장소율,58,포항 분당구 123-45,010-9884-1319,드로잉
11674,한지후,36,남양주 서북구 123-45,010-3206-4559,카페 투어
11675,조유진,55,서울 성동구 123-45,010-6173-4286,운동
11676,한서연,47,전주 진해구 123-45,010-4173-2067,보드게임
11677,강은우,44,평택 흥덕구 123-45,010-8049-1049,일기 쓰기
11678,정하윤,43,김해 수성구 123-45,010-6655-2439,뜨개질
11679,장건우,78,울산 달서구 123-45,010-8887-5409,음악감상
11680,정하은,41,포항 기흥구 123-45,010-3744-3013,유튜브 보기
11681,박건우,57,천안 팔달구 123-45,010-9851-4807,영화감상
11682,조도윤,52,창원 달서구 123-45,010-2638-3814,보드게임
11683,신소율,39,고양 성북구 123-45,010-2986-8028,뜨개질
11684,오현우,55,울산 흥덕구 123-45,010-7277-5186,드로잉
11685,강현우,65,대구 중구 123-45,010-2088-3153,웹서핑
11686,강지민,62,안산 강남구 123-45,010-7202-8658,음악감상
11687,김지후,79,성남 분당구 123-45,010-5260-2031,드로잉
11688,오서준,58,울산 덕진구 123-45,010-2659-3736,요리
11689,최민수,35,고양 동구 123-45,010-7778-9767,카페 투어
11690,조현우,52,김해 동구 123-45,010-3149-4068,등산
11691,강서연,70,창원 성북구 123-45,010-6415-3658,게임
11692,한지안,25,청주 분당구 123-45,010-4300-1472,보드게임
11693,김현우,36,창원 덕양구 123-45,010-2616-7448,음악감상
11694,장현우,55,성남 장유동 123-45,010-1190-2796,자전거 타기
11695,조현우,71,용인 남구 123-45,010-5673-1500,뜨개질
11696,김하윤,78,성남 덕양구 123-45,010-9519-9553,보드게임
11697,이하은,76,고양 성동구 123-45,010-4281-5350,게임
11698,이태윤,23,울산 신제주 123-45,010-2557-2177,영화감상
11699,신유진,56,안양 신제주 123-45,010-3172-4039,여행
11700,이시우,43,세종 강서구 123-45,010-9388-2493,카페 투어
11701,김지원,67,안산 덕진구 123-45,010-6903-5511,드로잉
11702,강지원,44,화성 북구 123-45,010-3626-1437,자전거 타기
11703,서유진,63,고양 서구 123-45,010-5031-6873,게임
11704,윤은우,73,안양 팔달구 123-45,010-4891-4226,영화감상
11705,신예린,65,포항 기흥구 123-45,010-1593-3556,음악감상
11706,신현우,25,김해 북구 123-45,010-3525-4918,사진촬영
11707,정유진,37,남양주 일산동구 123-45,010-8586-2419,요리
11708,정지안,36,서울 동구 123-45,010-5532-2737,운동
11709,장소율,29,안양 신제주 123-45,010-9911-8533,일기 쓰기
11710,정민수,44,창원 중구 123-45,010-4830-4781,카페 투어
11711,김현우,58,대전 중구 123-45,010-5621-2284,수영
11712,강태윤,72,안산 팔달구 123-45,010-3728-8434,드로잉
11713,서지원,32,평택 동구 123-45,010-2865-2538,뜨개질
11714,강유진,55,부산 북구 123-45,010-1333-6610,카페 투어
11715,장현우,41,인천 북구 123-45,010-6136-2662,일기 쓰기
11716,김현우,29,대전 동구 123-45,010-6877-1541,웹서핑
11717,임소율,22,고양 덕양구 123-45,010-2447-4858,보드게임
11718,신민수,39,전주 달서구 123-45,010-1811-3109,요리
11719,조도윤,48,전주 남구 123-45,010-5579-2327,보드게임
11720,강태윤,78,세종 북구 123-45,010-4596-5938,영화감상
11721,윤태윤,51,대구 중구 123-45,010-1329-2062,유튜브 보기
11722,신지안,52,포항 덕진구 123-45,010-1182-1797,여행
11723,박소율,41,포항 팔달구 123-45,010-5382-7712,사진촬영
11724,조도윤,32,수원 달서구 123-45,010-2182-5624,드로잉
11725,조하윤,31,안양 신제주 123-45,010-7167-8910,여행
11726,서시우,45,안산 덕진구 123-45,010-2887-5619,등산
11727,이하윤,45,광주 해운대구 123-45,010-7193-3369,사진촬영
11728,김소율,52,서울 성동구 123-45,010-4449-8416,웹서핑
11729,조예린,69,창원 북구 123-45,010-9833-6746,자전거 타기
11730,서지후,56,성남 기흥구 123-45,010-1583-5335,독서
11731,김예은,64,서울 장유동 123-45,010-4572-9202,요리
11732,오수빈,47,수원 진해구 123-45,010-2358-8554,웹서핑
11733,이건우,51,대전 덕양구 123-45,010-2647-9034,일기 쓰기
11734,이태윤,23,안양 달서구 123-45,010-1836-8361,영화감상
11735,최도윤,50,창원 성동구 123-45,010-8599-5235,게임
11736,강시우,32,제주 달서구 123-45,010-1854-2862,여행
11737,조도윤,55,안산 덕진구 123-45,010-2914-4126,여행
11738,이태윤,67,대구 성동구 123-45,010-1968-3465,뜨개질
11739,장서준,30,전주 해운대구 123-45,010-1035-3611,운동
11740,김소율,25,남양주 성북구 123-45,010-2632-4820,일기 쓰기
11741,김도윤,66,성남 덕양구 123-45,010-5080-4189,수영
11742,장지안,56,대구 동구 123-45,010-6978-2535,독서
11743,서시우,66,부산 성동구 123-45,010-3086-3596,일기 쓰기
11744,박시우,72,용인 덕양구 123-45,010-8531-9955,여행
11745,강도윤,23,용인 송파구 123-45,010-5650-7816,유튜브 보기
11746,박지후,30,포항 북구 123-45,010-6617-4578,보드게임
11747,정태윤,36,고양 수성구 123-45,010-2714-3804,웹서핑
11748,장하윤,43,수원 강남구 123-45,010-8145-5988,유튜브 보기
11749,조건우,64,천안 기흥구 123-45,010-5273-7183,등산
11750,장예린,52,울산 남구 123-45,010-9551-7955,뜨개질
11751,김태윤,25,포항 북구 123-45,010-3557-4740,게임
11752,윤하윤,23,청주 서구 123-45,010-8281-1223,게임
11753,서지후,47,수원 유성구 123-45,010-4812-8586,뜨개질
11754,강지안,48,부산 강서구 123-45,010-5963-3914,수영
11755,최도윤,37,평택 중구 123-45,010-9473-6259,사진촬영
11756,윤예린,44,제주 남구 123-45,010-4427-3316,수영
11757,이지민,30,천안 성동구 123-45,010-7882-2208,유튜브 보기
11758,신민수,44,포항 신제주 123-45,010-2413-4287,여행
11759,조건우,67,대구 서북구 123-45,010-6533-7571,요리
11760,정예은,41,대구 진해구 123-45,010-7055-3811,영화감상
11761,박하은,31,안산 분당구 123-45,010-6781-4587,사진촬영
11762,서서준,57,부산 일산동구 123-45,010-4285-7330,웹서핑
11763,정시우,77,서울 중구 123-45,010-8024-3306,일기 쓰기
11764,한태윤,35,광주 흥덕구 123-45,010-8853-2604,등산
11765,최예린,70,평택 송파구 123-45,010-6252-1377,웹서핑
11766,강현우,50,화성 흥덕구 123-45,010-3803-2346,음악감상
11767,강예린,57,평택 덕진구 123-45,010-3684-2913,요리
11768,신은우,55,전주 성동구 123-45,010-9189-7246,사진촬영
11769,장하은,37,평택 수성구 123-45,010-8022-4587,운동
11770,정수빈,57,울산 북구 123-45,010-4247-6832,게임
11771,오지민,68,안산 달서구 123-45,010-4696-2960,영화감상
11772,최예은,31,제주 유성구 123-45,010-1183-4106,독서
11773,서시우,58,광주 덕진구 123-45,010-5037-1113,게임
11774,강현우,28,고양 분당구 123-45,010-9809-2332,수영
11775,서태윤,66,서울 송파구 123-45,010-6996-1903,사진촬영
11776,조현우,39,제주 서북구 123-45,010-5867-8440,영화감상
11777,한태윤,39,포항 서구 123-45,010-5920-4203,여행
11778,조하윤,37,창원 수성구 123-45,010-3665-5046,독서
11779,윤지민,30,안산 흥덕구 123-45,010-9968-3317,독서
11780,이지안,45,울산 성동구 123-45,010-7793-4624,등산
11781,강현우,34,청주 일산동구 123-45,010-4047-1992,게임
11782,김지민,66,성남 달서구 123-45,010-2672-9294,웹서핑
11783,임건우,34,안산 팔달구 123-45,010-4908-4364,요리
11784,한지후,35,대전 송파구 123-45,010-1426-5921,카페 투어
11785,오지민,48,성남 해운대구 123-45,010-5242-3201,일기 쓰기
11786,최지민,55,창원 장유동 123-45,010-8436-2979,웹서핑
11787,이유진,72,김해 분당구 123-45,010-6400-9858,사진촬영
11788,최지민,75,인천 장유동 123-45,010-1980-4413,운동
11789,신지후,48,고양 덕양구 123-45,010-7242-6206,등산
11790,오예린,22,창원 성동구 123-45,010-2246-8663,독서
11791,신예은,77,용인 흥덕구 123-45,010-2940-5968,유튜브 보기
11792,박시우,79,창원 해운대구 123-45,010-1816-8834,일기 쓰기
11793,정시우,20,고양 덕진구 123-45,010-4069-8735,드로잉
11794,장유진,49,광주 송파구 123-45,010-1607-6488,웹서핑
11795,이도윤,41,안산 서구 123-45,010-1240-8446,음악감상
11796,임지민,23,남양주 일산동구 123-45,010-7583-6041,사진촬영
11797,김시우,22,용인 진해구 123-45,010-8660-7868,자전거 타기
11798,서지민,22,안양 동구 123-45,010-3005-2255,보드게임
11799,조하은,32,부산 성북구 123-45,010-4997-1467,자전거 타기
11800,서서준,29,고양 덕양구 123-45,010-5607-3474,웹서핑
11801,윤수빈,27,화성 달서구 123-45,010-7167-5805,드로잉
11802,박하윤,63,울산 남구 123-45,010-9610-7579,사진촬영
11803,윤현우,21,광주 진해구 123-45,010-9817-4561,수영
11804,오건우,68,광주 서북구 123-45,010-6898-1460,영화감상
11805,윤현우,75,대구 진해구 123-45,010-9727-6633,보드게임
11806,박민수,37,광주 남구 123-45,010-6805-2502,웹서핑
11807,강지안,66,광주 해운대구 123-45,010-1829-7070,요리
11808,오태윤,51,제주 덕진구 123-45,010-3983-2217,드로잉
11809,윤건우,42,창원 분당구 123-45,010-6154-1561,영화감상
11810,조서준,39,남양주 서북구 123-45,010-3957-8878,독서
11811,최지안,57,부산 일산동구 123-45,010-9842-5299,수영
11812,정지민,43,김해 남구 123-45,010-8301-1543,등산
11813,임예린,59,포항 남구 123-45,010-7018-5613,운동
11814,오하윤,35,평택 덕양구 123-45,010-4884-2220,독서
11815,한현우,75,청주 일산동구 123-45,010-3110-2064,게임
11816,이하윤,64,성남 서북구 123-45,010-1278-6127,사진촬영
11817,강현우,68,제주 성북구 123-45,010-5797-2237,일기 쓰기
11818,오수빈,39,성남 송파구 123-45,010-7849-5624,요리
11819,서건우,51,광주 서구 123-45,010-7643-7141,운동
11820,서현우,22,용인 덕진구 123-45,010-9553-7241,수영
11821,오시우,35,고양 덕진구 123-45,010-1957-1232,등산
11822,최지안,40,남양주 진해구 123-45,010-2332-8074,등산
11823,오은우,47,고양 달서구 123-45,010-2128-9121,카페 투어
11824,강건우,44,대구 북구 123-45,010-9214-9581,뜨개질
11825,김지안,61,청주 기흥구 123-45,010-4177-8520,카페 투어
11826,오민수,42,청주 흥덕구 123-45,010-1797-9442,자전거 타기
11827,최현우,33,용인 강남구 123-45,010-4700-1718,요리
11828,오건우,72,평택 수성구 123-45,010-6797-5658,등산
11829,이수빈,42,서울 성동구 123-45,010-3352-5603,드로잉
11830,임예은,73,대전 수성구 123-45,010-5156-6415,영화감상
11831,정예린,51,안산 해운대구 123-45,010-9249-1762,독서
11832,신수빈,32,창원 덕진구 123-45,010-5822-7874,카페 투어
11833,서지후,49,전주 서구 123-45,010-6060-2874,영화감상
11834,임지후,49,용인 성동구 123-45,010-9001-6570,웹서핑
11835,정민수,43,부산 진해구 123-45,010-4110-6742,보드게임
11836,신유진,25,전주 달서구 123-45,010-1025-6747,요리
11837,조태윤,72,천안 강남구 123-45,010-3628-9381,보드게임
11838,장하윤,37,안산 달서구 123-45,010-3676-1371,웹서핑
11839,서시우,30,용인 수성구 123-45,010-5531-5193,요리
11840,최지후,62,용인 신제주 123-45,010-2822-1150,카페 투어
11841,이지원,41,대전 중구 123-45,010-3064-7220,카페 투어
11842,윤태윤,54,세종 진해구 123-45,010-9973-5402,사진촬영
11843,박태윤,55,안산 유성구 123-45,010-4816-2309,유튜브 보기
11844,정소율,61,세종 성북구 123-45,010-6382-9842,수영
11845,서현우,45,전주 신제주 123-45,010-8360-9910,게임
11846,김지원,28,화성 달서구 123-45,010-3901-3063,유튜브 보기
11847,신민수,52,서울 흥덕구 123-45,010-3877-5168,요리
11848,조서준,73,용인 덕진구 123-45,010-4551-5937,등산
11849,서지원,56,부산 성북구 123-45,010-8956-6556,사진촬영
11850,한지후,59,서울 덕양구 123-45,010-4146-4410,카페 투어
11851,김지민,35,용인 유성구 123-45,010-9914-5435,수영
11852,서하윤,29,전주 기흥구 123-45,010-8394-3665,등산
11853,윤태윤,74,천안 분당구 123-45,010-6740-6151,등산
11854,윤예린,55,화성 성동구 123-45,010-1917-3386,카페 투어
11855,임소율,45,평택 흥덕구 123-45,010-4039-8894,여행
11856,서하윤,22,부산 남구 123-45,010-2192-1148,영화감상
11857,오시우,50,용인 진해구 123-45,010-3816-2268,영화감상
11858,임현우,51,포항 장유동 123-45,010-1567-8752,카페 투어
11859,장소율,70,제주 일산동구 123-45,010-6117-8449,자전거 타기
11860,박소율,32,평택 덕양구 123-45,010-6439-2320,독서
11861,정유진,25,고양 남구 123-45,010-5041-1910,자전거 타기
11862,한도윤,32,안산 서북구 123-45,010-1198-4156,등산
11863,이수빈,78,성남 서북구 123-45,010-6690-7892,일기 쓰기
11864,임서준,78,인천 동구 123-45,010-3313-6541,게임
11865,장서연,44,대구 분당구 123-45,010-1413-8892,요리
11866,정유진,22,용인 해운대구 123-45,010-4900-2134,게임
11867,박지안,28,평택 일산동구 123-45,010-5519-4598,일기 쓰기
11868,김시우,46,안산 중구 123-45,010-1508-3525,드로잉
11869,임지후,64,용인 송파구 123-45,010-7221-1917,영화감상
11870,장태윤,45,울산 북구 123-45,010-6136-5573,여행
11871,강지원,33,포항 성동구 123-45,010-8349-6833,사진촬영
11872,윤지민,38,안산 분당구 123-45,010-1634-6799,여행
11873,최현우,52,화성 해운대구 123-45,010-8130-4042,요리
11874,박지안,37,광주 강서구 123-45,010-9425-7714,여행
11875,한시우,42,김해 송파구 123-45,010-9602-9979,일기 쓰기
11876,임소율,55,평택 장유동 123-45,010-4514-9850,수영
11877,조서준,59,대구 흥덕구 123-45,010-7322-4211,뜨개질
11878,임은우,62,전주 흥덕구 123-45,010-5433-3686,유튜브 보기
11879,장하은,33,김해 동구 123-45,010-3920-8773,사진촬영
11880,정태윤,61,서울 장유동 123-45,010-7956-9447,여행
11881,임예은,28,포항 해운대구 123-45,010-2431-5488,요리
11882,강예은,79,용인 덕양구 123-45,010-5575-5967,드로잉
11883,오예은,38,화성 분당구 123-45,010-9925-3070,카페 투어
11884,강건우,36,울산 서구 123-45,010-7448-1014,운동
11885,박지원,60,울산 동구 123-45,010-9304-4521,드로잉
11886,윤하은,29,용인 덕양구 123-45,010-9947-1925,요리
11887,최하은,79,수원 기흥구 123-45,010-7923-3616,영화감상
11888,조하윤,79,인천 신제주 123-45,010-1229-8863,자전거 타기
11889,최지안,55,천안 수성구 123-45,010-5468-5613,독서
11890,정건우,32,전주 덕양구 123-45,010-6629-8514,운동
11891,서예린,46,포항 강남구 123-45,010-2201-2505,뜨개질
11892,조민수,32,제주 분당구 123-45,010-3221-5889,웹서핑
11893,서현우,49,포항 일산동구 123-45,010-7205-3421,독서
11894,오하은,52,남양주 흥덕구 123-45,010-5149-2108,유튜브 보기
11895,김서연,53,안양 성북구 123-45,010-6262-9186,보드게임
11896,박하은,57,성남 서북구 123-45,010-3792-9341,카페 투어
11897,오유진,34,김해 유성구 123-45,010-1474-4185,요리
11898,강태윤,68,세종 수성구 123-45,010-3019-4133,음악감상
11899,최민수,38,세종 성동구 123-45,010-1060-2227,사진촬영
11900,서도윤,71,남양주 팔달구 123-45,010-1828-4892,게임
11901,최현우,77,대전 덕양구 123-45,010-2451-6337,자전거 타기
11902,오건우,78,대전 달서구 123-45,010-7663-7667,등산
11903,강현우,77,울산 유성구 123-45,010-1226-9620,여행
11904,신건우,38,포항 북구 123-45,010-3594-7795,뜨개질
11905,오민수,31,성남 덕양구 123-45,010-3296-8357,요리
11906,강예은,56,대전 서구 123-45,010-8025-1911,자전거 타기
11907,이지민,40,인천 흥덕구 123-45,010-2912-8636,여행
11908,이서준,41,고양 신제주 123-45,010-2642-5661,자전거 타기
11909,신서연,64,김해 강서구 123-45,010-9617-1612,보드게임
11910,강소율,31,대구 강남구 123-45,010-2961-2416,등산
11911,이소율,42,천안 서구 123-45,010-5718-7973,게임
11912,임소율,70,김해 진해구 123-45,010-8204-5985,카페 투어
11913,박지후,68,김해 동구 123-45,010-3470-3127,자전거 타기
11914,최서연,55,김해 동구 123-45,010-6312-2856,등산
11915,이하은,34,천안 신제주 123-45,010-4388-6677,보드게임
11916,조시우,67,고양 송파구 123-45,010-5961-3382,영화감상
11917,서민수,63,성남 수성구 123-45,010-3127-6207,요리
11918,윤예린,39,청주 달서구 123-45,010-1900-2021,자전거 타기
11919,윤민수,53,김해 진해구 123-45,010-1490-8917,영화감상
11920,임유진,53,고양 수성구 123-45,010-8807-6589,유튜브 보기
11921,오지후,40,안양 장유동 123-45,010-5844-2113,독서
11922,박서연,61,성남 일산동구 123-45,010-4695-9592,드로잉
11923,윤지원,39,용인 서구 123-45,010-1201-9213,운동
11924,오시우,36,포항 북구 123-45,010-8624-8926,웹서핑
11925,최하윤,61,서울 강남구 123-45,010-6557-2696,일기 쓰기
11926,박서준,71,용인 동구 123-45,010-7951-1833,등산
11927,조유진,67,안산 송파구 123-45,010-1447-9740,독서
11928,최지안,51,대전 팔달구 123-45,010-9738-5601,뜨개질
11929,강예린,28,남양주 해운대구 123-45,010-9419-7619,게임
11930,최소율,66,서울 중구 123-45,010-9070-5128,뜨개질
11931,윤하윤,35,포항 서구 123-45,010-2909-9492,뜨개질
11932,정하윤,20,용인 장유동 123-45,010-1927-8478,운동
11933,정건우,42,안산 남구 123-45,010-6564-5505,카페 투어
11934,오건우,30,서울 서구 123-45,010-4970-2748,게임
11935,정시우,73,평택 팔달구 123-45,010-4644-6115,일기 쓰기
11936,조시우,25,세종 서북구 123-45,010-7950-2468,게임
11937,한민수,47,용인 덕진구 123-45,010-5809-6259,자전거 타기
11938,조서연,67,인천 수성구 123-45,010-2485-4319,등산
11939,정민수,58,부산 북구 123-45,010-1994-5610,등산
11940,강지민,27,안산 장유동 123-45,010-9014-7141,수영
11941,서민수,62,광주 성동구 123-45,010-2955-2977,유튜브 보기
11942,최민수,72,부산 송파구 123-45,010-2198-3351,요리
11943,박지민,26,화성 수성구 123-45,010-9217-1097,운동
11944,서지원,30,울산 유성구 123-45,010-2009-2183,음악감상
11945,최소율,56,화성 덕양구 123-45,010-3017-6803,자전거 타기
11946,서태윤,62,용인 북구 123-45,010-2373-4941,카페 투어
11947,장은우,73,제주 강서구 123-45,010-1551-8816,드로잉
11948,이소율,70,김해 진해구 123-45,010-7110-2635,독서
11949,정수빈,38,대구 유성구 123-45,010-8690-6305,운동
11950,오지안,26,김해 동구 123-45,010-1490-1305,운동
11951,최서연,43,세종 동구 123-45,010-2686-2590,보드게임
11952,이예린,26,안산 흥덕구 123-45,010-3637-1656,웹서핑
11953,최지안,74,제주 덕진구 123-45,010-1656-1634,카페 투어
11954,정은우,34,부산 동구 123-45,010-7245-1314,운동
11955,임현우,55,인천 성동구 123-45,010-6293-2437,자전거 타기
11956,서민수,36,청주 덕진구 123-45,010-7126-3296,여행
11957,박하은,24,남양주 강서구 123-45,010-8810-3831,뜨개질
11958,임시우,46,남양주 남구 123-45,010-6318-4194,운동
11959,김하윤,62,천안 서구 123-45,010-3724-4651,카페 투어
11960,서민수,70,안양 팔달구 123-45,010-8865-5185,사진촬영
11961,서지원,50,남양주 동구 123-45,010-6495-5288,보드게임
11962,이현우,48,청주 강남구 123-45,010-4301-2751,일기 쓰기
11963,최지안,44,광주 해운대구 123-45,010-4546-6721,드로잉
11964,이소율,65,안양 신제주 123-45,010-6822-1076,카페 투어
11965,정지민,59,울산 달서구 123-45,010-1505-6749,카페 투어
11966,최태윤,38,울산 송파구 123-45,010-9538-9682,드로잉
11967,박태윤,29,부산 덕진구 123-45,010-3081-2950,음악감상
11968,이수빈,77,인천 강서구 123-45,010-2413-7145,카페 투어
11969,장지안,70,수원 덕진구 123-45,010-6615-7614,영화감상
11970,이민수,33,광주 송파구 123-45,010-1053-3571,드로잉
11971,한지후,53,안산 서북구 123-45,010-6792-7532,수영
11972,신예린,29,대구 남구 123-45,010-5575-3616,영화감상
11973,이예린,76,안산 달서구 123-45,010-7817-9866,수영
11974,정도윤,73,대전 강남구 123-45,010-5622-1586,드로잉
11975,임유진,63,성남 중구 123-45,010-4663-7009,카페 투어
11976,임하은,27,수원 서구 123-45,010-6618-2833,등산
11977,오하은,25,창원 서북구 123-45,010-3551-5146,등산
11978,한민수,50,성남 성동구 123-45,010-2702-1550,등산
11979,정하윤,69,울산 남구 123-45,010-1358-4582,등산
11980,오소율,69,남양주 덕진구 123-45,010-1143-9331,게임
11981,한서준,60,화성 해운대구 123-45,010-4706-8911,드로잉
11982,임시우,20,부산 북구 123-45,010-2195-7104,일기 쓰기
11983,임시우,49,창원 덕양구 123-45,010-7526-6035,운동
11984,신태윤,68,고양 수성구 123-45,010-3663-7159,영화감상
11985,강지후,51,전주 성동구 123-45,010-1152-8270,영화감상
11986,이시우,26,청주 수성구 123-45,010-7759-2544,음악감상
11987,정현우,60,포항 덕양구 123-45,010-7725-7504,유튜브 보기
11988,최예린,72,천안 진해구 123-45,010-4440-5325,수영
11989,신태윤,60,울산 신제주 123-45,010-4210-7690,수영
11990,장지원,62,안산 수성구 123-45,010-2728-7518,뜨개질
11991,최예은,53,안양 동구 123-45,010-4036-3781,유튜브 보기
11992,최하은,77,창원 서구 123-45,010-6884-9653,뜨개질
11993,오현우,56,수원 일산동구 123-45,010-1648-7754,유튜브 보기
11994,정은우,74,청주 동구 123-45,010-6656-7562,수영
11995,장서연,58,천안 북구 123-45,010-5219-7009,사진촬영
11996,이건우,50,평택 유성구 123-45,010-1689-4087,등산
11997,장하은,67,안양 중구 123-45,010-7755-5165,게임
11998,조서연,51,부산 해운대구 123-45,010-3309-8796,영화감상
11999,김서준,73,광주 덕양구 123-45,010-5483-1686,게임
12000,김도윤,20,인천 팔달구 123-45,010-7465-4690,뜨개질
12001,서민수,41,서울 중구 123-45,010-4961-4980,독서
12002,윤예린,24,평택 해운대구 123-45,010-3673-1227,뜨개질
12003,조수빈,39,부산 남구 123-45,010-1786-6962,드로잉
12004,신시우,63,광주 진해구 123-45,010-3803-2415,일기 쓰기
12005,정지안,62,울산 달서구 123-45,010-2916-5143,등산
12006,신은우,67,천안 수성구 123-45,010-9947-1216,보드게임
12007,강예은,48,대구 유성구 123-45,010-6770-2806,보드게임
12008,서예은,67,대전 신제주 123-45,010-9743-2334,사진촬영
12009,강서연,41,화성 성동구 123-45,010-1786-8718,드로잉
12010,이지안,34,광주 진해구 123-45,010-4011-5779,사진촬영
12011,최지후,28,김해 강남구 123-45,010-3058-3841,드로잉
12012,서민수,72,광주 동구 123-45,010-2772-6335,독서
12013,윤은우,27,울산 중구 123-45,010-5885-3353,독서
12014,신하윤,22,전주 덕진구 123-45,010-9729-8748,운동
12015,임예은,51,전주 진해구 123-45,010-1185-6045,요리
12016,이태윤,74,안산 진해구 123-45,010-4900-5962,뜨개질
12017,장하은,56,서울 장유동 123-45,010-7508-2351,사진촬영
12018,이소율,47,청주 동구 123-45,010-6181-5843,수영
12019,장유진,68,세종 성동구 123-45,010-2209-1512,여행
12020,최현우,24,부산 북구 123-45,010-9510-6879,자전거 타기
12021,조지원,28,안양 북구 123-45,010-4934-3601,등산
12022,최지안,57,남양주 기흥구 123-45,010-2895-3671,뜨개질
12023,서하윤,64,울산 흥덕구 123-45,010-4865-8691,운동
12024,박도윤,79,포항 흥덕구 123-45,010-6274-1869,보드게임
12025,김지민,54,창원 일산동구 123-45,010-3125-3647,요리
12026,임수빈,56,고양 강남구 123-45,010-3847-2425,뜨개질
12027,장지원,55,성남 흥덕구 123-45,010-8105-8686,음악감상
12028,이하윤,51,안산 흥덕구 123-45,010-7008-4301,수영
12029,정서연,32,울산 북구 123-45,010-4024-4849,일기 쓰기
12030,임지원,23,창원 진해구 123-45,010-3533-4185,사진촬영
12031,김은우,49,청주 서구 123-45,010-5328-3185,운동
12032,한은우,60,수원 송파구 123-45,010-5049-8199,음악감상
12033,오하윤,44,남양주 북구 123-45,010-4023-8223,웹서핑
12034,김태윤,47,안산 장유동 123-45,010-3825-1383,수영
12035,최현우,34,안산 분당구 123-45,010-1688-7995,운동
12036,서예린,33,용인 남구 123-45,010-9411-1171,수영
12037,정소율,27,전주 신제주 123-45,010-2962-1904,일기 쓰기
12038,강수빈,52,고양 강남구 123-45,010-2883-3107,여행
12039,최예린,57,세종 해운대구 123-45,010-3249-4814,요리
12040,조하윤,64,화성 분당구 123-45,010-2327-5480,등산
12041,임예린,53,제주 중구 123-45,010-3433-9381,수영
12042,조서준,30,대구 성북구 123-45,010-8780-9492,음악감상
12043,윤지안,28,창원 달서구 123-45,010-9825-4920,유튜브 보기
12044,장건우,43,서울 흥덕구 123-45,010-5478-9976,자전거 타기
12045,신예린,74,안산 서북구 123-45,010-8940-8495,운동
12046,강예은,57,포항 강서구 123-45,010-2802-7100,일기 쓰기
12047,이소율,41,포항 신제주 123-45,010-4145-3482,사진촬영
12048,최민수,59,고양 서구 123-45,010-1526-8625,드로잉
12049,장건우,29,제주 흥덕구 123-45,010-1971-5971,사진촬영
12050,최수빈,52,세종 성동구 123-45,010-4991-8841,여행
12051,신은우,21,용인 신제주 123-45,010-4457-6556,일기 쓰기
12052,정서연,36,평택 북구 123-45,010-3585-6284,일기 쓰기
12053,정예린,40,대전 일산동구 123-45,010-1231-4660,자전거 타기
12054,김소율,64,평택 해운대구 123-45,010-3529-8980,웹서핑
12055,임서연,51,천안 남구 123-45,010-2921-2245,카페 투어
12056,윤태윤,34,성남 분당구 123-45,010-3749-7161,자전거 타기
12057,신지후,61,광주 해운대구 123-45,010-7638-3529,영화감상
12058,이도윤,45,부산 덕양구 123-45,010-4122-9436,보드게임
12059,조태윤,37,안산 달서구 123-45,010-6682-3615,카페 투어
12060,서수빈,76,김해 진해구 123-45,010-7260-2583,웹서핑
12061,서지민,73,청주 서구 123-45,010-1793-9897,일기 쓰기
12062,조지원,31,용인 일산동구 123-45,010-1152-8947,음악감상
12063,장태윤,33,세종 장유동 123-45,010-5098-2544,웹서핑
12064,박유진,23,서울 진해구 123-45,010-3412-7000,음악감상
12065,최지안,27,전주 동구 123-45,010-3049-3437,보드게임
12066,한수빈,74,서울 해운대구 123-45,010-3989-4903,영화감상
12067,서지원,44,부산 달서구 123-45,010-8979-2497,음악감상
12068,신예린,60,울산 성동구 123-45,010-6879-7210,등산
12069,윤태윤,57,부산 신제주 123-45,010-1436-4245,독서
12070,최하은,53,부산 신제주 123-45,010-4912-3049,자전거 타기
12071,서예린,46,포항 진해구 123-45,010-5579-8130,자전거 타기
12072,윤유진,76,안산 수성구 123-45,010-4852-9902,영화감상
12073,임서준,25,천안 강서구 123-45,010-1972-5465,수영
12074,한서준,62,남양주 덕양구 123-45,010-4721-5249,음악감상
12075,한은우,31,용인 흥덕구 123-45,010-2908-2915,여행
12076,최시우,50,포항 북구 123-45,010-5971-3116,유튜브 보기
12077,신지원,36,인천 송파구 123-45,010-7352-4665,웹서핑
12078,장민수,79,광주 남구 123-45,010-7664-9487,드로잉
12079,임하은,43,천안 남구 123-45,010-6652-2443,요리
12080,오지민,41,안산 중구 123-45,010-1788-3780,음악감상
12081,한지민,54,대구 분당구 123-45,010-8255-5228,보드게임
12082,강하윤,65,전주 일산동구 123-45,010-9900-4099,독서
12083,임건우,69,안산 해운대구 123-45,010-7949-2964,요리
12084,임수빈,56,화성 성동구 123-45,010-1375-4405,보드게임
12085,이시우,59,성남 송파구 123-45,010-7811-2731,영화감상
12086,장지후,32,광주 분당구 123-45,010-3879-6308,웹서핑
12087,김서준,22,세종 진해구 123-45,010-9686-6540,독서
12088,이태윤,76,부산 달서구 123-45,010-5020-5161,자전거 타기
12089,조서연,31,안양 성동구 123-45,010-2899-5030,보드게임
12090,한예린,23,남양주 남구 123-45,010-7425-8923,영화감상
12091,신건우,78,창원 수성구 123-45,010-9199-4892,자전거 타기
12092,정예은,29,인천 일산동구 123-45,010-8155-3030,음악감상
12093,신하은,41,화성 강서구 123-45,010-3543-9637,음악감상
12094,최태윤,40,성남 기흥구 123-45,010-4416-9177,게임
12095,김지민,33,세종 수성구 123-45,010-1504-1323,웹서핑
12096,박하윤,55,광주 성동구 123-45,010-2500-5189,운동
12097,신민수,75,안산 서북구 123-45,010-4519-3720,일기 쓰기
12098,임은우,45,대구 분당구 123-45,010-7341-1115,사진촬영
12099,김은우,35,안산 서구 123-45,010-5601-6795,드로잉
12100,조예은,46,안양 덕양구 123-45,010-1919-9861,독서
12101,한현우,47,창원 분당구 123-45,010-9819-4726,운동
12102,윤지원,79,남양주 장유동 123-45,010-3744-4444,자전거 타기
12103,임태윤,31,청주 동구 123-45,010-1474-7850,사진촬영
12104,서건우,61,청주 흥덕구 123-45,010-1797-8160,카페 투어
12105,정하윤,25,포항 서구 123-45,010-3115-1064,등산
12106,신은우,70,용인 중구 123-45,010-3314-8683,드로잉
12107,서지원,30,성남 장유동 123-45,010-6019-1922,보드게임
12108,최수빈,49,인천 해운대구 123-45,010-4196-2084,운동
12109,임하은,51,세종 장유동 123-45,010-6831-4959,유튜브 보기
12110,김시우,45,대전 팔달구 123-45,010-9489-2007,드로잉
12111,최지안,73,화성 수성구 123-45,010-2884-3793,여행
12112,박지민,26,김해 덕양구 123-45,010-5629-1987,드로잉
12113,신지원,28,부산 유성구 123-45,010-5071-9984,여행
12114,정현우,34,성남 송파구 123-45,010-5390-1481,등산
12115,장하윤,33,포항 달서구 123-45,010-9397-6367,게임
12116,윤건우,40,포항 장유동 123-45,010-5361-2803,음악감상
12117,김예린,43,안산 강서구 123-45,010-9155-8374,등산
12118,신건우,27,평택 흥덕구 123-45,010-7122-6217,웹서핑
12119,임서연,45,울산 남구 123-45,010-3870-7670,게임
12120,한예린,43,안양 해운대구 123-45,010-3566-9661,독서
12121,장현우,41,포항 분당구 123-45,010-3620-9712,독서
12122,신하은,49,전주 덕양구 123-45,010-7236-1751,드로잉
12123,서건우,24,부산 달서구 123-45,010-9832-1844,영화감상
12124,이하윤,46,창원 강남구 123-45,010-3174-6504,여행
12125,이지후,66,대전 동구 123-45,010-3448-4933,일기 쓰기
12126,이태윤,56,대전 성동구 123-45,010-7499-8970,사진촬영
12127,장지후,73,평택 덕진구 123-45,010-3489-2923,웹서핑
12128,김은우,35,안양 팔달구 123-45,010-4792-3630,운동
12129,최민수,66,용인 성동구 123-45,010-8376-1630,독서
12130,신현우,44,제주 동구 123-45,010-9897-8884,웹서핑
12131,윤수빈,21,김해 남구 123-45,010-8803-3753,자전거 타기
12132,장도윤,68,세종 장유동 123-45,010-6012-9989,등산
12133,임지후,56,용인 성동구 123-45,010-4285-6747,게임
12134,박은우,24,남양주 덕진구 123-45,010-1861-8851,게임
12135,김도윤,20,광주 기흥구 123-45,010-5644-4839,카페 투어
12136,신서준,42,부산 흥덕구 123-45,010-4641-6886,수영
12137,조지원,78,대전 성북구 123-45,010-9342-6044,드로잉
12138,이예은,77,대전 팔달구 123-45,010-1271-3352,여행
12139,이서준,66,남양주 중구 123-45,010-6870-6036,음악감상
12140,조지민,48,인천 수성구 123-45,010-8401-7745,카페 투어
12141,강하윤,58,세종 일산동구 123-45,010-9858-4473,드로잉
12142,박하윤,23,성남 수성구 123-45,010-7526-3522,영화감상
12143,이서연,26,청주 강서구 123-45,010-4320-3322,여행
12144,강지후,32,인천 일산동구 123-45,010-3299-7342,드로잉
12145,오유진,25,안산 서북구 123-45,010-3899-3801,사진촬영
12146,조서연,34,김해 서북구 123-45,010-2940-8315,카페 투어
12147,서지민,66,제주 일산동구 123-45,010-5513-3559,수영
12148,강수빈,72,청주 해운대구 123-45,010-6487-8108,수영
12149,조유진,59,창원 중구 123-45,010-5208-4453,보드게임
12150,한지안,74,안양 분당구 123-45,010-9272-9570,자전거 타기
12151,강지후,32,서울 수성구 123-45,010-5955-3964,여행
12152,임시우,61,용인 신제주 123-45,010-5101-9292,드로잉
12153,오소율,39,포항 진해구 123-45,010-6512-3669,요리
12154,임지원,79,평택 진해구 123-45,010-6034-4246,등산
12155,한건우,53,울산 달서구 123-45,010-7829-4337,유튜브 보기
12156,최소율,75,평택 덕진구 123-45,010-1261-8799,등산
12157,윤서준,43,제주 성북구 123-45,010-6525-8881,영화감상
12158,조지원,28,청주 성북구 123-45,010-6419-6656,자전거 타기
12159,장서연,33,평택 서북구 123-45,010-7071-3134,여행
12160,장유진,46,수원 팔달구 123-45,010-6999-3882,영화감상
12161,장하윤,33,창원 북구 123-45,010-2334-9569,드로잉
12162,신지민,78,서울 덕진구 123-45,010-2601-2768,웹서핑
12163,윤태윤,72,용인 달서구 123-45,010-9529-3930,카페 투어
12164,신서연,74,대전 기흥구 123-45,010-1100-5920,유튜브 보기
12165,임지원,58,용인 성동구 123-45,010-7851-6100,웹서핑
12166,윤소율,25,창원 장유동 123-45,010-8205-2365,여행
12167,이서연,37,고양 성북구 123-45,010-5803-9655,카페 투어
12168,장도윤,78,성남 신제주 123-45,010-7562-7640,독서
12169,박은우,70,울산 진해구 123-45,010-8364-3963,여행
12170,박은우,41,안양 강서구 123-45,010-1071-4889,보드게임
12171,오태윤,77,안양 덕양구 123-45,010-7941-4587,카페 투어
12172,정하윤,71,화성 해운대구 123-45,010-6298-3657,독서
12173,한유진,29,광주 강남구 123-45,010-4146-1535,독서
12174,정지후,30,대구 성북구 123-45,010-7488-3362,독서
12175,이예린,40,천안 유성구 123-45,010-4439-4431,카페 투어
12176,김서연,21,성남 서구 123-45,010-3741-2708,게임
12177,최서연,54,성남 서구 123-45,010-4683-5541,등산
12178,오은우,23,안양 성동구 123-45,010-5726-7465,음악감상
12179,이유진,46,용인 흥덕구 123-45,010-4545-6939,뜨개질
12180,김하윤,32,안양 장유동 123-45,010-7233-3881,자전거 타기
12181,조수빈,70,성남 수성구 123-45,010-7448-7296,사진촬영
12182,조수빈,70,성남 성북구 123-45,010-4507-2462,보드게임
12183,한민수,51,제주 달서구 123-45,010-3652-8518,독서
12184,한지후,44,전주 송파구 123-45,010-3104-2384,카페 투어
12185,김예린,57,용인 달서구 123-45,010-1825-2535,음악감상
12186,장수빈,69,성남 진해구 123-45,010-6997-2505,수영
12187,이시우,79,세종 달서구 123-45,010-8902-4930,뜨개질
12188,신시우,72,제주 송파구 123-45,010-4897-4313,자전거 타기
12189,윤현우,47,천안 기흥구 123-45,010-6951-1809,여행
12190,박태윤,40,전주 진해구 123-45,010-4350-3097,유튜브 보기
12191,서소율,65,천안 팔달구 123-45,010-6424-2821,여행
12192,장하윤,46,서울 팔달구 123-45,010-2603-3579,드로잉
12193,김민수,36,고양 달서구 123-45,010-3640-5327,게임
12194,박지원,53,전주 수성구 123-45,010-5933-1632,게임
12195,장지후,22,부산 서북구 123-45,010-1259-8192,사진촬영
12196,이태윤,20,서울 달서구 123-45,010-4432-1752,사진촬영
12197,장지민,60,화성 신제주 123-45,010-2462-3649,영화감상
12198,정현우,39,수원 해운대구 123-45,010-4026-7084,음악감상
12199,조민수,30,김해 장유동 123-45,010-1197-5163,등산
12200,신지안,23,제주 진해구 123-45,010-9807-2286,요리
12201,장지민,78,청주 분당구 123-45,010-5895-1455,자전거 타기
12202,임지원,37,전주 서구 123-45,010-2660-9086,드로잉
12203,한유진,21,포항 덕진구 123-45,010-5944-4206,독서
12204,김서연,74,전주 달서구 123-45,010-9368-5454,카페 투어
12205,한수빈,39,청주 남구 123-45,010-4405-2777,유튜브 보기
12206,정지안,28,세종 성북구 123-45,010-2853-5622,음악감상
12207,윤은우,62,인천 신제주 123-45,010-5723-8680,자전거 타기
12208,한하윤,71,안양 성동구 123-45,010-9435-1183,요리
12209,박수빈,71,천안 일산동구 123-45,010-3439-4534,수영
12210,조지후,68,안양 해운대구 123-45,010-9764-6259,수영
12211,오지후,59,용인 분당구 123-45,010-9669-3299,게임
12212,임예은,64,김해 서구 123-45,010-4312-5755,사진촬영
12213,김현우,34,제주 분당구 123-45,010-9356-8767,수영
12214,박시우,21,안양 중구 123-45,010-1073-1223,카페 투어
12215,최시우,50,김해 서구 123-45,010-5904-7429,자전거 타기
12216,최은우,43,남양주 진해구 123-45,010-3287-7800,게임
12217,강도윤,36,평택 덕양구 123-45,010-4270-2100,영화감상
12218,장하윤,34,포항 진해구 123-45,010-6140-9624,요리
12219,윤은우,48,안양 남구 123-45,010-6531-1255,웹서핑
12220,강서연,53,고양 수성구 123-45,010-1792-6839,웹서핑
12221,정시우,28,세종 중구 123-45,010-3972-5813,일기 쓰기
12222,김태윤,49,대전 서북구 123-45,010-6310-5623,수영
12223,정지후,57,대전 성동구 123-45,010-9798-6080,여행
12224,신예은,49,광주 유성구 123-45,010-6315-4280,유튜브 보기
12225,장지민,47,화성 유성구 123-45,010-9006-4538,여행
12226,장하윤,36,제주 해운대구 123-45,010-1837-9572,영화감상
12227,서서준,68,인천 달서구 123-45,010-4473-2634,보드게임
12228,장지원,50,세종 분당구 123-45,010-6952-7347,웹서핑
12229,최서연,69,대전 신제주 123-45,010-2828-3490,뜨개질
12230,신서연,20,광주 신제주 123-45,010-7266-5871,일기 쓰기
12231,김하윤,75,화성 장유동 123-45,010-9772-7691,일기 쓰기
12232,강은우,63,창원 일산동구 123-45,010-4855-7152,영화감상
12233,오하윤,58,울산 덕양구 123-45,010-4414-9078,웹서핑
12234,신지원,73,안양 북구 123-45,010-5285-4575,등산
12235,서건우,40,울산 성동구 123-45,010-3359-9685,뜨개질
12236,정예은,74,고양 동구 123-45,010-8553-2462,요리
12237,정예은,30,서울 강남구 123-45,010-4116-6527,운동
12238,정지후,78,수원 일산동구 123-45,010-2567-8629,운동
12239,최소율,56,청주 유성구 123-45,010-8114-2166,웹서핑
12240,강지안,61,성남 진해구 123-45,010-8092-1094,사진촬영
12241,박태윤,32,인천 동구 123-45,010-3342-1642,자전거 타기
12242,장지민,21,제주 수성구 123-45,010-5998-8793,운동
12243,강건우,59,제주 송파구 123-45,010-2134-8270,운동
12244,한지안,64,고양 달서구 123-45,010-9202-9520,요리
12245,윤하윤,78,서울 진해구 123-45,010-1877-7194,사진촬영
12246,신도윤,64,김해 성북구 123-45,010-4684-3483,카페 투어
12247,서유진,53,수원 장유동 123-45,010-8729-4791,드로잉
12248,김수빈,29,서울 송파구 123-45,010-2361-9100,카페 투어
12249,조민수,50,화성 흥덕구 123-45,010-4791-8998,드로잉
12250,조지후,52,제주 기흥구 123-45,010-3407-2699,사진촬영
12251,장예은,29,대전 북구 123-45,010-3892-3871,뜨개질
12252,한현우,35,세종 남구 123-45,010-9195-5010,여행
12253,서지민,69,화성 해운대구 123-45,010-3301-6989,영화감상
12254,장태윤,69,서울 덕양구 123-45,010-6473-6097,독서
12255,장태윤,77,서울 팔달구 123-45,010-8136-8008,수영
12256,오서준,65,안양 북구 123-45,010-5847-6849,카페 투어
12257,강수빈,58,울산 성동구 123-45,010-6144-8760,운동
12258,오은우,43,안양 중구 123-45,010-7561-6916,사진촬영
12259,오하윤,47,고양 분당구 123-45,010-1115-3584,유튜브 보기
12260,윤하은,52,김해 강남구 123-45,010-2140-6266,뜨개질
12261,강민수,59,서울 유성구 123-45,010-8198-6487,자전거 타기
12262,장예린,45,광주 팔달구 123-45,010-2407-9285,카페 투어
12263,조민수,68,울산 덕진구 123-45,010-1239-9104,독서
12264,조현우,28,천안 흥덕구 123-45,010-4884-5101,자전거 타기
12265,정민수,26,청주 강남구 123-45,010-3865-9698,드로잉
12266,박현우,45,포항 달서구 123-45,010-3122-4452,수영
12267,오지민,24,김해 서구 123-45,010-9130-9655,드로잉
12268,오지민,77,부산 진해구 123-45,010-6334-2010,보드게임
12269,한건우,33,창원 성동구 123-45,010-8992-5345,운동
12270,정지안,25,남양주 해운대구 123-45,010-9108-4249,음악감상
12271,윤지안,30,고양 진해구 123-45,010-5094-6983,유튜브 보기
12272,서수빈,74,안양 강서구 123-45,010-5426-6537,자전거 타기
12273,한소율,22,화성 수성구 123-45,010-6874-9963,뜨개질
12274,장소율,62,화성 기흥구 123-45,010-9140-1164,뜨개질
12275,정현우,48,제주 팔달구 123-45,010-5650-2182,요리
12276,서은우,40,전주 진해구 123-45,010-6384-3810,유튜브 보기
12277,한하윤,37,천안 신제주 123-45,010-2257-3441,게임
12278,서지안,43,안산 일산동구 123-45,010-6282-5036,영화감상
12279,오태윤,76,대구 서구 123-45,010-6301-1469,뜨개질
12280,김서준,72,세종 덕양구 123-45,010-6040-7148,독서
12281,박시우,64,전주 강남구 123-45,010-5868-3555,운동
12282,정유진,78,안산 유성구 123-45,010-1278-3826,여행
12283,한은우,39,평택 흥덕구 123-45,010-6001-4644,자전거 타기
12284,김예린,32,수원 성북구 123-45,010-9050-2920,운동
12285,강건우,57,창원 해운대구 123-45,010-1651-6201,여행
12286,정건우,41,제주 흥덕구 123-45,010-7320-6078,수영
12287,박소율,37,창원 서북구 123-45,010-3917-3699,일기 쓰기
12288,임하은,56,창원 수성구 123-45,010-3678-9614,등산
12289,이수빈,50,안산 팔달구 123-45,010-3998-9859,사진촬영
12290,신도윤,30,화성 성북구 123-45,010-1817-3528,사진촬영
12291,신지원,33,인천 강서구 123-45,010-8433-2905,드로잉
12292,최민수,50,수원 동구 123-45,010-1477-5142,요리
12293,윤지후,29,포항 덕진구 123-45,010-9517-8432,드로잉
12294,최유진,63,수원 분당구 123-45,010-4159-5960,독서
12295,정유진,25,인천 진해구 123-45,010-1845-7728,요리
12296,임지민,60,제주 수성구 123-45,010-5909-3463,영화감상
12297,최건우,59,천안 동구 123-45,010-9264-7409,카페 투어
12298,정현우,36,천안 덕진구 123-45,010-1187-1277,드로잉
12299,윤은우,47,수원 송파구 123-45,010-4505-2446,독서
12300,이서준,40,대전 장유동 123-45,010-8423-4963,등산
12301,최도윤,47,광주 성북구 123-45,010-3511-2631,등산
12302,김지민,71,울산 북구 123-45,010-1190-5577,뜨개질
12303,이민수,60,용인 남구 123-45,010-2373-5996,독서
12304,서은우,68,평택 일산동구 123-45,010-9684-6840,일기 쓰기
12305,박태윤,39,대전 서구 123-45,010-1746-9823,유튜브 보기
12306,오하은,27,성남 성북구 123-45,010-9438-5466,영화감상
12307,오수빈,56,안산 유성구 123-45,010-7930-7130,여행
12308,윤지안,77,제주 송파구 123-45,010-8034-1719,등산
12309,서지원,49,제주 분당구 123-45,010-1441-4836,웹서핑
12310,신수빈,79,부산 성동구 123-45,010-1885-3513,수영
12311,김지민,67,창원 수성구 123-45,010-6870-8023,게임
12312,오지민,66,용인 성북구 123-45,010-4571-6040,운동
12313,박태윤,26,평택 덕양구 123-45,010-6749-7869,게임
12314,서지원,60,안양 북구 123-45,010-5465-2333,자전거 타기
12315,최지후,48,안산 기흥구 123-45,010-9570-7669,음악감상
12316,윤지원,53,울산 팔달구 123-45,010-7069-2130,일기 쓰기
12317,정은우,70,화성 달서구 123-45,010-1500-5009,여행
12318,서지원,58,대구 달서구 123-45,010-2332-3200,사진촬영
12319,한예린,57,안산 동구 123-45,010-8623-9482,운동
12320,임건우,24,서울 성동구 123-45,010-5522-4439,뜨개질
12321,임유진,21,청주 장유동 123-45,010-7583-2929,음악감상
12322,신수빈,72,인천 서구 123-45,010-8317-6736,등산
12323,강은우,36,고양 서구 123-45,010-8371-4695,여행
12324,박민수,44,대구 동구 123-45,010-4905-5533,보드게임
12325,이지원,54,안산 해운대구 123-45,010-9263-3725,영화감상
12326,김현우,36,창원 남구 123-45,010-2771-6454,사진촬영
12327,이지민,22,인천 서북구 123-45,010-8304-4428,여행
12328,서태윤,49,안양 달서구 123-45,010-7874-6333,등산
12329,윤시우,43,인천 강남구 123-45,010-5787-9541,음악감상
12330,신유진,48,포항 진해구 123-45,010-8424-1682,등산
12331,최민수,67,용인 강남구 123-45,010-7428-6921,수영
12332,오민수,39,청주 중구 123-45,010-5068-9647,웹서핑
12333,최현우,38,대전 성동구 123-45,010-5618-3177,뜨개질
12334,정태윤,37,안산 송파구 123-45,010-5059-1940,카페 투어
12335,신도윤,42,수원 성동구 123-45,010-5665-9765,뜨개질
12336,조지후,57,광주 달서구 123-45,010-2809-8635,사진촬영
12337,최유진,56,창원 일산동구 123-45,010-5206-5320,수영
12338,신현우,51,부산 달서구 123-45,010-1068-7796,보드게임
12339,장예린,41,용인 덕양구 123-45,010-2454-9210,유튜브 보기
12340,김태윤,69,안산 덕진구 123-45,010-1168-1576,등산
12341,조도윤,69,광주 유성구 123-45,010-1910-9707,자전거 타기
12342,서은우,74,용인 덕양구 123-45,010-3667-6241,보드게임
12343,임현우,42,안산 서구 123-45,010-1379-1550,뜨개질
12344,정지안,29,성남 흥덕구 123-45,010-6897-4104,유튜브 보기
12345,이하윤,64,김해 신제주 123-45,010-1609-2266,카페 투어
12346,이시우,22,수원 남구 123-45,010-3680-8085,유튜브 보기
12347,신지후,50,창원 중구 123-45,010-5543-8042,일기 쓰기
12348,최지안,70,포항 해운대구 123-45,010-5733-3505,영화감상
12349,오하윤,71,창원 팔달구 123-45,010-5329-7509,일기 쓰기
12350,박건우,66,고양 강서구 123-45,010-6219-8022,여행
12351,장서연,33,인천 수성구 123-45,010-9964-2453,독서
12352,최서준,68,천안 송파구 123-45,010-4858-7652,카페 투어
12353,윤지민,48,수원 신제주 123-45,010-7845-1068,카페 투어
12354,장지후,59,광주 수성구 123-45,010-2541-2636,여행
12355,서지민,78,용인 유성구 123-45,010-3409-1513,등산
12356,윤하은,50,부산 강서구 123-45,010-5905-8305,보드게임
12357,한소율,40,성남 분당구 123-45,010-4149-6158,웹서핑
12358,조건우,33,안산 분당구 123-45,010-1420-5865,요리
12359,김유진,75,창원 팔달구 123-45,010-2558-6532,독서
12360,윤수빈,78,천안 중구 123-45,010-4258-5575,운동
12361,강지민,63,대전 송파구 123-45,010-4913-2188,사진촬영
12362,장서준,52,울산 동구 123-45,010-9313-3996,수영
12363,한은우,30,성남 강서구 123-45,010-2379-6640,자전거 타기
12364,한서연,30,수원 서구 123-45,010-8446-7927,수영
12365,이하윤,73,김해 강남구 123-45,010-5562-4615,운동
12366,조서준,60,안양 남구 123-45,010-5893-6436,웹서핑
12367,최예린,44,평택 서북구 123-45,010-5217-1155,일기 쓰기
12368,신지원,59,성남 중구 123-45,010-5283-4482,보드게임
12369,최서연,73,화성 강남구 123-45,010-8198-3780,여행
12370,오서연,40,대전 분당구 123-45,010-7046-3250,음악감상
12371,김예은,61,제주 강서구 123-45,010-3934-6749,보드게임
12372,장유진,77,청주 팔달구 123-45,010-3731-1710,등산
12373,강은우,44,대전 분당구 123-45,010-6142-6686,독서
12374,윤도윤,45,부산 신제주 123-45,010-5110-8318,자전거 타기
12375,한은우,77,김해 남구 123-45,010-7075-6680,수영
12376,조하은,35,천안 덕양구 123-45,010-6500-2204,카페 투어
12377,정소율,31,남양주 신제주 123-45,010-1930-2380,뜨개질
12378,윤민수,31,서울 덕진구 123-45,010-7403-1408,여행
12379,장예은,75,김해 서구 123-45,010-5400-4090,요리
12380,조유진,75,남양주 남구 123-45,010-7520-2139,사진촬영
12381,최서연,68,화성 해운대구 123-45,010-7315-2333,음악감상
12382,강서연,22,용인 유성구 123-45,010-6695-3407,게임
12383,박유진,49,울산 팔달구 123-45,010-4654-1477,등산
12384,임현우,59,남양주 서북구 123-45,010-7397-2117,뜨개질
12385,장유진,27,김해 서북구 123-45,010-1495-2602,등산
12386,장도윤,74,평택 덕진구 123-45,010-2433-1093,음악감상
12387,임서연,57,수원 유성구 123-45,010-8259-8991,보드게임
12388,임하은,40,안양 성동구 123-45,010-6957-2784,영화감상
12389,임도윤,54,천안 진해구 123-45,010-8888-4363,영화감상
12390,윤시우,79,용인 신제주 123-45,010-8352-5056,독서
12391,신시우,72,서울 팔달구 123-45,010-1857-3369,게임
12392,정지원,34,평택 강서구 123-45,010-4007-2749,웹서핑
12393,최하윤,67,평택 성북구 123-45,010-9124-7448,유튜브 보기
12394,장시우,48,서울 서북구 123-45,010-9566-6545,보드게임
12395,강현우,21,천안 신제주 123-45,010-4071-2466,음악감상
12396,서시우,29,제주 유성구 123-45,010-8803-7132,웹서핑
12397,윤수빈,55,고양 수성구 123-45,010-3285-5273,독서
12398,최건우,42,창원 중구 123-45,010-2938-1927,요리
12399,강지후,38,제주 흥덕구 123-45,010-9972-2260,수영
12400,윤민수,20,안양 기흥구 123-45,010-8049-4245,영화감상
12401,윤예린,46,김해 유성구 123-45,010-4202-2837,등산
12402,서건우,61,광주 분당구 123-45,010-9316-8156,유튜브 보기
12403,신태윤,21,제주 기흥구 123-45,010-9082-9613,카페 투어
12404,이지원,73,서울 수성구 123-45,010-3433-8751,요리
12405,윤예린,68,대구 성북구 123-45,010-5082-6333,영화감상
12406,이하윤,69,인천 덕양구 123-45,010-5460-4839,보드게임
12407,조현우,68,청주 유성구 123-45,010-5904-1206,카페 투어
12408,한하윤,42,청주 기흥구 123-45,010-5859-7667,자전거 타기
12409,이은우,53,천안 진해구 123-45,010-1191-9769,등산
12410,한예은,53,남양주 덕진구 123-45,010-1114-4399,음악감상
12411,박유진,73,화성 팔달구 123-45,010-2622-8911,뜨개질
12412,박지후,40,제주 서북구 123-45,010-3375-2130,음악감상
12413,윤지후,68,김해 달서구 123-45,010-6704-3273,보드게임
12414,박지원,63,평택 유성구 123-45,010-6238-2453,사진촬영
12415,박시우,44,전주 중구 123-45,010-7403-4880,드로잉
12416,오태윤,23,부산 해운대구 123-45,010-9853-7394,유튜브 보기
12417,강유진,34,전주 기흥구 123-45,010-9013-2629,운동
12418,신유진,73,안산 장유동 123-45,010-7241-3665,카페 투어
12419,윤예은,31,평택 장유동 123-45,010-1633-7456,보드게임
12420,서서준,74,평택 북구 123-45,010-4773-7835,게임
12421,박현우,51,안양 달서구 123-45,010-7958-2436,등산
12422,강수빈,52,제주 분당구 123-45,010-5513-2354,등산
12423,박은우,29,대전 성동구 123-45,010-2911-1569,게임
12424,이하윤,63,인천 기흥구 123-45,010-6368-1951,게임
12425,서건우,71,안양 강서구 123-45,010-6131-8183,영화감상
12426,윤은우,60,제주 성북구 123-45,010-5895-1194,요리
12427,윤예은,57,청주 강서구 123-45,010-2750-7497,여행
12428,서지후,52,인천 진해구 123-45,010-2852-2356,수영
12429,서소율,62,남양주 유성구 123-45,010-7036-3479,독서
12430,윤소율,52,부산 유성구 123-45,010-1908-4743,게임
12431,한유진,24,부산 동구 123-45,010-4412-8177,음악감상
12432,신수빈,78,대구 서구 123-45,010-1355-3019,드로잉
12433,조현우,60,창원 수성구 123-45,010-2161-9817,운동
12434,한예은,70,포항 서구 123-45,010-4590-5378,웹서핑
12435,임현우,58,인천 강남구 123-45,010-2378-7129,독서
12436,서유진,57,부산 해운대구 123-45,010-8523-3028,보드게임
12437,최유진,20,용인 성동구 123-45,010-6979-9512,요리
12438,김수빈,32,김해 송파구 123-45,010-7895-3131,유튜브 보기
12439,김건우,31,평택 서구 123-45,010-9344-6528,등산
12440,최현우,56,제주 일산동구 123-45,010-8150-6591,일기 쓰기
12441,오건우,79,김해 덕진구 123-45,010-1872-1531,음악감상
12442,최지민,27,남양주 남구 123-45,010-2757-8922,사진촬영
12443,최지민,58,제주 팔달구 123-45,010-2919-8600,뜨개질
12444,박하은,33,청주 송파구 123-45,010-1546-1804,독서
12445,오하윤,45,포항 기흥구 123-45,010-5977-4729,일기 쓰기
12446,강건우,23,대전 흥덕구 123-45,010-1562-3486,수영
12447,김도윤,52,부산 강서구 123-45,010-8461-7759,자전거 타기
12448,강지민,34,부산 장유동 123-45,010-8937-6346,영화감상
12449,장서준,26,제주 해운대구 123-45,010-9111-5243,일기 쓰기
12450,최시우,64,수원 분당구 123-45,010-4676-7985,요리
12451,서서준,34,창원 동구 123-45,010-9780-1006,요리
12452,강수빈,48,남양주 일산동구 123-45,010-8298-3787,일기 쓰기
12453,김예은,49,서울 신제주 123-45,010-3840-1937,일기 쓰기
12454,최현우,37,제주 흥덕구 123-45,010-1149-7625,등산
12455,윤지후,30,남양주 성동구 123-45,010-5666-2693,드로잉
12456,박시우,43,수원 팔달구 123-45,010-8052-9813,게임
12457,장시우,32,대구 흥덕구 123-45,010-1646-5955,수영
12458,신도윤,44,부산 분당구 123-45,010-9780-1039,영화감상
12459,신현우,24,제주 남구 123-45,010-1593-2060,드로잉
12460,윤소율,55,인천 분당구 123-45,010-5305-6697,뜨개질
12461,강예은,33,화성 일산동구 123-45,010-1992-5865,등산
12462,이서연,47,화성 진해구 123-45,010-5281-4211,뜨개질
12463,서하윤,26,전주 분당구 123-45,010-3247-8234,일기 쓰기
12464,윤유진,76,안양 달서구 123-45,010-5680-8134,자전거 타기
12465,박시우,61,대구 남구 123-45,010-1325-5050,여행
12466,조은우,75,제주 덕양구 123-45,010-4348-5476,여행
12467,강서준,58,용인 분당구 123-45,010-4302-9161,보드게임
12468,장서연,61,전주 장유동 123-45,010-9945-9870,카페 투어
12469,장지민,36,부산 흥덕구 123-45,010-2775-5551,자전거 타기
12470,이예린,79,대구 강남구 123-45,010-5893-4060,운동
12471,조지민,41,남양주 분당구 123-45,010-5109-9439,수영
12472,한태윤,43,전주 동구 123-45,010-9388-8839,요리
12473,한하윤,73,수원 성북구 123-45,010-3917-5528,자전거 타기
12474,조지원,45,평택 강서구 123-45,010-5812-4305,수영
12475,오소율,48,안양 달서구 123-45,010-3004-7253,독서
12476,김소율,70,전주 유성구 123-45,010-1977-2026,수영
12477,윤태윤,50,고양 진해구 123-45,010-5079-2493,카페 투어
12478,박서연,31,광주 성북구 123-45,010-4145-7372,뜨개질
12479,서유진,20,부산 유성구 123-45,010-2003-5210,게임
12480,정하윤,42,남양주 동구 123-45,010-3897-3071,보드게임
12481,정유진,77,용인 서북구 123-45,010-4269-2310,일기 쓰기
12482,신지안,63,성남 서북구 123-45,010-3684-6613,요리
12483,강하윤,72,평택 서북구 123-45,010-5642-5968,여행
12484,최서준,46,인천 덕양구 123-45,010-4546-9502,일기 쓰기
12485,임지원,63,포항 유성구 123-45,010-5479-3730,독서
12486,서서연,51,용인 해운대구 123-45,010-9974-1196,드로잉
12487,한태윤,22,평택 달서구 123-45,010-9369-7605,자전거 타기
12488,조민수,60,김해 팔달구 123-45,010-5773-9895,게임
12489,이서준,32,안양 흥덕구 123-45,010-7149-1626,유튜브 보기
12490,김지원,67,세종 진해구 123-45,010-8933-4408,음악감상
12491,강유진,68,전주 달서구 123-45,010-8848-5019,유튜브 보기
12492,오하윤,46,전주 서북구 123-45,010-9642-6249,카페 투어
12493,장서연,59,평택 송파구 123-45,010-2167-4991,유튜브 보기
12494,조서준,49,포항 강남구 123-45,010-4002-1194,자전거 타기
12495,정하윤,52,창원 남구 123-45,010-8959-6528,유튜브 보기
12496,윤지후,73,용인 신제주 123-45,010-6202-5685,여행
12497,박하윤,74,부산 중구 123-45,010-7405-1630,보드게임
12498,윤수빈,39,성남 달서구 123-45,010-5302-6082,게임
12499,박지후,47,세종 진해구 123-45,010-5798-5036,운동
12500,최예은,25,화성 수성구 123-45,010-1179-3139,영화감상
12501,오소율,79,대구 진해구 123-45,010-7183-4314,독서
12502,장건우,39,서울 팔달구 123-45,010-7703-2720,드로잉
12503,정서연,56,용인 성북구 123-45,010-4677-1801,웹서핑
12504,장도윤,70,김해 북구 123-45,010-9519-6971,등산
12505,최유진,43,광주 강서구 123-45,010-9806-2090,요리
12506,정은우,55,대구 덕양구 123-45,010-6991-6876,수영
12507,김수빈,49,대전 흥덕구 123-45,010-8589-5733,자전거 타기
12508,신시우,47,용인 강서구 123-45,010-7149-1125,유튜브 보기
12509,서지민,62,제주 수성구 123-45,010-6488-6429,자전거 타기
12510,임태윤,52,세종 덕진구 123-45,010-4933-3438,일기 쓰기
12511,한예은,24,광주 유성구 123-45,010-2044-4562,일기 쓰기
12512,정태윤,69,대전 성북구 123-45,010-3676-1664,독서
12513,조지민,76,청주 기흥구 123-45,010-9198-4388,독서
12514,서소율,25,포항 송파구 123-45,010-3512-3645,수영
12515,임서연,50,서울 중구 123-45,010-9700-5206,영화감상
12516,장수빈,68,화성 강남구 123-45,010-5694-8541,카페 투어
12517,정유진,49,평택 일산동구 123-45,010-6353-2911,여행
12518,임예린,48,안산 일산동구 123-45,010-4930-8394,요리
12519,최태윤,23,평택 덕진구 123-45,010-1731-5634,등산
12520,이수빈,68,전주 신제주 123-45,010-5242-6292,유튜브 보기
12521,정현우,72,부산 일산동구 123-45,010-1352-8294,음악감상
12522,이하은,27,대구 북구 123-45,010-9066-3165,운동
12523,서서연,67,김해 동구 123-45,010-6459-2469,요리
12524,신건우,41,전주 송파구 123-45,010-3576-5109,웹서핑
12525,장태윤,22,성남 일산동구 123-45,010-1738-4953,등산
12526,윤건우,59,광주 송파구 123-45,010-9552-5558,독서
12527,정서연,66,천안 덕진구 123-45,010-3491-3921,유튜브 보기
12528,서건우,43,남양주 송파구 123-45,010-2168-8768,뜨개질
12529,장예린,47,안양 서구 123-45,010-8113-6191,카페 투어
12530,신소율,40,부산 강서구 123-45,010-9932-5525,카페 투어
12531,임지원,31,세종 유성구 123-45,010-9346-7852,유튜브 보기
12532,장하은,25,안산 강서구 123-45,010-5938-4933,자전거 타기
12533,한현우,39,세종 동구 123-45,010-1452-4129,여행
12534,조지안,46,대구 진해구 123-45,010-7502-6441,등산
12535,임예린,23,울산 덕양구 123-45,010-7994-5711,음악감상
12536,조지원,32,수원 서구 123-45,010-2022-1851,영화감상
12537,김시우,74,청주 성동구 123-45,010-7250-1079,드로잉
12538,강민수,65,울산 덕진구 123-45,010-8774-8499,웹서핑
12539,서지민,26,평택 분당구 123-45,010-9922-5602,보드게임
12540,윤태윤,40,천안 일산동구 123-45,010-4772-3195,음악감상
12541,한지안,23,대구 성동구 123-45,010-6917-8401,카페 투어
12542,최지원,32,전주 신제주 123-45,010-3172-4779,뜨개질
12543,한태윤,72,청주 강남구 123-45,010-2762-3445,영화감상
12544,박시우,73,고양 장유동 123-45,010-1756-6221,보드게임
12545,이지민,47,김해 송파구 123-45,010-2612-9111,뜨개질
12546,정도윤,36,수원 덕진구 123-45,010-9872-5713,보드게임
12547,임예은,21,평택 달서구 123-45,010-9666-2816,웹서핑
12548,박지후,27,남양주 장유동 123-45,010-5222-1769,독서
12549,오서연,74,부산 서북구 123-45,010-8943-3576,등산
12550,정서준,45,포항 해운대구 123-45,010-3267-8853,게임
12551,정건우,48,울산 성북구 123-45,010-6466-6642,드로잉
12552,강지원,25,포항 진해구 123-45,010-8939-8870,드로잉
12553,장도윤,56,인천 해운대구 123-45,010-7966-6285,보드게임
12554,윤현우,59,수원 송파구 123-45,010-9427-4638,영화감상
12555,조지민,55,수원 기흥구 123-45,010-2674-4972,사진촬영
12556,박지후,64,고양 흥덕구 123-45,010-1817-1606,여행
12557,임지안,73,울산 강남구 123-45,010-5722-6615,운동
12558,조유진,42,천안 성동구 123-45,010-9641-4094,게임
12559,한지후,68,포항 강남구 123-45,010-4090-1974,유튜브 보기
12560,한도윤,52,안산 팔달구 123-45,010-2521-3479,수영
12561,강민수,48,용인 덕양구 123-45,010-5929-5523,요리
12562,박하은,25,천안 기흥구 123-45,010-5950-7899,드로잉
12563,이서연,36,용인 서구 123-45,010-2658-3704,자전거 타기
12564,서은우,33,안산 서구 123-45,010-2932-7810,자전거 타기
12565,임하윤,51,창원 성북구 123-45,010-9292-9092,사진촬영
12566,한지민,57,수원 송파구 123-45,010-4536-7086,독서
12567,한민수,78,광주 유성구 123-45,010-5307-7266,음악감상
12568,박은우,67,인천 수성구 123-45,010-4840-6575,게임
12569,장서연,44,제주 동구 123-45,010-1963-4057,영화감상
12570,신태윤,38,세종 분당구 123-45,010-7873-4270,드로잉
12571,이유진,56,용인 분당구 123-45,010-6947-1955,음악감상
12572,한수빈,65,용인 장유동 123-45,010-6327-3333,일기 쓰기
12573,김서연,68,수원 신제주 123-45,010-8847-9969,수영
12574,최서연,56,부산 성북구 123-45,010-7808-6493,보드게임
12575,정소율,68,제주 성동구 123-45,010-3403-6652,드로잉
12576,정하은,53,고양 성북구 123-45,010-3848-9302,음악감상
12577,오예린,58,부산 서구 123-45,010-4990-9037,카페 투어
12578,강민수,35,전주 일산동구 123-45,010-1476-8609,자전거 타기
12579,강하윤,23,수원 강서구 123-45,010-8020-6125,게임
12580,윤예린,49,포항 일산동구 123-45,010-2378-2280,웹서핑
12581,조하윤,44,광주 장유동 123-45,010-4194-4053,음악감상
12582,임지안,50,울산 동구 123-45,010-4927-4131,일기 쓰기
12583,임현우,53,제주 수성구 123-45,010-2284-8958,일기 쓰기
12584,조서준,58,청주 북구 123-45,010-4575-6956,카페 투어
12585,임지후,52,김해 기흥구 123-45,010-2473-5465,독서
12586,장수빈,67,성남 달서구 123-45,010-4192-7155,음악감상
12587,이도윤,38,안산 팔달구 123-45,010-3205-1159,자전거 타기
12588,서예은,55,부산 송파구 123-45,010-6846-5602,일기 쓰기
12589,오민수,32,화성 기흥구 123-45,010-2525-8305,등산
12590,오태윤,72,김해 서북구 123-45,010-3519-3433,뜨개질
12591,정시우,30,청주 송파구 123-45,010-1702-7319,등산
12592,강현우,50,천안 성동구 123-45,010-3279-2914,카페 투어
12593,신예은,41,대전 장유동 123-45,010-9797-9492,운동
12594,한하은,70,안양 성동구 123-45,010-8068-8301,뜨개질
12595,강민수,68,안산 수성구 123-45,010-6214-8920,운동
12596,윤지안,41,창원 흥덕구 123-45,010-3642-9403,음악감상
12597,오지원,70,전주 남구 123-45,010-3648-5299,보드게임
12598,신은우,29,평택 덕진구 123-45,010-4519-6214,요리
12599,오건우,57,세종 장유동 123-45,010-2327-1560,운동
12600,이지후,69,성남 기흥구 123-45,010-4991-1471,자전거 타기
12601,윤하은,46,세종 동구 123-45,010-2192-2886,수영
12602,정수빈,44,용인 남구 123-45,010-1000-1518,보드게임
12603,신지안,77,서울 강남구 123-45,010-2144-4656,카페 투어
12604,한지후,70,안양 서북구 123-45,010-2758-2404,독서
12605,서수빈,32,대구 강남구 123-45,010-8988-2997,보드게임
12606,신서연,65,포항 서북구 123-45,010-9087-3675,드로잉
12607,박예린,28,전주 남구 123-45,010-9681-2815,유튜브 보기
12608,강건우,40,천안 장유동 123-45,010-6663-8539,등산
12609,오예은,74,화성 해운대구 123-45,010-4044-8264,일기 쓰기
12610,조예은,46,포항 강서구 123-45,010-7804-9965,운동
12611,박건우,58,대구 중구 123-45,010-4706-1231,운동
12612,정은우,31,화성 달서구 123-45,010-9339-5172,웹서핑
12613,김지후,26,광주 중구 123-45,010-9352-5206,웹서핑
12614,장지원,20,대구 해운대구 123-45,010-9160-4094,영화감상
12615,한현우,54,용인 덕양구 123-45,010-9667-7678,운동
12616,한태윤,62,남양주 덕양구 123-45,010-3632-4646,음악감상
12617,정예은,33,용인 팔달구 123-45,010-5352-4161,등산
12618,박서준,59,고양 팔달구 123-45,010-7377-8349,운동
12619,김지민,26,성남 송파구 123-45,010-7996-1590,일기 쓰기
12620,오유진,46,천안 중구 123-45,010-3143-3195,독서
12621,최서준,42,인천 덕진구 123-45,010-2932-1887,사진촬영
12622,임유진,46,성남 일산동구 123-45,010-3360-1905,수영
12623,서소율,20,화성 진해구 123-45,010-4573-3517,사진촬영
12624,서소율,59,안산 서북구 123-45,010-1849-2169,운동
12625,오하윤,43,안양 유성구 123-45,010-9964-9961,영화감상
12626,임태윤,79,세종 성동구 123-45,010-9766-5059,유튜브 보기
12627,강지민,76,제주 기흥구 123-45,010-7726-3131,영화감상
12628,임도윤,21,김해 진해구 123-45,010-1548-8041,보드게임
12629,박건우,54,포항 수성구 123-45,010-1769-5846,드로잉
12630,서지원,36,수원 강남구 123-45,010-9929-1459,등산
12631,박유진,44,천안 중구 123-45,010-4768-4922,음악감상
12632,장지후,56,화성 북구 123-45,010-5650-5403,뜨개질
12633,한시우,20,용인 덕양구 123-45,010-7881-1664,사진촬영
12634,정현우,46,용인 성동구 123-45,010-5403-1105,유튜브 보기
12635,정지안,63,부산 서북구 123-45,010-1225-8800,등산
12636,박태윤,71,대구 팔달구 123-45,010-2313-1966,보드게임
12637,이민수,61,창원 장유동 123-45,010-4053-3813,게임
12638,임도윤,29,평택 흥덕구 123-45,010-1187-3652,음악감상
12639,한건우,20,대구 분당구 123-45,010-9307-5031,뜨개질
12640,윤은우,44,천안 기흥구 123-45,010-3683-2260,게임
12641,김지후,41,제주 성북구 123-45,010-2254-7654,요리
12642,이건우,77,광주 흥덕구 123-45,010-1800-2342,드로잉
12643,오은우,20,서울 분당구 123-45,010-7972-1229,독서
12644,한시우,41,창원 덕양구 123-45,010-7351-8771,요리
12645,조지원,43,제주 흥덕구 123-45,010-6362-5363,여행
12646,오소율,37,대구 성동구 123-45,010-6908-7069,자전거 타기
12647,오유진,59,광주 서구 123-45,010-4094-6899,음악감상
12648,임현우,63,인천 북구 123-45,010-2821-9268,음악감상
12649,조수빈,49,수원 기흥구 123-45,010-1779-6468,게임
12650,조서준,42,용인 남구 123-45,010-4158-6546,웹서핑
12651,박서연,41,천안 덕양구 123-45,010-7295-3896,일기 쓰기
12652,신하은,45,광주 장유동 123-45,010-2885-4943,수영
12653,오지후,53,용인 덕양구 123-45,010-4352-6921,독서
12654,장도윤,25,제주 진해구 123-45,010-8414-9373,드로잉
12655,한민수,46,인천 장유동 123-45,010-6881-6198,자전거 타기
12656,한예린,29,대전 해운대구 123-45,010-3246-8572,웹서핑
12657,윤시우,68,포항 강서구 123-45,010-6376-8489,자전거 타기
12658,임예은,60,포항 진해구 123-45,010-7756-8037,자전거 타기
12659,신예은,33,세종 달서구 123-45,010-3907-5899,음악감상
12660,정서준,41,남양주 북구 123-45,010-5594-7818,뜨개질
12661,조지원,70,청주 성동구 123-45,010-3597-5829,여행
12662,오서연,27,고양 덕진구 123-45,010-2712-3380,등산
12663,최지원,47,창원 강서구 123-45,010-6108-3448,뜨개질
12664,조지후,42,대전 덕진구 123-45,010-9297-4466,사진촬영
12665,윤서연,58,용인 진해구 123-45,010-3510-7717,독서
12666,최예린,52,서울 팔달구 123-45,010-6258-1360,유튜브 보기
12667,김하은,28,화성 성북구 123-45,010-6670-3717,웹서핑
12668,최지안,32,인천 성북구 123-45,010-1705-6117,등산
12669,최예린,34,성남 진해구 123-45,010-2291-4281,음악감상
12670,최서연,69,김해 기흥구 123-45,010-7122-7290,일기 쓰기
12671,정지민,60,부산 장유동 123-45,010-4760-5858,드로잉
12672,임하윤,79,대구 팔달구 123-45,010-6387-9329,카페 투어
12673,장지후,36,청주 덕양구 123-45,010-8564-2305,요리
12674,박지민,31,화성 서구 123-45,010-9712-1370,일기 쓰기
12675,신유진,55,평택 중구 123-45,010-8762-1215,자전거 타기
12676,조은우,35,제주 강남구 123-45,010-5359-4942,사진촬영
12677,서소율,45,전주 강남구 123-45,010-6705-8620,드로잉
12678,임하윤,42,울산 해운대구 123-45,010-9652-8151,영화감상
12679,박지민,24,서울 신제주 123-45,010-3508-1715,카페 투어
12680,박은우,67,광주 서북구 123-45,010-4621-9454,등산
12681,오현우,73,성남 덕양구 123-45,010-5770-4252,보드게임
12682,한시우,42,부산 수성구 123-45,010-2783-9075,게임
12683,임민수,40,안양 서북구 123-45,010-1046-9639,운동
12684,윤서연,60,서울 서구 123-45,010-2086-8479,유튜브 보기
12685,최예은,20,포항 장유동 123-45,010-2799-6271,드로잉
12686,김서준,47,수원 기흥구 123-45,010-6391-6164,요리
12687,한하윤,71,대전 수성구 123-45,010-4640-2155,여행
12688,김지후,42,용인 장유동 123-45,010-4184-4986,영화감상
12689,정현우,65,화성 강남구 123-45,010-1512-5942,뜨개질
12690,윤은우,20,성남 기흥구 123-45,010-4518-3331,여행
12691,임지원,57,안산 팔달구 123-45,010-6235-3319,독서
12692,최태윤,49,화성 강남구 123-45,010-9261-3832,유튜브 보기
12693,강예은,21,천안 달서구 123-45,010-8381-3576,사진촬영
12694,신민수,27,제주 유성구 123-45,010-3346-9608,보드게임
12695,한지후,74,화성 덕진구 123-45,010-6293-7003,등산
12696,서유진,37,서울 분당구 123-45,010-3643-9222,독서
12697,오하윤,40,울산 유성구 123-45,010-3791-3911,보드게임
12698,조유진,26,창원 강서구 123-45,010-2813-6379,영화감상
12699,오현우,34,포항 성동구 123-45,010-9423-2502,독서
12700,신서준,21,고양 분당구 123-45,010-6644-3487,음악감상
12701,조수빈,34,고양 송파구 123-45,010-6876-8497,게임
12702,신서연,30,광주 덕양구 123-45,010-8837-9683,요리
12703,장은우,44,남양주 일산동구 123-45,010-4986-2929,자전거 타기
12704,오서연,43,평택 일산동구 123-45,010-5719-4305,등산
12705,서은우,67,안양 성북구 123-45,010-4221-2775,여행
12706,한예린,38,용인 장유동 123-45,010-4484-5378,자전거 타기
12707,박현우,49,창원 유성구 123-45,010-9556-5284,운동
12708,서도윤,37,성남 달서구 123-45,010-2611-4246,등산
12709,최지원,39,부산 강서구 123-45,010-7091-1073,여행
12710,장건우,68,화성 덕진구 123-45,010-5105-8206,음악감상
12711,이서준,33,고양 해운대구 123-45,010-1391-8455,운동
12712,신하윤,32,고양 진해구 123-45,010-8978-6764,요리
12713,한도윤,45,수원 달서구 123-45,010-5037-8071,독서
12714,김지후,74,청주 장유동 123-45,010-3196-2032,유튜브 보기
12715,윤지후,32,세종 성동구 123-45,010-6497-4914,독서
12716,박도윤,56,포항 송파구 123-45,010-9691-6364,일기 쓰기
12717,서도윤,26,세종 팔달구 123-45,010-7218-4033,독서
12718,정태윤,45,남양주 남구 123-45,010-8773-8608,보드게임
12719,박서연,45,성남 남구 123-45,010-1028-7020,카페 투어
12720,서도윤,48,대전 서구 123-45,010-4606-7741,웹서핑
12721,강지후,58,창원 유성구 123-45,010-6852-6414,요리
12722,박서준,45,고양 북구 123-45,010-8996-1501,등산
12723,장하윤,54,인천 해운대구 123-45,010-8191-5255,보드게임
12724,이지민,77,대구 북구 123-45,010-6027-9177,요리
12725,강예은,45,평택 덕진구 123-45,010-7066-8951,여행
12726,서지민,50,고양 동구 123-45,010-8545-3705,게임
12727,신민수,29,부산 서구 123-45,010-7802-4913,일기 쓰기
12728,서유진,64,제주 흥덕구 123-45,010-5938-2534,일기 쓰기
12729,정수빈,51,울산 흥덕구 123-45,010-2203-6572,자전거 타기
12730,김태윤,27,광주 장유동 123-45,010-9780-2258,영화감상
12731,윤지안,43,청주 유성구 123-45,010-8732-9251,운동
12732,이태윤,55,안산 송파구 123-45,010-4843-7869,요리
12733,조하은,79,인천 성동구 123-45,010-8057-9021,일기 쓰기
12734,임도윤,46,용인 진해구 123-45,010-3045-9161,영화감상
12735,강태윤,48,광주 일산동구 123-45,010-9231-6804,영화감상
12736,오예린,62,울산 달서구 123-45,010-9926-6054,영화감상
12737,박은우,46,부산 수성구 123-45,010-7171-6698,보드게임
12738,박하윤,61,대전 신제주 123-45,010-3364-3694,자전거 타기
12739,이지원,20,평택 북구 123-45,010-3834-8534,카페 투어
12740,김지원,63,서울 동구 123-45,010-4819-4313,웹서핑
12741,오지안,56,김해 일산동구 123-45,010-1001-4818,운동
12742,최예린,53,평택 해운대구 123-45,010-4745-5561,영화감상
12743,강예은,34,대전 서구 123-45,010-9221-6751,보드게임
12744,신서준,32,평택 동구 123-45,010-9371-5294,독서
12745,이예은,57,고양 달서구 123-45,010-2755-9791,유튜브 보기
12746,조서연,26,평택 장유동 123-45,010-4645-1049,유튜브 보기
12747,강하은,31,전주 덕양구 123-45,010-5592-5353,요리
12748,강예은,47,용인 북구 123-45,010-1180-5228,드로잉
12749,장지원,21,안양 수성구 123-45,010-2089-4303,독서
12750,한소율,44,전주 기흥구 123-45,010-6502-8567,드로잉
12751,서은우,51,청주 일산동구 123-45,010-1060-6890,음악감상
12752,오지안,62,인천 수성구 123-45,010-3760-8700,드로잉
12753,정수빈,47,제주 강남구 123-45,010-1108-8235,자전거 타기
12754,한지민,30,남양주 달서구 123-45,010-2438-9180,유튜브 보기
12755,정수빈,30,세종 동구 123-45,010-9719-4266,뜨개질
12756,강도윤,65,인천 남구 123-45,010-4837-4182,독서
12757,조유진,29,안양 동구 123-45,010-2130-2282,웹서핑
12758,임예린,37,포항 유성구 123-45,010-2787-7765,음악감상
12759,정은우,48,제주 유성구 123-45,010-4114-1275,독서
12760,이유진,70,성남 성동구 123-45,010-7125-3266,보드게임
12761,최예린,37,성남 중구 123-45,010-7692-1798,웹서핑
12762,윤은우,21,대전 기흥구 123-45,010-2639-2093,운동
12763,윤하윤,72,천안 북구 123-45,010-4541-1059,카페 투어
12764,정민수,28,수원 흥덕구 123-45,010-7782-7896,자전거 타기
12765,장지후,56,고양 달서구 123-45,010-2547-3485,보드게임
12766,이시우,66,화성 성동구 123-45,010-1224-9819,독서
12767,정유진,28,서울 북구 123-45,010-5209-6116,게임
12768,오소율,42,울산 강남구 123-45,010-4186-3903,게임
12769,신시우,34,평택 해운대구 123-45,010-1893-6632,운동
12770,오소율,40,성남 덕진구 123-45,010-6296-6182,뜨개질
12771,윤수빈,42,수원 강서구 123-45,010-9540-6060,카페 투어
12772,최태윤,53,인천 유성구 123-45,010-2928-3472,카페 투어
12773,서예린,38,청주 성동구 123-45,010-3148-5951,영화감상
12774,김소율,22,고양 중구 123-45,010-5286-4311,일기 쓰기
12775,이지후,43,화성 덕진구 123-45,010-5712-1396,웹서핑
12776,정건우,25,세종 흥덕구 123-45,010-8279-5908,여행
12777,장수빈,57,세종 북구 123-45,010-3942-7738,음악감상
12778,조건우,34,안양 기흥구 123-45,010-7074-1918,영화감상
12779,정지후,55,김해 일산동구 123-45,010-9812-6747,요리
12780,장유진,34,안산 중구 123-45,010-9265-6632,여행
12781,박하윤,20,안양 송파구 123-45,010-2125-5409,뜨개질
12782,김서연,58,용인 북구 123-45,010-2060-1139,수영
12783,장시우,37,고양 유성구 123-45,010-7911-3323,유튜브 보기
12784,조지안,39,천안 일산동구 123-45,010-1589-9423,수영
12785,한건우,65,대구 강남구 123-45,010-7992-3267,게임
12786,오하윤,51,광주 서북구 123-45,010-2788-6694,요리
12787,조수빈,71,포항 해운대구 123-45,010-4299-6986,운동
12788,조은우,38,창원 송파구 123-45,010-8171-1944,웹서핑
12789,김유진,48,부산 장유동 123-45,010-8286-2433,영화감상
12790,한건우,21,김해 서북구 123-45,010-6554-4654,자전거 타기
12791,윤서준,79,대구 유성구 123-45,010-6711-5953,일기 쓰기
12792,서민수,73,고양 동구 123-45,010-9683-3978,게임
12793,임태윤,75,고양 유성구 123-45,010-1505-8451,유튜브 보기
12794,오현우,23,부산 장유동 123-45,010-8334-9980,음악감상
12795,김건우,70,평택 송파구 123-45,010-5099-9024,카페 투어
12796,장소율,77,성남 강서구 123-45,010-8941-1894,요리
12797,정수빈,48,인천 강서구 123-45,010-5056-2449,음악감상
12798,김은우,46,광주 덕진구 123-45,010-9088-3520,수영
12799,정지후,52,세종 팔달구 123-45,010-1862-5655,일기 쓰기
12800,오건우,57,대구 서구 123-45,010-2514-4484,등산
12801,오은우,45,제주 성북구 123-45,010-3099-9211,독서
12802,신태윤,67,인천 팔달구 123-45,010-6760-2170,요리
12803,강현우,72,대구 기흥구 123-45,010-7922-5190,뜨개질
12804,정건우,39,김해 중구 123-45,010-5184-5820,수영
12805,조지원,68,안산 서구 123-45,010-1242-8568,등산
12806,최민수,52,남양주 북구 123-45,010-3438-2786,보드게임
12807,한시우,76,대구 달서구 123-45,010-5574-8020,자전거 타기
12808,조유진,77,수원 장유동 123-45,010-2416-3701,보드게임
12809,장하은,54,고양 장유동 123-45,010-5309-2778,영화감상
12810,박하윤,62,인천 서구 123-45,010-3963-2271,보드게임
12811,오하은,66,서울 동구 123-45,010-6867-6730,게임
12812,오하은,49,화성 강남구 123-45,010-3659-2441,자전거 타기
12813,서서준,30,수원 성북구 123-45,010-9804-8215,독서
12814,장유진,44,안산 달서구 123-45,010-1157-8419,유튜브 보기
12815,한수빈,79,용인 신제주 123-45,010-6063-2952,사진촬영
12816,윤서준,57,용인 북구 123-45,010-9575-7542,드로잉
12817,신지민,50,창원 달서구 123-45,010-6215-2072,뜨개질
12818,조지안,56,제주 서구 123-45,010-3525-1372,일기 쓰기
12819,조시우,63,용인 송파구 123-45,010-6643-2742,자전거 타기
12820,오현우,70,수원 동구 123-45,010-9509-3325,운동
12821,이수빈,52,성남 서구 123-45,010-1015-1964,뜨개질
12822,조하은,68,포항 달서구 123-45,010-5020-1699,음악감상
12823,강건우,26,서울 유성구 123-45,010-9767-5740,보드게임
12824,이현우,35,청주 북구 123-45,010-4558-5534,사진촬영
12825,박지안,61,대전 기흥구 123-45,010-1586-1093,게임
12826,강태윤,41,고양 달서구 123-45,010-2345-3015,게임
12827,강도윤,59,용인 팔달구 123-45,010-4580-4473,음악감상
12828,박예은,38,세종 덕양구 123-45,010-8265-8728,뜨개질
12829,서태윤,57,평택 남구 123-45,010-9065-3545,카페 투어
12830,강예은,71,제주 강남구 123-45,010-2115-9826,드로잉
12831,서건우,24,용인 강남구 123-45,010-4208-8822,독서
12832,신시우,49,성남 남구 123-45,010-4853-3589,사진촬영
12833,최은우,44,제주 수성구 123-45,010-1037-6993,여행
12834,강하은,21,부산 팔달구 123-45,010-4700-1522,웹서핑
12835,강서연,67,수원 수성구 123-45,010-7925-1019,영화감상
12836,강태윤,21,광주 서북구 123-45,010-2532-6451,일기 쓰기
12837,강소율,33,전주 중구 123-45,010-3532-1997,수영
12838,장도윤,29,대전 팔달구 123-45,010-4915-1849,요리
12839,최태윤,21,용인 중구 123-45,010-5521-3720,카페 투어
12840,김서연,26,남양주 수성구 123-45,010-6493-9235,수영
12841,신건우,70,세종 송파구 123-45,010-6800-8005,웹서핑
12842,윤현우,49,천안 서구 123-45,010-6792-9437,요리
12843,조예은,66,안산 덕양구 123-45,010-2470-3629,카페 투어
12844,이서연,48,울산 수성구 123-45,010-4840-8981,웹서핑
12845,이서준,25,창원 북구 123-45,010-7071-2049,운동
12846,한지원,78,창원 중구 123-45,010-3042-1734,영화감상
12847,김유진,21,서울 동구 123-45,010-6994-4105,드로잉
12848,이시우,62,울산 덕진구 123-45,010-6429-4617,유튜브 보기
12849,오건우,35,용인 팔달구 123-45,010-7259-2280,뜨개질
12850,신도윤,60,포항 강남구 123-45,010-7131-8846,카페 투어
12851,정서연,32,용인 강서구 123-45,010-1231-4630,운동
12852,장지후,50,남양주 송파구 123-45,010-5564-3422,독서
12853,윤하은,72,제주 중구 123-45,010-7259-7507,자전거 타기
12854,서지민,75,고양 흥덕구 123-45,010-3202-2995,자전거 타기
12855,조소율,77,성남 기흥구 123-45,010-3532-4034,유튜브 보기
12856,김지안,78,인천 중구 123-45,010-5765-3030,등산
12857,이소율,79,대전 수성구 123-45,010-1415-4354,일기 쓰기
12858,강수빈,39,울산 북구 123-45,010-5152-6527,등산
12859,신도윤,49,창원 해운대구 123-45,010-8001-6270,영화감상
12860,조지원,39,고양 덕양구 123-45,010-8232-2959,수영
12861,장예린,54,청주 강남구 123-45,010-2287-8333,보드게임
12862,장예린,27,화성 덕양구 123-45,010-4019-2600,자전거 타기
12863,한유진,20,성남 기흥구 123-45,010-6422-2409,드로잉
12864,한소율,49,울산 진해구 123-45,010-7917-7850,수영
12865,강은우,39,청주 장유동 123-45,010-7883-4076,수영
12866,강소율,56,대구 중구 123-45,010-5132-2566,일기 쓰기
12867,윤은우,33,성남 북구 123-45,010-3027-3413,드로잉
12868,이민수,31,용인 해운대구 123-45,010-6452-3695,여행
12869,강지후,79,남양주 해운대구 123-45,010-4195-5102,유튜브 보기
12870,이은우,30,고양 동구 123-45,010-8963-5595,드로잉
12871,강서연,30,세종 성동구 123-45,010-8032-8056,드로잉
12872,윤지안,23,화성 동구 123-45,010-8222-5373,드로잉
12873,서시우,54,서울 달서구 123-45,010-1895-3749,사진촬영
12874,신지민,29,용인 중구 123-45,010-6505-3742,보드게임
12875,한하윤,77,성남 강서구 123-45,010-4869-4772,카페 투어
12876,이지원,31,부산 성북구 123-45,010-9521-9118,보드게임
12877,이예린,64,청주 서구 123-45,010-2175-9007,드로잉
12878,박지민,57,부산 수성구 123-45,010-1892-3182,등산
12879,정민수,43,고양 진해구 123-45,010-7418-5111,웹서핑
12880,오태윤,28,청주 강남구 123-45,010-3630-1512,자전거 타기
12881,임지민,20,성남 덕진구 123-45,010-4603-2221,영화감상
12882,서도윤,21,성남 분당구 123-45,010-4549-3676,드로잉
12883,정지안,36,제주 덕진구 123-45,010-2775-1977,독서
12884,신현우,46,남양주 서북구 123-45,010-2046-3796,웹서핑
12885,김지안,56,부산 팔달구 123-45,010-8267-2622,사진촬영
12886,이예은,50,화성 북구 123-45,010-1045-3640,영화감상
12887,박현우,68,김해 진해구 123-45,010-2716-2396,자전거 타기
12888,신지안,44,화성 서구 123-45,010-1711-3794,여행
12889,서은우,70,김해 강서구 123-45,010-3472-1796,웹서핑
12890,윤지원,33,화성 서북구 123-45,010-7699-6610,사진촬영
12891,윤지원,54,김해 신제주 123-45,010-6306-3742,유튜브 보기
12892,윤유진,36,제주 수성구 123-45,010-5555-3449,등산
12893,정서준,47,대구 서북구 123-45,010-8432-8677,게임
12894,한예은,51,고양 강서구 123-45,010-2510-3937,뜨개질
12895,정지후,48,전주 서북구 123-45,010-1983-2049,운동
12896,서도윤,64,화성 강서구 123-45,010-5185-6595,웹서핑
12897,한예린,46,대전 강남구 123-45,010-4884-1322,요리
12898,강건우,43,세종 중구 123-45,010-2232-9399,수영
12899,조서준,48,수원 흥덕구 123-45,010-7941-1699,웹서핑
12900,신하은,69,천안 강서구 123-45,010-1425-7414,영화감상
12901,오하윤,33,부산 중구 123-45,010-2477-7211,게임
12902,서지민,20,부산 기흥구 123-45,010-3296-9122,드로잉
12903,이태윤,35,서울 강서구 123-45,010-6586-3893,영화감상
12904,박예린,59,인천 덕양구 123-45,010-1082-1979,뜨개질
12905,정유진,30,전주 일산동구 123-45,010-2074-3104,수영
12906,장수빈,61,전주 성동구 123-45,010-5581-9819,영화감상
12907,정지민,56,남양주 강서구 123-45,010-5008-7790,일기 쓰기
12908,박예은,22,고양 송파구 123-45,010-2182-1178,요리
12909,최예은,42,천안 서구 123-45,010-4058-6185,요리
12910,서서연,39,전주 기흥구 123-45,010-2721-7858,자전거 타기
12911,강건우,49,포항 서구 123-45,010-4045-3600,카페 투어
12912,이태윤,65,울산 기흥구 123-45,010-6892-2323,사진촬영
12913,최도윤,29,천안 덕양구 123-45,010-7191-5989,일기 쓰기
12914,정지후,22,고양 서구 123-45,010-4027-4726,요리
12915,조유진,40,세종 강서구 123-45,010-7987-4649,음악감상
12916,임은우,38,평택 강남구 123-45,010-1436-5309,영화감상
12917,윤건우,79,전주 일산동구 123-45,010-9752-2941,자전거 타기
12918,정건우,78,서울 서구 123-45,010-1027-4497,게임
12919,윤예은,75,인천 분당구 123-45,010-9801-4922,요리
12920,박서연,71,천안 일산동구 123-45,010-3182-2921,영화감상
12921,정태윤,64,서울 강남구 123-45,010-7700-3281,드로잉
12922,김예린,22,대구 강서구 123-45,010-9233-7361,일기 쓰기
12923,서서연,32,전주 서북구 123-45,010-5207-6755,드로잉
12924,신은우,53,창원 송파구 123-45,010-2714-5296,보드게임
12925,임태윤,51,광주 일산동구 123-45,010-2981-2905,카페 투어
12926,한예은,40,수원 진해구 123-45,010-5838-8935,게임
12927,정건우,64,천안 달서구 123-45,010-5605-2836,드로잉
12928,장지후,52,대구 분당구 123-45,010-2368-3920,드로잉
12929,서서연,30,고양 서북구 123-45,010-6754-2829,뜨개질
12930,최지안,22,부산 북구 123-45,010-4248-8115,운동
12931,강민수,74,대구 남구 123-45,010-1379-3205,음악감상
12932,강하윤,31,광주 덕양구 123-45,010-2161-3705,보드게임
12933,정지후,31,서울 송파구 123-45,010-7323-3420,웹서핑
12934,오현우,65,천안 동구 123-45,010-5856-4988,독서
12935,장하윤,76,청주 덕양구 123-45,010-1129-1093,유튜브 보기
12936,조민수,48,광주 유성구 123-45,010-5555-9613,음악감상
12937,신하은,66,창원 성동구 123-45,010-4048-1168,카페 투어
12938,정예린,49,청주 팔달구 123-45,010-9734-2228,독서
12939,오지원,72,청주 서구 123-45,010-5367-5245,등산
12940,한소율,37,남양주 서북구 123-45,010-9767-7258,카페 투어
12941,최태윤,45,고양 진해구 123-45,010-6201-6679,드로잉
12942,김소율,57,포항 덕양구 123-45,010-8707-7625,게임
12943,한서연,47,수원 수성구 123-45,010-5125-4365,자전거 타기
12944,임하은,27,청주 강남구 123-45,010-9694-5378,웹서핑
12945,강소율,71,인천 강서구 123-45,010-8503-8682,드로잉
12946,최시우,63,천안 분당구 123-45,010-5509-1324,뜨개질
12947,임예린,61,대구 진해구 123-45,010-1347-1973,등산
12948,한유진,78,용인 신제주 123-45,010-9446-3059,음악감상
12949,한지원,23,포항 기흥구 123-45,010-8424-4256,유튜브 보기
12950,조하은,53,전주 기흥구 123-45,010-8862-1357,음악감상
12951,서현우,54,성남 남구 123-45,010-3498-3477,등산
12952,박서연,54,김해 서구 123-45,010-7585-4509,자전거 타기
12953,윤하윤,62,청주 송파구 123-45,010-4349-7139,보드게임
12954,정하윤,40,안산 해운대구 123-45,010-9700-9644,유튜브 보기
12955,서서연,65,제주 성북구 123-45,010-7184-4636,독서
12956,서지원,38,화성 신제주 123-45,010-5421-6826,웹서핑
12957,임시우,24,성남 장유동 123-45,010-6415-4113,여행
12958,서예린,60,용인 수성구 123-45,010-8177-6921,일기 쓰기
12959,장수빈,23,부산 신제주 123-45,010-7534-6331,운동
12960,정수빈,79,성남 서구 123-45,010-1948-3920,카페 투어
12961,서태윤,49,성남 신제주 123-45,010-4436-1155,카페 투어
12962,윤시우,45,전주 강남구 123-45,010-2124-2811,뜨개질
12963,서예은,61,수원 유성구 123-45,010-9589-5562,독서
12964,조민수,61,전주 장유동 123-45,010-5373-3129,게임
12965,이건우,28,안산 진해구 123-45,010-8982-6825,영화감상
12966,정태윤,62,남양주 강서구 123-45,010-1125-8827,유튜브 보기
12967,임하윤,25,천안 강남구 123-45,010-3139-1217,웹서핑
12968,신지민,48,대구 진해구 123-45,010-9352-5371,음악감상
12969,박하윤,59,남양주 강남구 123-45,010-1299-2035,드로잉
12970,조지후,69,화성 덕진구 123-45,010-3443-8833,게임
12971,이서준,27,세종 강남구 123-45,010-2658-7000,요리
12972,강하은,24,청주 달서구 123-45,010-4525-4455,유튜브 보기
12973,강지안,20,고양 흥덕구 123-45,010-2085-5585,사진촬영
12974,조도윤,68,광주 팔달구 123-45,010-4328-4045,독서
12975,서예린,61,전주 달서구 123-45,010-4833-1806,영화감상
12976,강소율,49,전주 강남구 123-45,010-2980-2540,게임
12977,강건우,40,화성 성동구 123-45,010-2019-8626,뜨개질
12978,오서준,48,안양 덕양구 123-45,010-5707-6566,수영
12979,박지후,45,평택 서구 123-45,010-3335-3813,영화감상
12980,오건우,62,세종 신제주 123-45,010-4789-1140,보드게임
12981,윤서연,47,안양 팔달구 123-45,010-9996-9967,수영
12982,신유진,44,서울 성북구 123-45,010-3260-6622,뜨개질
12983,윤건우,73,안양 성동구 123-45,010-7518-5387,보드게임
12984,이건우,52,서울 기흥구 123-45,010-1936-9421,운동
12985,김지후,20,광주 동구 123-45,010-2362-8464,음악감상
12986,윤지원,34,포항 송파구 123-45,010-2579-2787,운동
12987,최예린,35,청주 유성구 123-45,010-5717-1481,게임
12988,한지안,67,세종 성북구 123-45,010-7157-3136,영화감상
12989,윤하윤,41,대전 서북구 123-45,010-9676-4165,카페 투어
12990,강예린,76,평택 분당구 123-45,010-3009-1990,웹서핑
12991,김예은,63,창원 기흥구 123-45,010-7716-4398,카페 투어
12992,정하은,59,포항 북구 123-45,010-9636-1693,요리
12993,조태윤,68,세종 남구 123-45,010-2946-2934,보드게임
12994,한건우,24,세종 성북구 123-45,010-4108-6583,운동
12995,이지민,23,성남 남구 123-45,010-5515-1332,영화감상
12996,조소율,47,천안 해운대구 123-45,010-7773-3316,영화감상
12997,이소율,42,대구 덕진구 123-45,010-4164-3522,뜨개질
12998,강시우,20,수원 동구 123-45,010-9581-9966,요리
12999,박하윤,34,부산 강서구 123-45,010-6098-8361,수영
13000,김태윤,25,인천 성북구 123-45,010-9184-4885,수영
13001,최도윤,23,포항 강서구 123-45,010-2770-9803,웹서핑
13002,박도윤,68,천안 기흥구 123-45,010-7188-9962,일기 쓰기
13003,강서연,51,화성 동구 123-45,010-2593-8151,사진촬영
13004,임지원,67,창원 서구 123-45,010-1166-5863,자전거 타기
13005,정지안,42,천안 동구 123-45,010-9652-1231,운동
13006,신소율,70,청주 유성구 123-45,010-1066-6980,게임
13007,정수빈,47,포항 북구 123-45,010-2416-9716,자전거 타기
13008,장서준,70,청주 서북구 123-45,010-3997-4371,카페 투어
13009,한소율,21,천안 신제주 123-45,010-5682-6687,보드게임
13010,조지민,52,제주 유성구 123-45,010-3869-3317,수영
13011,강태윤,78,화성 수성구 123-45,010-4895-8496,수영
13012,임유진,22,서울 성동구 123-45,010-7943-6881,보드게임
13013,임예린,30,천안 남구 123-45,010-7949-6866,뜨개질
13014,장은우,68,울산 기흥구 123-45,010-4703-3850,등산
13015,한수빈,43,인천 덕양구 123-45,010-9575-5749,운동
13016,한은우,47,안산 강남구 123-45,010-4178-1217,웹서핑
13017,윤도윤,22,창원 덕진구 123-45,010-4219-8122,사진촬영
13018,최서준,20,세종 덕양구 123-45,010-8350-3118,영화감상
13019,신예린,24,대전 해운대구 123-45,010-9750-4617,게임
13020,정은우,36,대전 신제주 123-45,010-4632-4091,웹서핑
13021,이서연,41,인천 덕진구 123-45,010-6245-1389,여행
13022,정예린,45,청주 서북구 123-45,010-7580-4008,보드게임
13023,정건우,79,안양 기흥구 123-45,010-8630-1134,수영
13024,강지후,50,제주 해운대구 123-45,010-9912-4566,등산
13025,최태윤,43,서울 기흥구 123-45,010-5460-6492,독서
13026,장수빈,26,대전 수성구 123-45,010-4376-8759,수영
13027,조지안,38,서울 강남구 123-45,010-9637-6146,일기 쓰기
13028,김지민,66,창원 유성구 123-45,010-8609-2595,뜨개질
13029,박은우,20,울산 성동구 123-45,010-1814-6607,보드게임
13030,최서준,21,창원 해운대구 123-45,010-9937-3500,웹서핑
13031,조서준,50,성남 강남구 123-45,010-9949-5390,사진촬영
13032,이수빈,61,창원 강남구 123-45,010-1765-3947,독서
13033,이예은,35,남양주 신제주 123-45,010-1941-4798,보드게임
13034,김건우,72,포항 덕양구 123-45,010-2913-6479,등산
13035,한서준,38,고양 남구 123-45,010-7652-1257,요리
13036,오태윤,54,제주 해운대구 123-45,010-8635-6579,여행
13037,강소율,69,전주 팔달구 123-45,010-4383-3481,등산
13038,신건우,28,고양 신제주 123-45,010-4631-2528,웹서핑
13039,정소율,73,천안 덕진구 123-45,010-6820-7725,운동
13040,김은우,64,화성 신제주 123-45,010-3691-8502,뜨개질
13041,이건우,22,제주 분당구 123-45,010-9742-1191,게임
13042,서현우,25,세종 덕양구 123-45,010-5707-2135,음악감상
13043,윤민수,46,전주 신제주 123-45,010-2740-2120,운동
13044,정서연,78,광주 장유동 123-45,010-6621-3147,게임
13045,강예은,42,안산 기흥구 123-45,010-7993-1585,게임
13046,신지원,27,수원 중구 123-45,010-9901-2907,웹서핑
13047,오지원,78,대전 분당구 123-45,010-8915-8659,자전거 타기
13048,신예은,29,대구 덕양구 123-45,010-2025-4529,등산
13049,신지안,77,제주 중구 123-45,010-6632-4439,드로잉
13050,김민수,66,안양 강서구 123-45,010-8957-2501,요리
13051,장은우,49,성남 진해구 123-45,010-3763-2678,일기 쓰기
13052,오서연,21,제주 유성구 123-45,010-6791-4785,유튜브 보기
13053,장서준,66,천안 흥덕구 123-45,010-1835-8881,보드게임
13054,한은우,33,인천 중구 123-45,010-3835-2301,사진촬영
13055,정지민,27,안산 일산동구 123-45,010-1219-3865,보드게임
13056,김지민,70,용인 덕진구 123-45,010-2719-4403,음악감상
13057,오건우,42,안양 중구 123-45,010-2226-1159,요리
13058,강지후,69,화성 중구 123-45,010-7944-1203,자전거 타기
13059,장도윤,60,평택 덕양구 123-45,010-9667-6796,요리
13060,신지민,20,전주 기흥구 123-45,010-2058-8295,운동
13061,이지안,53,남양주 덕양구 123-45,010-1181-2176,운동
13062,강하은,22,청주 동구 123-45,010-4674-2527,독서
13063,박유진,31,울산 팔달구 123-45,010-4939-5398,자전거 타기
13064,서건우,38,고양 일산동구 123-45,010-7574-9188,운동
13065,서소율,43,제주 서구 123-45,010-4524-5886,여행
13066,이현우,20,대전 흥덕구 123-45,010-5330-5712,유튜브 보기
13067,임서연,66,서울 유성구 123-45,010-5547-1952,수영
13068,장지후,69,용인 성동구 123-45,010-8180-4932,사진촬영
13069,정유진,56,성남 진해구 123-45,010-6759-1663,유튜브 보기
13070,임지민,79,대구 분당구 123-45,010-8505-3784,영화감상
13071,박지안,35,울산 해운대구 123-45,010-8291-3162,독서
13072,김지원,29,안양 남구 123-45,010-1309-4261,여행
13073,임수빈,51,화성 기흥구 123-45,010-5142-2004,운동
13074,강서연,50,평택 해운대구 123-45,010-7933-9653,드로잉
13075,이지민,35,대구 수성구 123-45,010-1884-6780,게임
13076,조예은,74,남양주 강서구 123-45,010-6535-6264,보드게임
13077,오유진,54,안양 서구 123-45,010-3609-1452,뜨개질
13078,서하은,42,전주 분당구 123-45,010-3336-5352,유튜브 보기
13079,장시우,29,청주 유성구 123-45,010-5484-9214,음악감상
13080,장예은,32,천안 수성구 123-45,010-3724-2917,게임
13081,김유진,79,용인 장유동 123-45,010-3081-1513,수영
13082,최시우,75,광주 서구 123-45,010-6880-5032,등산
13083,한예은,59,안산 해운대구 123-45,010-8236-6223,일기 쓰기
13084,임민수,38,안양 강남구 123-45,010-9650-6780,음악감상
13085,김민수,47,인천 달서구 123-45,010-2156-6969,게임
13086,장예린,57,울산 남구 123-45,010-6487-4199,일기 쓰기
13087,서예린,35,세종 중구 123-45,010-8501-4456,게임
13088,오하은,74,용인 북구 123-45,010-8539-5300,사진촬영
13089,오건우,21,천안 강남구 123-45,010-7955-5797,일기 쓰기
13090,임하윤,40,안산 동구 123-45,010-5756-9243,사진촬영
13091,서예린,46,수원 송파구 123-45,010-8085-9913,카페 투어
13092,신수빈,30,고양 팔달구 123-45,010-2134-9046,웹서핑
13093,한은우,23,서울 북구 123-45,010-7975-6557,음악감상
13094,신태윤,32,청주 장유동 123-45,010-2734-5374,웹서핑
13095,오지민,44,세종 송파구 123-45,010-9014-6714,수영
13096,임민수,31,화성 남구 123-45,010-5323-9938,드로잉
13097,신하은,79,청주 강남구 123-45,010-3999-2393,뜨개질
13098,신현우,64,서울 성동구 123-45,010-4687-5990,음악감상
13099,최하윤,29,평택 일산동구 123-45,010-7758-5331,자전거 타기
13100,정소율,60,인천 신제주 123-45,010-5513-1784,영화감상
13101,박은우,71,성남 동구 123-45,010-4490-5641,뜨개질
13102,신건우,57,제주 유성구 123-45,010-3630-3307,웹서핑
13103,한태윤,61,광주 흥덕구 123-45,010-3543-9123,유튜브 보기
13104,서민수,51,화성 분당구 123-45,010-9026-4744,수영
13105,신민수,21,부산 달서구 123-45,010-3362-1684,요리
13106,김지원,75,평택 성동구 123-45,010-7259-9431,요리
13107,장예은,51,성남 흥덕구 123-45,010-5504-2804,뜨개질
13108,최지안,78,대구 달서구 123-45,010-6933-8097,자전거 타기
13109,강수빈,73,고양 강남구 123-45,010-9510-1563,보드게임
13110,임수빈,78,제주 신제주 123-45,010-2950-8816,운동
13111,신현우,32,화성 유성구 123-45,010-4993-5740,요리
13112,신예은,54,청주 신제주 123-45,010-9218-6245,자전거 타기
13113,신예린,53,인천 중구 123-45,010-8277-6670,음악감상
13114,조유진,65,수원 해운대구 123-45,010-4599-5808,게임
13115,조시우,68,제주 강서구 123-45,010-5113-7116,운동
13116,장유진,35,화성 중구 123-45,010-7386-1938,유튜브 보기
13117,장서연,75,화성 강남구 123-45,010-6457-2285,사진촬영
13118,이은우,22,천안 동구 123-45,010-5782-7333,독서
13119,정건우,67,화성 중구 123-45,010-6650-1236,등산
13120,임예린,25,제주 달서구 123-45,010-2851-5585,요리
13121,박서연,65,평택 중구 123-45,010-4593-6504,음악감상
13122,신소율,31,천안 서구 123-45,010-3524-9976,등산
13123,오서준,65,대구 신제주 123-45,010-4835-4827,웹서핑
13124,김지민,60,포항 장유동 123-45,010-3014-6410,드로잉
13125,최지원,65,포항 성북구 123-45,010-9909-5846,요리
13126,강시우,73,서울 동구 123-45,010-6599-3904,음악감상
13127,장은우,61,안산 서구 123-45,010-6652-7666,웹서핑
13128,서지후,63,제주 서구 123-45,010-6491-1292,여행
13129,박건우,76,울산 해운대구 123-45,010-2845-4185,등산
13130,장민수,32,화성 해운대구 123-45,010-6696-4943,등산
13131,김은우,65,부산 덕양구 123-45,010-1997-3954,영화감상
13132,서지안,35,전주 덕양구 123-45,010-6347-4465,웹서핑
13133,임지후,77,화성 성동구 123-45,010-3289-4743,독서
13134,이서준,31,수원 중구 123-45,010-7256-4499,여행
13135,정건우,63,대전 덕양구 123-45,010-1519-5937,등산
13136,강현우,76,광주 강서구 123-45,010-4860-8279,등산
13137,임지후,50,서울 유성구 123-45,010-1114-6865,일기 쓰기
13138,조예은,56,남양주 성북구 123-45,010-6165-2333,일기 쓰기
13139,박건우,52,전주 장유동 123-45,010-1312-5823,등산
13140,한예은,46,성남 성북구 123-45,010-1992-1207,드로잉
13141,박하윤,57,대구 신제주 123-45,010-4406-6014,운동
13142,박예은,29,천안 성동구 123-45,010-7993-2629,독서
13143,김지후,27,천안 강남구 123-45,010-6689-8102,보드게임
13144,서유진,61,포항 덕진구 123-45,010-2989-3841,영화감상
13145,오도윤,59,화성 달서구 123-45,010-9934-8544,유튜브 보기
13146,김서연,43,부산 성동구 123-45,010-7826-3155,수영
13147,임예은,42,창원 북구 123-45,010-2642-3685,등산
13148,김지후,28,인천 장유동 123-45,010-8245-3356,카페 투어
13149,장서준,40,안양 신제주 123-45,010-2451-5389,웹서핑
13150,임예은,46,수원 흥덕구 123-45,010-1666-4262,영화감상
13151,정소율,71,고양 덕진구 123-45,010-7148-4067,요리
13152,오서준,53,제주 수성구 123-45,010-9366-3586,여행
13153,장도윤,60,대구 일산동구 123-45,010-6155-1606,등산
13154,한태윤,42,대구 장유동 123-45,010-3728-7496,유튜브 보기
13155,신지안,79,수원 서북구 123-45,010-8165-4633,드로잉
13156,오예은,58,대구 팔달구 123-45,010-3946-4481,뜨개질
13157,윤소율,74,대구 서북구 123-45,010-9464-9907,음악감상
13158,오지민,34,수원 남구 123-45,010-3979-2215,여행
13159,조은우,74,인천 남구 123-45,010-3567-5887,여행
13160,오지안,24,안양 흥덕구 123-45,010-7792-5346,음악감상
13161,강예린,64,안양 일산동구 123-45,010-1008-9588,보드게임
13162,이서준,51,고양 덕양구 123-45,010-8069-9900,운동
13163,김지안,68,안양 유성구 123-45,010-2976-1916,일기 쓰기
13164,신하은,26,울산 분당구 123-45,010-4160-4837,영화감상
13165,조서연,32,전주 덕진구 123-45,010-5637-3065,요리
13166,조지원,26,천안 진해구 123-45,010-1325-3151,독서
13167,박시우,49,용인 진해구 123-45,010-1466-9234,게임
13168,김수빈,70,제주 기흥구 123-45,010-9986-6730,카페 투어
13169,박현우,43,성남 강서구 123-45,010-6646-1105,게임
13170,오시우,69,광주 달서구 123-45,010-4595-1455,영화감상
13171,오서연,44,울산 일산동구 123-45,010-3324-8399,일기 쓰기
13172,장하은,54,세종 동구 123-45,010-5726-1224,유튜브 보기
13173,조현우,73,창원 강서구 123-45,010-8778-9901,음악감상
13174,임도윤,32,포항 송파구 123-45,010-6175-8886,요리
13175,오수빈,46,제주 서구 123-45,010-1518-5628,웹서핑
13176,박소율,68,전주 서구 123-45,010-8748-8801,등산
13177,한민수,61,화성 진해구 123-45,010-1531-8693,드로잉
13178,한은우,25,남양주 강남구 123-45,010-4273-1170,웹서핑
13179,박예린,39,대전 강남구 123-45,010-9768-9025,운동
13180,한현우,41,대전 진해구 123-45,010-3172-6131,등산
13181,오현우,77,화성 분당구 123-45,010-8080-2377,요리
13182,이예린,34,포항 남구 123-45,010-8849-4852,웹서핑
13183,서예은,63,부산 중구 123-45,010-3473-2278,사진촬영
13184,이하윤,44,안산 북구 123-45,010-6798-5935,여행
13185,강건우,23,세종 성북구 123-45,010-1049-9969,운동
13186,박하윤,28,용인 강서구 123-45,010-8847-2668,일기 쓰기
13187,정예린,30,대구 남구 123-45,010-9019-1195,영화감상
13188,임예린,56,김해 분당구 123-45,010-1642-4124,뜨개질
13189,서지후,76,성남 성북구 123-45,010-6582-8068,요리
13190,정지안,51,인천 진해구 123-45,010-3124-7633,일기 쓰기
13191,김예은,63,수원 동구 123-45,010-2237-8703,등산
13192,최유진,48,천안 장유동 123-45,010-2705-2428,음악감상
13193,오서준,60,화성 덕양구 123-45,010-9967-4700,수영
13194,임지민,27,세종 일산동구 123-45,010-5518-1189,자전거 타기
13195,강지후,47,안산 송파구 123-45,010-4176-5851,사진촬영
13196,윤태윤,34,부산 신제주 123-45,010-7897-4461,웹서핑
13197,윤민수,63,안산 진해구 123-45,010-2476-7935,뜨개질
13198,최소율,40,울산 남구 123-45,010-6319-9126,음악감상
13199,박지민,27,광주 성북구 123-45,010-9098-2575,게임
13200,신예린,48,천안 서북구 123-45,010-5651-4193,카페 투어
13201,한예린,68,부산 일산동구 123-45,010-5133-3270,요리
13202,박수빈,69,창원 해운대구 123-45,010-7565-5125,게임
13203,한지안,52,대구 장유동 123-45,010-5716-5627,등산
13204,오예린,66,포항 서구 123-45,010-3312-9710,요리
13205,정하은,24,김해 유성구 123-45,010-1339-2552,드로잉
13206,김하윤,44,대전 신제주 123-45,010-6441-4682,뜨개질
13207,장태윤,29,전주 강서구 123-45,010-9958-8183,음악감상
13208,윤수빈,30,부산 남구 123-45,010-1975-3988,운동
13209,윤유진,76,평택 덕양구 123-45,010-6780-2215,일기 쓰기
13210,윤지안,27,화성 덕양구 123-45,010-8652-3949,게임
13211,서서준,33,전주 흥덕구 123-45,010-1969-6002,독서
13212,조수빈,23,용인 일산동구 123-45,010-9415-8589,영화감상
13213,임예은,73,광주 덕진구 123-45,010-7825-3113,뜨개질
13214,이은우,63,김해 성동구 123-45,010-8581-4198,여행
13215,최건우,67,청주 송파구 123-45,010-1339-8965,뜨개질
13216,조서연,32,안산 서구 123-45,010-6626-1959,운동
13217,임태윤,30,서울 덕진구 123-45,010-9059-6151,사진촬영
13218,박시우,75,김해 수성구 123-45,010-9827-6052,여행
13219,장수빈,68,수원 강서구 123-45,010-9878-5072,등산
13220,강예린,46,용인 기흥구 123-45,010-1815-9436,뜨개질
13221,최하은,70,천안 서북구 123-45,010-9512-4425,영화감상
13222,최태윤,21,안산 덕양구 123-45,010-3976-6256,음악감상
13223,임지원,20,서울 장유동 123-45,010-8376-5443,요리
13224,강서연,33,성남 달서구 123-45,010-9173-8170,요리
13225,정현우,64,인천 강서구 123-45,010-8434-2615,드로잉
13226,장예린,35,부산 서북구 123-45,010-1523-6674,수영
13227,임하윤,79,화성 서구 123-45,010-2307-8318,등산
13228,오시우,21,고양 성북구 123-45,010-7806-9970,게임
13229,조지안,65,안산 송파구 123-45,010-2055-7985,웹서핑
13230,오예은,54,성남 남구 123-45,010-6716-5290,일기 쓰기
13231,장유진,20,성남 유성구 123-45,010-3125-8056,게임
13232,윤예은,77,세종 중구 123-45,010-6569-7995,뜨개질
13233,한지안,29,청주 해운대구 123-45,010-8057-8454,운동
13234,한지민,74,포항 남구 123-45,010-9251-8439,등산
13235,박소율,33,대구 분당구 123-45,010-1968-7371,영화감상
13236,김유진,22,광주 달서구 123-45,010-2998-9527,유튜브 보기
13237,오도윤,48,전주 송파구 123-45,010-5799-2831,영화감상
13238,신지민,63,제주 덕양구 123-45,010-8040-6347,사진촬영
13239,이유진,60,수원 송파구 123-45,010-1723-5093,카페 투어
13240,서하은,77,창원 일산동구 123-45,010-6381-8964,수영
13241,김시우,50,평택 장유동 123-45,010-1161-7972,사진촬영
13242,서건우,65,성남 장유동 123-45,010-5443-6588,수영
13243,신소율,30,인천 유성구 123-45,010-2958-5175,여행
13244,윤예린,48,청주 남구 123-45,010-8918-5827,독서
13245,조서준,54,화성 일산동구 123-45,010-4167-5925,드로잉
13246,이예린,27,수원 강서구 123-45,010-9804-9627,보드게임
13247,이유진,23,안양 강서구 123-45,010-6457-4457,일기 쓰기
13248,윤지민,75,세종 기흥구 123-45,010-5562-4756,수영
13249,오도윤,29,천안 성북구 123-45,010-6361-5786,음악감상
13250,임도윤,70,평택 서북구 123-45,010-5915-9512,음악감상
13251,임민수,31,성남 기흥구 123-45,010-4220-8130,유튜브 보기
13252,신시우,60,성남 신제주 123-45,010-6943-3975,일기 쓰기
13253,한지후,27,광주 성동구 123-45,010-9199-3074,유튜브 보기
13254,김예은,70,제주 진해구 123-45,010-3249-2179,여행
13255,정건우,37,대전 해운대구 123-45,010-6463-5971,카페 투어
13256,최유진,53,용인 신제주 123-45,010-2678-6132,뜨개질
13257,임건우,48,남양주 성북구 123-45,010-7889-1663,등산
13258,최예린,23,창원 흥덕구 123-45,010-1796-6683,웹서핑
13259,윤예린,66,천안 일산동구 123-45,010-8850-1181,등산
13260,김서준,64,광주 성동구 123-45,010-3831-4922,드로잉
13261,한지민,56,세종 강남구 123-45,010-1087-4775,등산
13262,강현우,61,용인 남구 123-45,010-2461-2201,등산
13263,정민수,38,용인 송파구 123-45,010-4029-8542,수영
13264,신지원,47,대전 팔달구 123-45,010-3683-4234,게임
13265,서시우,55,인천 흥덕구 123-45,010-8897-2755,자전거 타기
13266,정지안,31,대구 유성구 123-45,010-3133-6494,드로잉
13267,이지후,61,전주 성북구 123-45,010-3560-2958,카페 투어
13268,김도윤,67,천안 신제주 123-45,010-4728-4772,웹서핑
13269,이지원,24,세종 중구 123-45,010-3407-9066,독서
13270,서지후,62,남양주 신제주 123-45,010-7682-5744,음악감상
13271,박하은,27,세종 분당구 123-45,010-6291-9455,요리
13272,신현우,43,안산 분당구 123-45,010-3912-3360,여행
13273,장지원,68,남양주 강서구 123-45,010-2618-6294,독서
13274,박지민,42,평택 기흥구 123-45,010-6126-4183,사진촬영
13275,오서준,40,청주 성북구 123-45,010-6215-4176,음악감상
13276,오건우,73,성남 흥덕구 123-45,010-4162-7710,운동
13277,오민수,35,대전 덕진구 123-45,010-2816-5909,유튜브 보기
13278,조시우,55,용인 성동구 123-45,010-6000-7237,뜨개질
13279,조은우,75,세종 신제주 123-45,010-3306-4384,일기 쓰기
13280,임하은,79,세종 송파구 123-45,010-9317-3653,음악감상
13281,오하윤,45,남양주 서구 123-45,010-7666-7200,영화감상
13282,최유진,37,세종 중구 123-45,010-9287-2376,사진촬영
13283,임서연,37,서울 남구 123-45,010-9990-8696,여행
13284,조시우,46,안양 북구 123-45,010-7971-3375,일기 쓰기
13285,한서연,69,포항 해운대구 123-45,010-8121-8111,카페 투어
13286,정소율,51,제주 흥덕구 123-45,010-3421-8497,여행
13287,임건우,62,대전 덕진구 123-45,010-5441-5384,사진촬영
13288,강지원,66,김해 서구 123-45,010-3699-9410,일기 쓰기
13289,오예은,73,인천 성북구 123-45,010-5044-2706,영화감상
13290,신도윤,75,대구 유성구 123-45,010-3049-2080,게임
13291,박서연,78,창원 유성구 123-45,010-5749-9767,유튜브 보기
13292,박민수,43,청주 해운대구 123-45,010-4221-8182,등산
13293,김유진,51,제주 덕진구 123-45,010-5282-2401,뜨개질
13294,박은우,23,서울 북구 123-45,010-5035-3957,게임
13295,김도윤,36,부산 동구 123-45,010-2752-2359,운동
13296,최지안,48,제주 덕양구 123-45,010-2009-6005,자전거 타기
13297,이하윤,32,천안 강서구 123-45,010-1133-5731,음악감상
13298,오현우,32,평택 수성구 123-45,010-6459-3384,일기 쓰기
13299,임태윤,26,울산 유성구 123-45,010-7204-5486,뜨개질
13300,오서준,27,김해 장유동 123-45,010-7751-2774,운동
13301,박시우,44,청주 진해구 123-45,010-6340-7353,수영
13302,강지원,50,울산 유성구 123-45,010-2081-1200,음악감상
13303,이지후,22,김해 송파구 123-45,010-2376-1597,게임
13304,박민수,74,용인 분당구 123-45,010-8583-6736,음악감상
13305,윤지안,78,남양주 덕진구 123-45,010-1398-1275,보드게임
13306,윤도윤,20,제주 진해구 123-45,010-1645-9830,등산
13307,박서준,25,김해 북구 123-45,010-8452-4564,게임
13308,장하은,54,인천 해운대구 123-45,010-9857-3564,일기 쓰기
13309,최지후,24,포항 성북구 123-45,010-9485-1393,독서
13310,최지후,44,성남 강남구 123-45,010-8647-1122,수영
13311,신서연,59,제주 일산동구 123-45,010-6600-1307,음악감상
13312,서지원,51,용인 강서구 123-45,010-2373-8514,등산
13313,신현우,32,성남 분당구 123-45,010-3224-8723,요리
13314,서시우,36,부산 흥덕구 123-45,010-6959-3508,뜨개질
13315,한예은,51,평택 달서구 123-45,010-8436-7634,웹서핑
13316,한태윤,20,인천 북구 123-45,010-4147-9194,일기 쓰기
13317,이소율,31,제주 유성구 123-45,010-8759-5632,운동
13318,이현우,25,인천 진해구 123-45,010-6974-2308,여행
13319,장현우,43,평택 성북구 123-45,010-4560-5240,여행
13320,신하윤,79,성남 분당구 123-45,010-3180-4099,자전거 타기
13321,서예린,41,광주 강서구 123-45,010-2378-9842,자전거 타기
13322,서태윤,71,창원 달서구 123-45,010-4530-3425,영화감상
13323,장지민,69,세종 성동구 123-45,010-1252-2174,음악감상
13324,김민수,58,창원 흥덕구 123-45,010-3150-5847,영화감상
13325,강예린,73,청주 분당구 123-45,010-2353-1727,뜨개질
13326,김민수,77,부산 덕진구 123-45,010-7916-8189,드로잉
13327,박서연,38,평택 덕진구 123-45,010-1776-2604,유튜브 보기
13328,윤서준,30,대전 일산동구 123-45,010-4722-8404,사진촬영
13329,이시우,53,안양 강서구 123-45,010-2709-6016,등산
13330,조지원,69,천안 기흥구 123-45,010-4405-8974,보드게임
13331,서하윤,62,대구 성동구 123-45,010-6380-4282,게임
13332,김서연,47,평택 성북구 123-45,010-3009-7627,드로잉
13333,최예은,55,울산 해운대구 123-45,010-4844-1788,드로잉
13334,임현우,41,광주 장유동 123-45,010-5947-5813,여행
13335,한하윤,37,서울 진해구 123-45,010-4689-6152,뜨개질
13336,최하윤,48,울산 동구 123-45,010-2337-1956,운동
13337,김예린,36,김해 해운대구 123-45,010-6447-6013,보드게임
13338,강예린,74,제주 덕진구 123-45,010-9248-3858,게임
13339,강서준,54,평택 분당구 123-45,010-6381-7205,일기 쓰기
13340,한지후,67,부산 장유동 123-45,010-4716-3255,사진촬영
13341,서소율,36,대전 신제주 123-45,010-2887-8009,운동
13342,윤예린,76,천안 강남구 123-45,010-8691-4380,드로잉
13343,신유진,51,평택 달서구 123-45,010-4049-5090,일기 쓰기
13344,한수빈,66,광주 서북구 123-45,010-8441-8667,영화감상
13345,박지안,59,인천 강서구 123-45,010-7746-2217,뜨개질
13346,한건우,31,전주 서구 123-45,010-2107-2236,여행
13347,정지민,22,수원 남구 123-45,010-8502-9039,음악감상
13348,장건우,58,화성 기흥구 123-45,010-1183-4297,영화감상
13349,박지후,65,대구 진해구 123-45,010-2058-2965,수영
13350,장건우,66,안산 송파구 123-45,010-4850-5707,수영
13351,오하윤,72,성남 달서구 123-45,010-3762-3172,보드게임
13352,김예은,55,포항 성북구 123-45,010-9368-9065,게임
13353,최소율,21,평택 해운대구 123-45,010-8837-3397,독서
13354,장하윤,42,용인 강남구 123-45,010-9415-8351,독서
13355,신건우,57,성남 성동구 123-45,010-4303-6265,카페 투어
13356,최건우,41,포항 진해구 123-45,010-5635-5243,웹서핑
13357,서태윤,56,광주 강남구 123-45,010-9549-6849,요리
13358,김지후,52,전주 중구 123-45,010-2050-1688,게임
13359,강은우,44,창원 송파구 123-45,010-9348-4373,독서
13360,최유진,59,제주 강남구 123-45,010-2072-6527,등산
13361,오현우,66,세종 흥덕구 123-45,010-1337-1936,유튜브 보기
13362,강건우,53,광주 강남구 123-45,010-8451-6824,일기 쓰기
13363,서현우,67,대구 강남구 123-45,010-4264-5978,뜨개질
13364,김서준,75,전주 송파구 123-45,010-1983-2196,수영
13365,장지후,75,안산 흥덕구 123-45,010-4632-2235,여행
13366,정소율,52,화성 강남구 123-45,010-3762-2445,일기 쓰기
13367,신지원,44,평택 신제주 123-45,010-6709-6678,드로잉
13368,장도윤,59,천안 유성구 123-45,010-8888-2116,요리
13369,이도윤,79,창원 진해구 123-45,010-8012-6602,요리
13370,박지안,48,안산 수성구 123-45,010-1879-5129,드로잉
13371,오서준,32,제주 남구 123-45,010-2482-1426,요리
13372,강서연,60,인천 남구 123-45,010-5987-8341,카페 투어
13373,정지원,29,세종 덕진구 123-45,010-9268-6085,사진촬영
13374,윤예린,40,광주 신제주 123-45,010-8610-3106,게임
13375,조시우,51,평택 중구 123-45,010-7135-5062,운동
13376,장하윤,30,서울 흥덕구 123-45,010-6232-4976,보드게임
13377,박하은,22,서울 북구 123-45,010-8944-9780,영화감상
13378,한서준,37,세종 북구 123-45,010-8747-8425,음악감상
13379,이도윤,32,성남 기흥구 123-45,010-3668-5473,수영
13380,윤지원,56,안양 서북구 123-45,010-8024-1781,음악감상
13381,임지안,42,고양 분당구 123-45,010-5264-4206,독서
13382,임지후,79,제주 진해구 123-45,010-5299-8021,일기 쓰기
13383,한하윤,29,제주 분당구 123-45,010-5529-3276,뜨개질
13384,조하은,64,창원 덕양구 123-45,010-4209-7867,등산
13385,오하은,37,청주 분당구 123-45,010-5668-2237,사진촬영
13386,임민수,58,고양 서북구 123-45,010-4720-6184,유튜브 보기
13387,오서준,56,부산 강서구 123-45,010-8382-5600,게임
13388,최시우,76,용인 강서구 123-45,010-2620-7236,여행
13389,김지원,39,수원 진해구 123-45,010-3044-1327,등산
13390,정민수,38,세종 서북구 123-45,010-4683-5856,독서
13391,한서준,26,김해 신제주 123-45,010-1643-5995,독서
13392,이예은,41,천안 분당구 123-45,010-8770-4470,여행
13393,강예린,79,천안 달서구 123-45,010-2032-3357,일기 쓰기
13394,한시우,54,창원 중구 123-45,010-3077-1030,요리
13395,이수빈,55,화성 기흥구 123-45,010-5872-3133,등산
13396,임하은,67,제주 성동구 123-45,010-1385-6042,일기 쓰기
13397,이소율,51,청주 수성구 123-45,010-2417-1254,유튜브 보기
13398,이은우,40,청주 덕진구 123-45,010-7004-1658,음악감상
13399,강유진,43,김해 수성구 123-45,010-5150-4040,수영
13400,강서연,45,서울 중구 123-45,010-3715-5544,독서
13401,신하윤,41,광주 남구 123-45,010-6037-7140,드로잉
13402,신태윤,78,안양 서북구 123-45,010-9018-8740,독서
13403,오하윤,25,수원 장유동 123-45,010-2467-6091,유튜브 보기
13404,이하윤,49,수원 서구 123-45,010-4614-1687,뜨개질
13405,박은우,26,울산 수성구 123-45,010-1573-2949,등산
13406,서시우,64,세종 강서구 123-45,010-5117-1395,등산
13407,조건우,39,천안 덕양구 123-45,010-3569-5317,드로잉
13408,정지원,61,창원 신제주 123-45,010-3996-4769,요리
13409,한현우,65,수원 동구 123-45,010-9298-2738,음악감상
13410,최지후,64,천안 북구 123-45,010-3055-2401,게임
13411,윤시우,39,창원 팔달구 123-45,010-8646-3567,요리
13412,한도윤,22,세종 강남구 123-45,010-5916-8972,보드게임
13413,조수빈,56,광주 분당구 123-45,010-9322-1219,일기 쓰기
13414,김수빈,73,전주 수성구 123-45,010-2495-4348,운동
13415,임소율,58,포항 동구 123-45,010-6572-7113,수영
13416,윤수빈,68,대전 유성구 123-45,010-4950-7137,드로잉
13417,한지원,45,성남 장유동 123-45,010-1815-4688,수영
13418,강지민,66,안산 덕진구 123-45,010-2621-1021,수영
13419,박도윤,76,안양 서북구 123-45,010-6969-1042,드로잉
13420,신지민,59,평택 중구 123-45,010-8817-1152,독서
13421,오지안,73,수원 일산동구 123-45,010-9087-9793,등산
13422,정시우,28,용인 기흥구 123-45,010-6761-7484,자전거 타기
13423,서유진,44,전주 일산동구 123-45,010-4911-5100,웹서핑
13424,장도윤,43,세종 성동구 123-45,010-6759-6329,요리
13425,정하은,56,수원 장유동 123-45,010-2204-2837,여행
13426,박지후,27,세종 분당구 123-45,010-2995-7224,드로잉
13427,임예은,52,화성 서구 123-45,010-7917-5613,일기 쓰기
13428,한예은,47,청주 유성구 123-45,010-3695-7795,카페 투어
13429,신유진,74,김해 장유동 123-45,010-6445-8709,음악감상
13430,서서연,79,화성 달서구 123-45,010-6619-1083,자전거 타기
13431,이건우,66,인천 남구 123-45,010-2490-5566,뜨개질
13432,임지원,32,세종 덕진구 123-45,010-1529-4104,음악감상
13433,정지민,59,청주 덕진구 123-45,010-6234-5953,수영
13434,임소율,51,수원 강남구 123-45,010-9377-7251,일기 쓰기
13435,김하윤,51,천안 성동구 123-45,010-8816-1527,독서
13436,윤수빈,58,성남 남구 123-45,010-3078-8622,음악감상
13437,한서준,26,수원 서구 123-45,010-6051-2697,드로잉
13438,한예린,61,남양주 강서구 123-45,010-9693-6577,영화감상
13439,신소율,67,천안 유성구 123-45,010-4830-9952,사진촬영
13440,한은우,73,광주 강남구 123-45,010-1676-6374,음악감상
13441,한하윤,69,대전 강남구 123-45,010-8752-8957,독서
13442,신하윤,75,울산 덕양구 123-45,010-5511-9493,웹서핑
13443,박지민,49,성남 흥덕구 123-45,010-2148-1649,자전거 타기
13444,강하은,40,대전 성북구 123-45,010-9572-8735,영화감상
13445,한지원,54,안산 서북구 123-45,010-7713-1332,사진촬영
13446,이현우,62,대구 진해구 123-45,010-1455-4550,독서
13447,서소율,47,청주 동구 123-45,010-9370-6545,요리
13448,박지원,77,화성 일산동구 123-45,010-2534-8435,뜨개질
13449,신예린,45,인천 장유동 123-45,010-8758-9080,일기 쓰기
13450,서유진,30,대구 서구 123-45,010-2366-9190,드로잉
13451,장유진,79,용인 동구 123-45,010-9008-5689,유튜브 보기
13452,강현우,66,화성 기흥구 123-45,010-5475-9088,카페 투어
13453,윤하윤,20,청주 강서구 123-45,010-6391-6807,운동
13454,정현우,54,광주 강서구 123-45,010-1762-7435,운동
13455,장하윤,62,수원 강서구 123-45,010-1094-3249,영화감상
13456,정건우,28,남양주 성북구 123-45,010-4289-4664,뜨개질
13457,정건우,66,세종 성동구 123-45,010-6868-4474,웹서핑
13458,윤수빈,48,대구 성북구 123-45,010-1685-3198,게임
13459,박건우,48,대구 덕양구 123-45,010-1341-8513,웹서핑
13460,강하윤,75,청주 달서구 123-45,010-5626-5785,게임
13461,장현우,26,안산 일산동구 123-45,010-1893-1696,운동
13462,윤하윤,58,청주 동구 123-45,010-1853-2279,게임
13463,박지후,61,부산 해운대구 123-45,010-7675-3121,음악감상
13464,강예린,35,대구 기흥구 123-45,010-8044-5123,보드게임
13465,임지후,29,창원 송파구 123-45,010-7851-3907,일기 쓰기
13466,장하윤,37,서울 서구 123-45,010-8668-7294,독서
13467,서민수,64,전주 동구 123-45,010-9241-6600,등산
13468,윤건우,35,포항 일산동구 123-45,010-7089-3008,사진촬영
13469,조서연,55,화성 남구 123-45,010-7876-6193,유튜브 보기
13470,한예린,29,수원 수성구 123-45,010-1048-1515,유튜브 보기
13471,최지후,47,창원 신제주 123-45,010-7632-1831,독서
13472,장하윤,64,청주 수성구 123-45,010-4983-7423,음악감상
13473,이지안,64,전주 남구 123-45,010-6553-8763,독서
13474,정유진,78,청주 중구 123-45,010-6363-9333,웹서핑
13475,한하윤,20,창원 진해구 123-45,010-1422-3814,사진촬영
13476,임하은,58,서울 강남구 123-45,010-6704-8399,독서
13477,윤수빈,51,세종 서구 123-45,010-2915-8641,여행
13478,장태윤,63,성남 중구 123-45,010-2124-3725,등산
13479,최유진,72,광주 일산동구 123-45,010-1637-5669,영화감상
13480,윤소율,45,용인 달서구 123-45,010-2675-3625,게임
13481,박소율,70,고양 장유동 123-45,010-5208-4043,운동
13482,임시우,26,안양 중구 123-45,010-3899-4555,요리
13483,임지후,74,화성 진해구 123-45,010-7979-8868,유튜브 보기
13484,한하은,45,화성 팔달구 123-45,010-4768-8141,사진촬영
13485,신소율,51,남양주 동구 123-45,010-6434-2233,유튜브 보기
13486,장시우,65,부산 팔달구 123-45,010-1168-9807,카페 투어
13487,정도윤,28,천안 송파구 123-45,010-1674-4538,여행
13488,박하은,66,서울 달서구 123-45,010-7071-2874,영화감상
13489,박수빈,71,평택 서북구 123-45,010-3736-5898,웹서핑
13490,윤유진,65,성남 덕양구 123-45,010-4859-4584,여행
13491,박하윤,24,대구 신제주 123-45,010-6625-4393,등산
13492,오예은,63,김해 덕양구 123-45,010-9656-7338,일기 쓰기
13493,오민수,42,창원 덕양구 123-45,010-9242-5543,여행
13494,한수빈,53,화성 남구 123-45,010-4884-6112,수영
13495,이하은,36,안양 강서구 123-45,010-1951-4031,자전거 타기
13496,최지후,61,부산 진해구 123-45,010-4507-6931,카페 투어
13497,최도윤,79,세종 신제주 123-45,010-1831-8328,독서
13498,이시우,67,천안 덕양구 123-45,010-6139-7197,드로잉
13499,이하윤,74,인천 진해구 123-45,010-9454-4869,음악감상
13500,서현우,56,김해 강남구 123-45,010-4360-6942,뜨개질
13501,조예은,68,창원 흥덕구 123-45,010-6297-2765,등산
13502,박은우,53,세종 서구 123-45,010-8664-2536,게임
13503,이서연,38,수원 신제주 123-45,010-5453-9515,자전거 타기
13504,한지원,60,창원 일산동구 123-45,010-4167-6243,등산
13505,조하윤,51,대구 일산동구 123-45,010-2647-6254,카페 투어
13506,서지원,29,남양주 달서구 123-45,010-8787-3481,수영
13507,이건우,26,평택 일산동구 123-45,010-6412-8392,사진촬영
13508,김하윤,41,울산 강남구 123-45,010-8792-3058,드로잉
13509,김지후,65,울산 북구 123-45,010-3873-9242,운동
13510,조예은,33,화성 장유동 123-45,010-6980-3432,요리
13511,강은우,37,부산 송파구 123-45,010-7083-2813,일기 쓰기
13512,김건우,42,청주 수성구 123-45,010-4620-9035,여행
13513,서민수,66,인천 서구 123-45,010-2647-9139,유튜브 보기
13514,최예린,61,평택 덕진구 123-45,010-6468-3444,일기 쓰기
13515,신하윤,26,남양주 북구 123-45,010-6362-2443,운동
13516,신태윤,20,부산 송파구 123-45,010-5945-2405,등산
13517,신시우,70,부산 성동구 123-45,010-9161-9167,독서
13518,강하은,75,평택 진해구 123-45,010-4921-9695,보드게임
13519,한지원,26,포항 동구 123-45,010-5898-9832,일기 쓰기
13520,강소율,51,화성 일산동구 123-45,010-2817-5753,운동
13521,오도윤,20,창원 장유동 123-45,010-1752-8671,게임
13522,박민수,50,대전 서북구 123-45,010-9229-6479,음악감상
13523,임지민,41,화성 중구 123-45,010-8249-8884,카페 투어
13524,장소율,71,김해 강남구 123-45,010-6730-4319,자전거 타기
13525,서하윤,77,부산 강서구 123-45,010-9738-3114,유튜브 보기
13526,신지후,29,인천 수성구 123-45,010-2726-1909,보드게임
13527,김예은,75,성남 북구 123-45,010-3264-6625,사진촬영
13528,정은우,68,청주 팔달구 123-45,010-8862-7159,사진촬영
13529,정민수,45,인천 분당구 123-45,010-8656-2082,등산
13530,신유진,29,천안 팔달구 123-45,010-1734-5288,영화감상
13531,임민수,51,청주 성동구 123-45,010-2935-6198,게임
13532,강수빈,77,세종 강서구 123-45,010-6371-9753,영화감상
13533,임하윤,20,울산 덕진구 123-45,010-1259-2277,사진촬영
13534,정시우,30,성남 서북구 123-45,010-2251-1506,음악감상
13535,조서준,66,용인 동구 123-45,010-1471-6866,게임
13536,이예린,68,수원 달서구 123-45,010-2403-1164,등산
13537,윤민수,54,인천 분당구 123-45,010-8513-8756,카페 투어
13538,한민수,71,평택 덕양구 123-45,010-6263-1801,영화감상
13539,신지후,25,세종 일산동구 123-45,010-1598-7246,게임
13540,정하윤,55,부산 남구 123-45,010-3549-5810,드로잉
13541,윤하은,51,부산 서구 123-45,010-4068-7231,수영
13542,정소율,46,울산 동구 123-45,010-6969-4534,운동
13543,신지후,62,김해 북구 123-45,010-1190-7842,드로잉
13544,신민수,39,고양 달서구 123-45,010-8312-7529,여행
13545,최도윤,42,수원 덕진구 123-45,010-3554-7230,일기 쓰기
13546,한지후,41,대전 해운대구 123-45,010-1017-6721,드로잉
13547,김은우,53,서울 성동구 123-45,010-9869-2741,보드게임
13548,이지후,59,부산 서북구 123-45,010-2486-4978,자전거 타기
13549,한예은,40,고양 달서구 123-45,010-8053-7937,등산
13550,최예린,41,세종 신제주 123-45,010-6503-2194,사진촬영
13551,박시우,64,광주 북구 123-45,010-2173-8457,영화감상
13552,김지후,69,서울 덕양구 123-45,010-3006-1932,뜨개질
13553,조지민,49,용인 성북구 123-45,010-3395-7887,음악감상
13554,김서연,54,청주 강서구 123-45,010-2506-1441,드로잉
13555,오은우,53,화성 기흥구 123-45,010-2925-2316,뜨개질
13556,서도윤,63,전주 덕양구 123-45,010-8328-4057,자전거 타기
13557,장도윤,37,화성 성동구 123-45,010-6558-4969,영화감상
13558,서지후,44,대전 기흥구 123-45,010-4325-8533,사진촬영
13559,오유진,74,남양주 서북구 123-45,010-5093-8535,보드게임
13560,신지후,78,용인 수성구 123-45,010-8820-4135,등산
13561,최지민,72,용인 신제주 123-45,010-7037-4727,여행
13562,강건우,59,고양 강남구 123-45,010-1165-8199,영화감상
13563,최하은,57,고양 남구 123-45,010-7629-5682,영화감상
13564,신예은,54,수원 장유동 123-45,010-6602-6535,뜨개질
13565,신건우,33,김해 유성구 123-45,010-1008-6289,유튜브 보기
13566,장은우,26,김해 일산동구 123-45,010-5523-5751,운동
13567,조지후,26,인천 성북구 123-45,010-6468-6981,게임
13568,오지안,51,광주 서구 123-45,010-4707-5281,게임
13569,조하은,21,수원 기흥구 123-45,010-2863-4903,등산
13570,이시우,26,광주 달서구 123-45,010-7039-2621,일기 쓰기
13571,정하은,31,고양 중구 123-45,010-1692-4472,뜨개질
13572,윤하윤,49,수원 북구 123-45,010-5685-2749,유튜브 보기
13573,오지민,76,창원 기흥구 123-45,010-9210-6704,사진촬영
13574,임태윤,51,대구 장유동 123-45,010-1337-2129,등산
13575,강시우,58,화성 서북구 123-45,010-4436-1082,여행
13576,박시우,35,대구 해운대구 123-45,010-7233-6435,독서
13577,김예은,30,성남 기흥구 123-45,010-2105-2414,음악감상
13578,윤태윤,33,인천 강서구 123-45,010-8026-3714,사진촬영
13579,서현우,69,세종 성동구 123-45,010-6213-1628,자전거 타기
13580,신소율,66,광주 덕진구 123-45,010-6568-5186,웹서핑
13581,정도윤,23,천안 덕진구 123-45,010-5588-8407,요리
13582,오현우,40,창원 중구 123-45,010-8392-3634,카페 투어
13583,김지민,38,화성 장유동 123-45,010-1285-4510,사진촬영
13584,박예은,58,화성 진해구 123-45,010-4352-1971,영화감상
13585,오건우,46,대구 덕진구 123-45,010-2147-4412,뜨개질
13586,장지원,59,창원 성동구 123-45,010-1940-8335,사진촬영
13587,장예은,26,성남 덕진구 123-45,010-5365-6784,보드게임
13588,최소율,47,전주 수성구 123-45,010-7930-1646,독서
13589,조지원,49,포항 서구 123-45,010-4719-8740,드로잉
13590,서도윤,71,용인 해운대구 123-45,010-6391-6314,드로잉
13591,서지원,40,용인 달서구 123-45,010-9917-2322,사진촬영
13592,김수빈,41,전주 달서구 123-45,010-3631-5187,게임
13593,정시우,46,제주 장유동 123-45,010-8454-4897,수영
13594,김지후,45,평택 일산동구 123-45,010-3680-8491,요리
13595,박서연,54,대구 동구 123-45,010-4782-7419,일기 쓰기
13596,조서연,55,화성 유성구 123-45,010-4998-1386,카페 투어
13597,윤시우,78,포항 중구 123-45,010-2257-6665,사진촬영
13598,정은우,58,광주 서구 123-45,010-6190-4601,영화감상
13599,신하은,54,전주 신제주 123-45,010-8854-8188,영화감상
13600,임태윤,27,광주 동구 123-45,010-2022-1458,웹서핑
13601,한하윤,29,김해 성동구 123-45,010-6177-5253,유튜브 보기
13602,임도윤,45,김해 신제주 123-45,010-5291-1037,뜨개질
13603,오태윤,53,제주 덕양구 123-45,010-9174-1629,여행
13604,강수빈,55,성남 강남구 123-45,010-2913-6972,웹서핑
13605,정도윤,38,청주 일산동구 123-45,010-3780-5989,음악감상
13606,이시우,73,부산 분당구 123-45,010-4798-9312,뜨개질
13607,오태윤,27,울산 성북구 123-45,010-1999-4630,유튜브 보기
13608,강민수,48,서울 성동구 123-45,010-7094-9848,유튜브 보기
13609,임수빈,22,서울 강서구 123-45,010-3316-2017,유튜브 보기
13610,이지원,45,남양주 흥덕구 123-45,010-6207-1752,카페 투어
13611,최은우,20,평택 기흥구 123-45,010-1104-6431,게임
13612,박유진,49,안양 분당구 123-45,010-5205-3894,일기 쓰기
13613,정태윤,42,전주 진해구 123-45,010-7479-8905,유튜브 보기
13614,조지후,26,대전 달서구 123-45,010-1533-5877,드로잉
13615,장지민,24,용인 달서구 123-45,010-6408-2087,웹서핑
13616,박도윤,36,서울 성동구 123-45,010-3566-3502,독서
13617,오소율,44,청주 성동구 123-45,010-6951-8804,사진촬영
13618,임지후,56,포항 성동구 123-45,010-1706-4257,사진촬영
13619,장건우,26,대구 성북구 123-45,010-9049-8384,카페 투어
13620,조태윤,39,인천 수성구 123-45,010-5481-6951,독서
13621,강은우,68,대전 덕양구 123-45,010-7395-3755,게임
13622,최현우,59,남양주 분당구 123-45,010-2405-8346,등산
13623,신소율,51,울산 남구 123-45,010-8682-3616,사진촬영
13624,정유진,23,울산 수성구 123-45,010-2238-2179,여행
13625,강태윤,44,울산 북구 123-45,010-9619-4150,드로잉
13626,오하은,62,전주 기흥구 123-45,010-9223-1258,자전거 타기
13627,정건우,43,제주 팔달구 123-45,010-9107-9736,사진촬영
13628,조서준,44,제주 흥덕구 123-45,010-4037-7400,웹서핑
13629,한지안,42,김해 흥덕구 123-45,010-1719-1733,운동
13630,박예린,23,인천 흥덕구 123-45,010-3502-4687,요리
13631,오지민,38,화성 장유동 123-45,010-7876-2352,요리
13632,임예은,54,창원 성북구 123-45,010-9062-2791,뜨개질
13633,서수빈,40,대전 진해구 123-45,010-2935-1672,수영
13634,김지민,68,성남 동구 123-45,010-6035-6914,요리
13635,오예은,64,부산 동구 123-45,010-5989-2119,게임
13636,박소율,21,고양 성북구 123-45,010-3481-4576,유튜브 보기
13637,오소율,28,인천 송파구 123-45,010-2491-9182,독서
13638,박서준,58,남양주 장유동 123-45,010-5062-6410,요리
13639,서서연,52,인천 흥덕구 123-45,010-7894-1351,요리
13640,이수빈,40,부산 달서구 123-45,010-1375-3866,자전거 타기
13641,윤현우,59,평택 강서구 123-45,010-1363-1137,독서
13642,김민수,49,광주 강서구 123-45,010-7039-7465,여행
13643,신하은,36,고양 유성구 123-45,010-6023-6478,여행
13644,한민수,76,수원 달서구 123-45,010-1574-8431,드로잉
13645,장지안,52,성남 흥덕구 123-45,010-1439-4527,유튜브 보기
13646,조민수,68,남양주 덕양구 123-45,010-3175-7253,보드게임
13647,박하윤,46,천안 성동구 123-45,010-5256-5285,뜨개질
13648,신하윤,33,전주 기흥구 123-45,010-3127-8085,드로잉
13649,강도윤,41,인천 서구 123-45,010-8055-9697,보드게임
13650,신예은,77,성남 신제주 123-45,010-6820-5535,영화감상
13651,조하은,63,울산 수성구 123-45,010-1689-5444,웹서핑
13652,박서준,63,광주 진해구 123-45,010-9227-9301,독서
13653,임시우,52,전주 달서구 123-45,010-8067-3110,독서
13654,서지민,74,용인 서구 123-45,010-7080-6495,운동
13655,정하은,62,광주 분당구 123-45,010-3866-8210,일기 쓰기
13656,이서준,58,부산 덕진구 123-45,010-7120-2439,보드게임
13657,최민수,22,대구 분당구 123-45,010-4012-3352,뜨개질
13658,박도윤,76,울산 성동구 123-45,010-2273-5365,음악감상
13659,조지원,65,수원 기흥구 123-45,010-8316-4497,웹서핑
13660,한은우,37,대전 팔달구 123-45,010-9432-1674,여행
13661,서지원,71,포항 중구 123-45,010-5104-7125,요리
13662,장예린,55,천안 기흥구 123-45,010-6401-7568,자전거 타기
13663,조예은,54,부산 중구 123-45,010-6013-5799,웹서핑
13664,신서준,38,고양 북구 123-45,010-1306-1840,음악감상
13665,장서준,63,울산 신제주 123-45,010-5312-1486,게임
13666,박지후,51,창원 성북구 123-45,010-3447-9578,수영
13667,장수빈,54,세종 신제주 123-45,010-9383-1733,운동
13668,최유진,75,인천 서북구 123-45,010-7333-2887,사진촬영
13669,장시우,37,화성 덕진구 123-45,010-7821-8147,수영
13670,이하윤,23,남양주 덕진구 123-45,010-7843-3289,드로잉
13671,조태윤,29,안산 분당구 123-45,010-4064-1803,자전거 타기
13672,서도윤,29,울산 일산동구 123-45,010-4787-1584,일기 쓰기
13673,한건우,79,포항 유성구 123-45,010-4493-9636,보드게임
13674,한민수,53,화성 성북구 123-45,010-7236-1182,드로잉
13675,한시우,79,안양 기흥구 123-45,010-5450-2632,드로잉
13676,강태윤,60,제주 기흥구 123-45,010-9691-4891,보드게임
13677,조민수,63,성남 서구 123-45,010-2178-8369,등산
13678,윤지후,63,성남 덕진구 123-45,010-4260-2857,사진촬영
13679,김지원,36,성남 북구 123-45,010-2843-9198,운동
13680,임하윤,43,수원 성동구 123-45,010-2981-1816,영화감상
13681,한서준,62,울산 강서구 123-45,010-2171-5417,게임
13682,강소율,70,성남 북구 123-45,010-8226-4033,음악감상
13683,이소율,47,울산 남구 123-45,010-3765-7827,여행
13684,조지안,67,수원 강남구 123-45,010-6881-3790,사진촬영
13685,임수빈,68,안산 동구 123-45,010-5984-5133,영화감상
13686,신지후,29,남양주 신제주 123-45,010-4894-2320,뜨개질
13687,오예은,29,제주 북구 123-45,010-6951-4736,드로잉
13688,한민수,25,창원 강서구 123-45,010-5991-1063,독서
13689,박예은,56,대구 동구 123-45,010-9576-6597,수영
13690,김지민,42,용인 동구 123-45,010-6544-1140,유튜브 보기
13691,오도윤,50,천안 성북구 123-45,010-4889-8029,사진촬영
13692,강서연,43,세종 분당구 123-45,010-5663-6305,독서
13693,정지민,44,대구 흥덕구 123-45,010-5893-6401,운동
13694,정수빈,51,광주 해운대구 123-45,010-2601-5110,뜨개질
13695,조현우,66,김해 분당구 123-45,010-3211-4626,웹서핑
13696,신건우,61,대전 분당구 123-45,010-8233-5237,유튜브 보기
13697,오지민,62,인천 해운대구 123-45,010-9326-5561,뜨개질
13698,장하윤,78,부산 신제주 123-45,010-9007-4126,여행
13699,김현우,57,부산 동구 123-45,010-1301-1335,음악감상
13700,강유진,53,대구 해운대구 123-45,010-7950-6002,요리
13701,정현우,31,대전 서북구 123-45,010-7483-1212,유튜브 보기
13702,한도윤,45,부산 장유동 123-45,010-6619-7276,보드게임
13703,한민수,26,수원 성북구 123-45,010-1991-3619,독서
13704,이소율,73,제주 성동구 123-45,010-5044-7098,음악감상
13705,최지원,39,고양 덕양구 123-45,010-6188-2076,음악감상
13706,신소율,64,광주 북구 123-45,010-9277-8231,자전거 타기
13707,장도윤,47,용인 흥덕구 123-45,010-5097-4759,뜨개질
13708,신예은,59,안산 동구 123-45,010-5732-3139,운동
13709,최소율,30,화성 동구 123-45,010-8945-6527,웹서핑
13710,임하윤,33,인천 수성구 123-45,010-7270-5784,게임
13711,김도윤,34,광주 덕진구 123-45,010-2347-3155,수영
13712,최수빈,45,울산 강서구 123-45,010-8143-9327,드로잉
13713,장서연,63,대전 서구 123-45,010-4011-3294,웹서핑
13714,한수빈,50,남양주 성북구 123-45,010-2636-3847,뜨개질
13715,장예린,39,평택 송파구 123-45,010-6221-4863,웹서핑
13716,최은우,59,부산 진해구 123-45,010-7387-3516,드로잉
13717,장지민,20,청주 덕진구 123-45,010-4320-1688,드로잉
13718,서태윤,37,성남 성북구 123-45,010-1561-5684,운동
13719,정하윤,28,남양주 강남구 123-45,010-5648-6291,음악감상
13720,윤지안,67,안산 중구 123-45,010-4562-7914,요리
13721,윤서연,35,남양주 신제주 123-45,010-1793-3215,보드게임
13722,윤민수,20,안산 강서구 123-45,010-6515-1679,요리
13723,정태윤,24,울산 달서구 123-45,010-7770-6430,음악감상
13724,한지안,76,광주 팔달구 123-45,010-4210-1619,자전거 타기
13725,서지안,45,수원 분당구 123-45,010-9799-3657,뜨개질
13726,임소율,28,제주 덕양구 123-45,010-9348-4640,음악감상
13727,임수빈,22,광주 진해구 123-45,010-1948-2929,독서
13728,조시우,65,대전 수성구 123-45,010-2789-2310,드로잉
13729,최소율,29,인천 덕양구 123-45,010-5920-3223,등산
13730,임소율,44,화성 강서구 123-45,010-7195-3654,음악감상
13731,신건우,79,세종 달서구 123-45,010-2223-5020,드로잉
13732,서지민,39,대전 중구 123-45,010-2042-5786,보드게임
13733,이유진,33,서울 일산동구 123-45,010-7190-1473,일기 쓰기
13734,오지후,78,부산 성북구 123-45,010-7104-1234,음악감상
13735,임민수,59,창원 중구 123-45,010-7385-8359,음악감상
13736,한태윤,78,광주 남구 123-45,010-4625-6504,요리
13737,오지후,75,포항 덕양구 123-45,010-9623-3087,운동
13738,장서준,48,세종 강남구 123-45,010-4106-2476,음악감상
13739,임소율,66,울산 남구 123-45,010-4908-8650,등산
13740,최수빈,38,대구 분당구 123-45,010-1178-4736,독서
13741,최예린,36,화성 성동구 123-45,010-3685-3097,요리
13742,임예은,47,창원 남구 123-45,010-5683-2132,독서
13743,강예린,40,부산 신제주 123-45,010-6247-6020,음악감상
13744,신은우,30,수원 송파구 123-45,010-3788-8409,요리
13745,정유진,52,제주 팔달구 123-45,010-1286-4190,등산
13746,한민수,27,청주 성북구 123-45,010-1530-6538,등산
13747,박태윤,64,대구 장유동 123-45,010-2537-6415,등산
13748,한현우,72,남양주 북구 123-45,010-9993-6805,운동
13749,윤지민,35,성남 중구 123-45,010-2324-5871,일기 쓰기
13750,조하은,68,광주 송파구 123-45,010-8559-5917,운동
13751,윤서연,75,서울 덕진구 123-45,010-5668-5433,영화감상
13752,한지안,74,대구 서북구 123-45,010-2081-3322,운동
13753,임하윤,41,대전 성동구 123-45,010-1142-6300,독서
13754,임은우,42,포항 유성구 123-45,010-2130-7846,카페 투어
13755,정건우,61,용인 유성구 123-45,010-7207-3795,수영
13756,오서준,33,전주 강남구 123-45,010-8250-6481,여행
13757,임예린,21,평택 강서구 123-45,010-1300-2989,사진촬영
13758,윤소율,52,울산 진해구 123-45,010-5356-1253,유튜브 보기
13759,이예은,50,용인 북구 123-45,010-7938-4805,뜨개질
13760,박지민,72,부산 장유동 123-45,010-5453-9386,카페 투어
13761,임유진,64,수원 유성구 123-45,010-9806-1802,자전거 타기
13762,신예은,79,창원 장유동 123-45,010-3723-6490,독서
13763,윤유진,78,김해 장유동 123-45,010-5629-7886,독서
13764,임시우,49,안산 서구 123-45,010-1090-9565,음악감상
13765,김지원,43,수원 팔달구 123-45,010-9420-4026,드로잉
13766,박유진,79,남양주 장유동 123-45,010-2776-4725,수영
13767,김민수,32,안양 남구 123-45,010-7960-7888,자전거 타기
13768,신하은,66,남양주 중구 123-45,010-6009-7130,운동
13769,한서준,23,고양 서북구 123-45,010-5046-5231,요리
13770,김은우,72,대전 진해구 123-45,010-3203-6013,운동
13771,조도윤,33,천안 강서구 123-45,010-4131-2937,요리
13772,이유진,65,전주 덕진구 123-45,010-7507-1544,여행
13773,조은우,23,안산 중구 123-45,010-1108-2175,사진촬영
13774,최하윤,62,고양 기흥구 123-45,010-8445-4996,보드게임
13775,장소율,69,인천 신제주 123-45,010-2254-7122,보드게임
13776,윤지원,24,울산 분당구 123-45,010-1398-5696,게임
13777,조건우,38,울산 일산동구 123-45,010-5478-6435,여행
13778,오지안,24,창원 북구 123-45,010-1620-9736,웹서핑
13779,최지원,76,화성 팔달구 123-45,010-4193-1811,음악감상
13780,이예린,44,화성 남구 123-45,010-2412-5522,요리
13781,정현우,71,안산 북구 123-45,010-8941-7010,운동
13782,서지민,79,대구 분당구 123-45,010-7834-3882,드로잉
13783,서유진,58,전주 서북구 123-45,010-9493-8795,독서
13784,최지안,68,남양주 서구 123-45,010-7491-9382,수영
13785,한지민,23,부산 흥덕구 123-45,010-7567-7718,운동
13786,장민수,47,수원 기흥구 123-45,010-1637-3201,유튜브 보기
13787,신은우,59,청주 장유동 123-45,010-3144-4220,음악감상
13788,임태윤,50,인천 서구 123-45,010-4797-4452,운동
13789,오유진,58,서울 강남구 123-45,010-7341-8493,요리
13790,이지민,28,김해 성동구 123-45,010-8567-4815,운동
13791,조하은,62,포항 남구 123-45,010-5660-8580,수영
13792,김건우,32,고양 일산동구 123-45,010-9705-9331,뜨개질
13793,신수빈,56,부산 신제주 123-45,010-2232-7928,영화감상
13794,윤현우,70,대전 동구 123-45,010-1071-4498,운동
13795,정현우,68,세종 강남구 123-45,010-2463-5028,영화감상
13796,강지후,23,전주 기흥구 123-45,010-1806-3437,여행
13797,윤수빈,24,안산 흥덕구 123-45,010-5118-7199,일기 쓰기
13798,이현우,64,남양주 유성구 123-45,010-8348-6379,여행
13799,임수빈,65,대전 남구 123-45,010-6195-9532,드로잉
13800,김예은,39,평택 덕양구 123-45,010-3374-4072,웹서핑
13801,조하은,20,전주 덕양구 123-45,010-7169-9370,여행
13802,조시우,40,포항 성동구 123-45,010-9048-2402,유튜브 보기
13803,서유진,33,서울 해운대구 123-45,010-8478-9715,보드게임
13804,박민수,44,화성 서북구 123-45,010-3432-3429,운동
13805,오서연,22,용인 해운대구 123-45,010-9463-2089,뜨개질
13806,최예린,32,전주 북구 123-45,010-9034-9471,일기 쓰기
13807,정서준,27,창원 서구 123-45,010-7618-1555,영화감상
13808,신태윤,49,고양 팔달구 123-45,010-3452-8515,카페 투어
13809,조지후,51,고양 팔달구 123-45,010-4298-1891,보드게임
13810,임도윤,57,세종 서구 123-45,010-5386-2770,영화감상
13811,신지안,25,울산 일산동구 123-45,010-7902-4146,독서
13812,이하윤,60,용인 덕양구 123-45,010-8354-3764,웹서핑
13813,오현우,31,수원 북구 123-45,010-5417-9201,음악감상
13814,임은우,71,청주 신제주 123-45,010-7632-3674,뜨개질
13815,박도윤,61,고양 성동구 123-45,010-8065-5705,영화감상
13816,정서연,51,청주 유성구 123-45,010-8506-3190,보드게임
13817,최지후,65,부산 해운대구 123-45,010-2316-5795,자전거 타기
13818,최건우,61,안양 서북구 123-45,010-1748-6608,뜨개질
13819,최예은,24,고양 신제주 123-45,010-3829-2800,음악감상
13820,윤하은,75,남양주 덕진구 123-45,010-2796-2162,수영
13821,조지안,51,성남 흥덕구 123-45,010-9171-3033,운동
13822,오수빈,25,수원 덕진구 123-45,010-3462-4652,영화감상
13823,조수빈,58,화성 중구 123-45,010-6593-2887,카페 투어
13824,정은우,28,천안 수성구 123-45,010-6488-6240,독서
13825,김서준,63,울산 흥덕구 123-45,010-4374-1931,웹서핑
13826,장지민,49,전주 유성구 123-45,010-8183-1774,등산
13827,서태윤,67,고양 유성구 123-45,010-9973-3774,요리
13828,김예린,53,청주 유성구 123-45,010-9903-9496,게임
13829,최지후,54,성남 송파구 123-45,010-2533-8624,사진촬영
13830,강지원,50,수원 장유동 123-45,010-2533-7758,카페 투어
13831,조수빈,70,고양 강서구 123-45,010-4569-5156,일기 쓰기
13832,김하은,72,용인 수성구 123-45,010-1735-7194,음악감상
13833,강도윤,72,창원 팔달구 123-45,010-9472-4834,일기 쓰기
13834,이서연,20,화성 신제주 123-45,010-9353-7276,카페 투어
13835,박서연,64,세종 기흥구 123-45,010-5661-9314,보드게임
13836,김도윤,43,김해 덕양구 123-45,010-9433-6181,음악감상
13837,서지원,32,세종 송파구 123-45,010-1695-6935,운동
13838,신현우,34,제주 달서구 123-45,010-9932-4887,등산
13839,강현우,41,성남 중구 123-45,010-4281-2416,뜨개질
13840,조현우,47,포항 수성구 123-45,010-6662-2962,웹서핑
13841,임지안,40,서울 중구 123-45,010-3458-6888,웹서핑
13842,정서연,74,안산 분당구 123-45,010-9540-7736,음악감상
13843,한소율,45,성남 성동구 123-45,010-1374-8518,보드게임
13844,장도윤,68,안산 덕진구 123-45,010-6532-8857,음악감상
13845,최도윤,42,부산 서구 123-45,010-6465-4308,뜨개질
13846,강도윤,74,평택 일산동구 123-45,010-7899-6855,자전거 타기
13847,윤시우,40,제주 유성구 123-45,010-9634-3492,뜨개질
13848,서지원,53,포항 달서구 123-45,010-4373-1074,일기 쓰기
13849,정도윤,55,안양 남구 123-45,010-9101-7861,보드게임
13850,조지민,39,안양 흥덕구 123-45,010-8175-7396,보드게임
13851,서예은,41,대구 남구 123-45,010-9206-6865,드로잉
13852,장서준,20,용인 유성구 123-45,010-7959-3709,운동
13853,조예은,59,김해 남구 123-45,010-3500-6169,사진촬영
13854,조지민,65,대구 강남구 123-45,010-1522-4862,드로잉
13855,조지후,54,평택 남구 123-45,010-4915-1518,여행
13856,정소율,67,대전 덕진구 123-45,010-4052-1673,음악감상
13857,김소율,66,화성 서구 123-45,010-3247-9137,등산
13858,강서연,24,광주 덕진구 123-45,010-6307-5646,자전거 타기
13859,임예은,29,제주 서구 123-45,010-1103-8219,유튜브 보기
13860,최시우,79,포항 덕양구 123-45,010-4091-8071,일기 쓰기
13861,한현우,20,천안 흥덕구 123-45,010-7375-9861,영화감상
13862,윤시우,35,창원 성동구 123-45,010-5809-9725,카페 투어
13863,서수빈,47,성남 강서구 123-45,010-6260-5320,요리
13864,신유진,68,서울 덕양구 123-45,010-4268-5823,일기 쓰기
13865,강시우,24,울산 남구 123-45,010-2898-1485,뜨개질
13866,강태윤,79,창원 성북구 123-45,010-9830-9961,드로잉
13867,신서준,40,성남 서구 123-45,010-7160-5829,카페 투어
13868,정은우,78,부산 진해구 123-45,010-7454-4201,웹서핑
13869,강현우,79,세종 팔달구 123-45,010-7282-8577,웹서핑
13870,박예린,77,안산 중구 123-45,010-2081-4338,여행
13871,한도윤,67,포항 분당구 123-45,010-6957-4801,드로잉
13872,정서준,40,김해 남구 123-45,010-7739-2133,자전거 타기
13873,박지후,21,평택 강남구 123-45,010-2206-4288,드로잉
13874,한예린,31,대구 수성구 123-45,010-1794-1730,유튜브 보기
13875,정예린,34,성남 수성구 123-45,010-5090-4254,카페 투어
13876,조지민,32,수원 송파구 123-45,010-8426-6899,보드게임
13877,김서연,62,울산 서북구 123-45,010-3030-2891,여행
13878,임민수,29,광주 장유동 123-45,010-2113-2055,수영
13879,강지안,55,대구 강남구 123-45,010-1910-3018,일기 쓰기
13880,이도윤,24,전주 성동구 123-45,010-4035-3898,독서
13881,강현우,70,안양 일산동구 123-45,010-9865-2546,운동
13882,한하은,49,고양 중구 123-45,010-8630-6427,수영
13883,박지후,59,포항 기흥구 123-45,010-6987-8278,등산
13884,서예은,65,안양 서북구 123-45,010-4766-1651,카페 투어
13885,서지민,56,안산 기흥구 123-45,010-5041-9765,운동
13886,최수빈,37,부산 덕양구 123-45,010-8457-9540,보드게임
13887,오민수,22,김해 서북구 123-45,010-5640-7874,일기 쓰기
13888,정현우,47,고양 일산동구 123-45,010-2340-8030,운동
13889,정유진,57,용인 일산동구 123-45,010-2029-3412,게임
13890,윤하윤,62,천안 강서구 123-45,010-4387-2211,카페 투어
13891,신유진,23,부산 덕양구 123-45,010-5333-1229,일기 쓰기
13892,조태윤,65,화성 유성구 123-45,010-1619-5795,영화감상
13893,임지민,57,천안 장유동 123-45,010-7357-6006,사진촬영
13894,이서준,60,광주 장유동 123-45,010-5890-1607,카페 투어
13895,윤예린,20,화성 서구 123-45,010-7282-7657,웹서핑
13896,한도윤,45,김해 서구 123-45,010-6988-7289,영화감상
13897,윤유진,72,제주 북구 123-45,010-4697-6653,일기 쓰기
13898,최하은,71,세종 장유동 123-45,010-7191-5554,드로잉
13899,이예린,79,고양 유성구 123-45,010-3919-6588,음악감상
13900,오서준,53,안양 남구 123-45,010-5744-2282,카페 투어
13901,정지민,58,청주 중구 123-45,010-1705-5343,운동
13902,정하은,63,청주 수성구 123-45,010-2731-8690,운동
13903,김태윤,53,김해 덕양구 123-45,010-5893-3807,운동
13904,서수빈,46,세종 수성구 123-45,010-9165-4356,음악감상
13905,장지안,70,김해 분당구 123-45,010-3718-4653,운동
13906,김예린,71,천안 덕양구 123-45,010-2628-1080,요리
13907,임태윤,74,울산 진해구 123-45,010-6762-6986,웹서핑
13908,최서연,20,서울 북구 123-45,010-7517-1984,일기 쓰기
13909,신도윤,38,창원 덕진구 123-45,010-3358-5814,뜨개질
13910,신유진,21,대구 팔달구 123-45,010-4988-5604,자전거 타기
13911,최예린,78,수원 팔달구 123-45,010-8607-2612,자전거 타기
13912,정도윤,31,김해 중구 123-45,010-9974-9990,사진촬영
13913,오서준,56,수원 장유동 123-45,010-3858-9412,운동
13914,정예은,55,김해 남구 123-45,010-5593-7798,유튜브 보기
13915,신지후,40,창원 수성구 123-45,010-5420-5367,유튜브 보기
13916,장하윤,46,평택 분당구 123-45,010-4698-5853,유튜브 보기
13917,서지원,49,부산 북구 123-45,010-1507-3149,드로잉
13918,윤소율,70,안양 강서구 123-45,010-8749-4781,웹서핑
13919,오소율,74,대전 성북구 123-45,010-2946-8745,독서
13920,박예은,50,고양 분당구 123-45,010-3831-3103,운동
13921,박유진,68,광주 북구 123-45,010-5735-1082,게임
13922,조지후,69,평택 팔달구 123-45,010-4902-4563,드로잉
13923,장민수,74,세종 성북구 123-45,010-1375-8131,뜨개질
13924,서도윤,27,창원 수성구 123-45,010-2431-7458,자전거 타기
13925,서건우,71,서울 성동구 123-45,010-4960-6923,카페 투어
13926,장민수,58,안양 강남구 123-45,010-8486-2270,음악감상
13927,박지후,57,세종 북구 123-45,010-7581-1493,카페 투어
13928,최유진,69,울산 수성구 123-45,010-4073-9223,독서
13929,김현우,44,천안 흥덕구 123-45,010-5812-6432,카페 투어
13930,오민수,63,부산 장유동 123-45,010-9684-1383,카페 투어
13931,서민수,27,안양 성동구 123-45,010-4186-9222,드로잉
13932,윤서준,28,안양 서구 123-45,010-4245-7054,사진촬영
13933,정소율,37,광주 서북구 123-45,010-2909-4561,요리
13934,박은우,69,부산 중구 123-45,010-2824-7270,여행
13935,박지후,31,전주 강서구 123-45,010-1032-3528,웹서핑
13936,서예린,72,고양 일산동구 123-45,010-7651-1495,운동
13937,정예린,76,안양 팔달구 123-45,010-4009-8845,여행
13938,신유진,76,남양주 덕양구 123-45,010-8754-6650,웹서핑
13939,조민수,47,전주 남구 123-45,010-3102-9273,여행
13940,장수빈,48,남양주 서북구 123-45,010-3747-7209,일기 쓰기
13941,한지후,53,남양주 수성구 123-45,010-7394-8173,영화감상
13942,서지후,64,인천 강남구 123-45,010-1002-3597,여행
13943,장유진,49,인천 서북구 123-45,010-8436-3138,등산
13944,조은우,45,김해 송파구 123-45,010-9901-2214,여행
13945,정시우,46,포항 흥덕구 123-45,010-5791-2321,일기 쓰기
13946,임지민,56,전주 동구 123-45,010-1544-4069,음악감상
13947,이예린,46,천안 북구 123-45,010-4449-7995,요리
13948,윤지민,47,안산 진해구 123-45,010-4465-5644,게임
13949,박예은,53,용인 달서구 123-45,010-4376-5185,요리
13950,임유진,74,안산 진해구 123-45,010-2340-6915,카페 투어
13951,오은우,62,광주 팔달구 123-45,010-5079-1764,웹서핑
13952,한지민,78,남양주 흥덕구 123-45,010-5239-2524,영화감상
13953,윤지민,40,김해 진해구 123-45,010-2773-3013,등산
13954,윤태윤,52,안양 성북구 123-45,010-4566-7799,운동
13955,정은우,68,고양 달서구 123-45,010-3941-6021,영화감상
13956,조태윤,33,제주 북구 123-45,010-5775-1693,독서
13957,최소율,69,포항 덕진구 123-45,010-9126-1940,드로잉
13958,최서연,51,수원 장유동 123-45,010-3847-1041,영화감상
13959,임시우,62,용인 신제주 123-45,010-9635-8925,드로잉
13960,한태윤,38,창원 서구 123-45,010-3770-4185,사진촬영
13961,최도윤,77,포항 팔달구 123-45,010-5491-1688,유튜브 보기
13962,서서준,63,포항 달서구 123-45,010-8253-4080,운동
13963,박예린,70,인천 송파구 123-45,010-4674-6293,등산
13964,이하윤,79,서울 장유동 123-45,010-5438-7846,음악감상
13965,임예은,39,수원 동구 123-45,010-4372-3863,웹서핑
13966,강민수,36,대구 진해구 123-45,010-1609-4173,운동
13967,서지민,61,수원 남구 123-45,010-7088-2293,카페 투어
13968,한지원,21,제주 흥덕구 123-45,010-5676-6646,게임
13969,장민수,53,대구 해운대구 123-45,010-6257-2962,영화감상
13970,최유진,77,창원 성동구 123-45,010-4652-7768,일기 쓰기
13971,김하윤,35,대구 덕양구 123-45,010-2358-6213,사진촬영
13972,임하윤,72,울산 덕양구 123-45,010-8597-8671,카페 투어
13973,정예은,65,울산 성동구 123-45,010-5387-5064,운동
13974,이서연,47,부산 진해구 123-45,010-4868-3361,카페 투어
13975,신태윤,60,고양 분당구 123-45,010-3876-8693,음악감상
13976,장예은,68,광주 분당구 123-45,010-9527-5897,수영
13977,한서연,40,인천 강서구 123-45,010-3376-3371,보드게임
13978,정건우,26,울산 분당구 123-45,010-5427-1872,일기 쓰기
13979,한시우,47,울산 강남구 123-45,010-3323-5492,음악감상
13980,윤은우,76,김해 진해구 123-45,010-4012-1886,자전거 타기
13981,김서준,78,대구 팔달구 123-45,010-1361-5201,유튜브 보기
13982,윤소율,50,화성 수성구 123-45,010-9712-7805,뜨개질
13983,이지안,54,수원 강서구 123-45,010-5521-3259,등산
13984,오지안,33,전주 남구 123-45,010-9043-7853,일기 쓰기
13985,이소율,63,김해 동구 123-45,010-3927-7531,유튜브 보기
13986,정지민,35,부산 흥덕구 123-45,010-5858-7015,드로잉
13987,이유진,23,포항 서북구 123-45,010-3279-2226,보드게임
13988,오지원,48,고양 흥덕구 123-45,010-5828-1597,웹서핑
13989,오예린,66,평택 강서구 123-45,010-1104-4153,영화감상
13990,정은우,64,창원 중구 123-45,010-4147-7783,요리
13991,한서연,43,청주 남구 123-45,010-4390-1281,자전거 타기
13992,윤현우,26,남양주 성동구 123-45,010-6022-2039,카페 투어
13993,임시우,73,남양주 일산동구 123-45,010-6910-2979,등산
13994,강서준,35,평택 수성구 123-45,010-5378-6205,웹서핑
13995,박하윤,53,화성 송파구 123-45,010-2093-7664,유튜브 보기
13996,서도윤,58,포항 강남구 123-45,010-6035-8755,음악감상
13997,오예은,74,서울 덕진구 123-45,010-2807-1577,뜨개질
13998,장예린,54,포항 팔달구 123-45,010-2263-3497,카페 투어
13999,김수빈,47,대전 성동구 123-45,010-5307-9966,수영
14000,한민수,75,고양 흥덕구 123-45,010-3186-9137,영화감상
14001,오예린,26,대전 덕양구 123-45,010-9709-3330,요리
14002,정하윤,74,포항 진해구 123-45,010-8266-5299,영화감상
14003,임소율,47,평택 진해구 123-45,010-7706-7669,등산
14004,최은우,48,대구 신제주 123-45,010-6547-1464,영화감상
14005,신서준,21,인천 분당구 123-45,010-6279-3815,보드게임
14006,서하은,55,용인 서북구 123-45,010-4299-2530,영화감상
14007,장소율,51,용인 수성구 123-45,010-6409-2835,드로잉
14008,오은우,54,안산 서구 123-45,010-8102-7137,음악감상
14009,오현우,62,용인 서구 123-45,010-2325-5120,요리
14010,장시우,32,대구 강남구 123-45,010-4954-8535,독서
14011,강유진,45,용인 유성구 123-45,010-5216-1953,보드게임
14012,서지원,29,안산 덕양구 123-45,010-2587-7677,유튜브 보기
14013,한서연,35,광주 중구 123-45,010-7175-4061,등산
14014,박지민,23,천안 분당구 123-45,010-6343-5778,수영
14015,윤수빈,58,포항 달서구 123-45,010-7447-2559,독서
14016,임예린,53,대구 동구 123-45,010-2955-1953,운동
14017,최은우,78,전주 달서구 123-45,010-6605-9734,여행
14018,강예은,26,성남 덕양구 123-45,010-5490-6307,카페 투어
14019,신하은,73,부산 강남구 123-45,010-8334-3380,유튜브 보기
14020,강지원,78,서울 유성구 123-45,010-1836-5496,운동
14021,한현우,20,고양 중구 123-45,010-7839-2890,유튜브 보기
14022,최소율,38,광주 장유동 123-45,010-8636-2826,요리
14023,임도윤,24,창원 덕양구 123-45,010-5861-3194,게임
14024,서시우,51,울산 유성구 123-45,010-1079-6881,보드게임
14025,정수빈,33,전주 덕진구 123-45,010-9317-2171,음악감상
14026,임지민,47,창원 장유동 123-45,010-6771-2854,일기 쓰기
14027,최지후,45,천안 서구 123-45,010-2156-8431,여행
14028,박예린,25,안산 서북구 123-45,010-8516-4875,요리
14029,신도윤,37,청주 흥덕구 123-45,010-9695-5031,등산
14030,정하윤,72,서울 유성구 123-45,010-4032-9337,독서
14031,윤하은,57,울산 달서구 123-45,010-4635-6876,카페 투어
14032,한하윤,24,포항 서구 123-45,010-8428-4063,사진촬영
14033,임현우,63,청주 수성구 123-45,010-2077-1815,유튜브 보기
14034,정태윤,31,용인 해운대구 123-45,010-9844-9801,자전거 타기
14035,최은우,48,화성 서북구 123-45,010-9394-2969,음악감상
14036,한민수,44,용인 일산동구 123-45,010-6541-1917,일기 쓰기
14037,강유진,64,대전 중구 123-45,010-6783-8522,드로잉
14038,임수빈,34,김해 동구 123-45,010-1773-5895,일기 쓰기
14039,최하윤,46,성남 강남구 123-45,010-1209-1197,운동
14040,한유진,29,울산 동구 123-45,010-5569-1029,드로잉
14041,강예린,61,세종 덕진구 123-45,010-5118-5202,뜨개질
14042,이하윤,30,인천 덕진구 123-45,010-5141-1154,보드게임
14043,오서준,62,광주 강서구 123-45,010-9377-4706,게임
14044,김하은,42,수원 달서구 123-45,010-5903-3343,일기 쓰기
14045,임시우,35,대구 덕진구 123-45,010-3064-3325,웹서핑
14046,한서준,59,수원 서북구 123-45,010-6947-4932,유튜브 보기
14047,오예은,45,안산 장유동 123-45,010-1104-6294,일기 쓰기
14048,이서준,25,평택 덕진구 123-45,010-1686-6922,음악감상
14049,한예린,49,제주 강서구 123-45,010-6822-4716,카페 투어
14050,최하윤,41,서울 중구 123-45,010-9174-4003,영화감상
14051,김태윤,56,포항 해운대구 123-45,010-3584-2042,수영
14052,이민수,28,인천 신제주 123-45,010-2744-2720,등산
14053,최유진,58,대전 서구 123-45,010-1577-4783,음악감상
14054,한하윤,55,안산 동구 123-45,010-5024-2496,사진촬영
14055,서도윤,65,김해 서구 123-45,010-2455-1454,요리
14056,정민수,60,인천 서구 123-45,010-6884-8039,보드게임
14057,최지민,41,안양 기흥구 123-45,010-6191-3358,영화감상
14058,서지후,62,성남 강남구 123-45,010-9144-3891,영화감상
14059,오현우,60,수원 북구 123-45,010-7343-1153,보드게임
14060,오예린,56,평택 수성구 123-45,010-9594-3536,게임
14061,윤하은,55,남양주 일산동구 123-45,010-3746-6089,등산
14062,강예은,46,안양 강서구 123-45,010-9398-7788,게임
14063,윤도윤,47,청주 분당구 123-45,010-4318-2885,영화감상
14064,강서준,58,고양 덕진구 123-45,010-3346-4522,수영
14065,윤지후,60,제주 서구 123-45,010-7073-2511,보드게임
14066,박건우,23,성남 동구 123-45,010-9330-9907,요리
14067,장지원,52,울산 달서구 123-45,010-4134-5208,독서
14068,서지후,24,포항 송파구 123-45,010-2060-1895,유튜브 보기
14069,임지민,24,평택 강남구 123-45,010-6148-2049,수영
14070,한예은,61,인천 수성구 123-45,010-3004-2087,자전거 타기
14071,정예린,53,청주 달서구 123-45,010-2294-5339,수영
14072,서서준,51,남양주 팔달구 123-45,010-7640-3901,웹서핑
14073,조서연,59,전주 강남구 123-45,010-5234-1943,일기 쓰기
14074,조도윤,36,세종 수성구 123-45,010-3396-5057,카페 투어
14075,최유진,56,김해 유성구 123-45,010-3518-2382,여행
14076,장시우,71,성남 성북구 123-45,010-1670-1981,독서
14077,이민수,52,청주 송파구 123-45,010-6973-9625,사진촬영
14078,서서준,63,화성 송파구 123-45,010-8234-6130,웹서핑
14079,오현우,77,성남 성동구 123-45,010-1206-1257,자전거 타기
14080,조현우,32,전주 강남구 123-45,010-7718-3087,카페 투어
14081,서예린,52,안산 수성구 123-45,010-4524-5575,유튜브 보기
14082,윤수빈,35,부산 강서구 123-45,010-1390-9967,웹서핑
14083,서지후,46,김해 분당구 123-45,010-3742-2308,웹서핑
14084,윤하윤,78,부산 유성구 123-45,010-4568-8899,드로잉
14085,김지원,23,광주 덕진구 123-45,010-3495-2392,뜨개질
14086,이서연,72,포항 장유동 123-45,010-4793-4427,웹서핑
14087,임현우,78,대전 덕양구 123-45,010-4958-2694,일기 쓰기
14088,조소율,24,청주 북구 123-45,010-7916-9609,웹서핑
14089,장지안,53,화성 분당구 123-45,010-9710-4870,독서
14090,강은우,30,김해 중구 123-45,010-2745-7645,독서
14091,강수빈,56,세종 북구 123-45,010-2134-1464,수영
14092,임소율,47,화성 분당구 123-45,010-5979-2368,독서
14093,박민수,42,고양 흥덕구 123-45,010-5441-3079,드로잉
14094,서하윤,53,대전 장유동 123-45,010-3535-6180,일기 쓰기
14095,조지원,41,대전 기흥구 123-45,010-7534-8554,게임
14096,오시우,71,포항 신제주 123-45,010-8419-5609,일기 쓰기
14097,최하윤,33,남양주 달서구 123-45,010-3409-3748,카페 투어
14098,최은우,52,대전 송파구 123-45,010-5972-3945,웹서핑
14099,서민수,61,평택 서북구 123-45,010-6638-3716,보드게임
14100,윤하은,64,서울 진해구 123-45,010-4582-8724,웹서핑
14101,오민수,28,용인 성동구 123-45,010-1084-3956,독서
14102,오태윤,33,부산 북구 123-45,010-1470-4204,카페 투어
14103,이민수,28,인천 달서구 123-45,010-6375-7126,사진촬영
14104,오수빈,34,수원 남구 123-45,010-4562-4385,유튜브 보기
14105,이민수,57,대구 강서구 123-45,010-2619-5209,수영
14106,장소율,58,세종 팔달구 123-45,010-4735-3109,등산
14107,김소율,33,성남 장유동 123-45,010-8119-5543,드로잉
14108,신건우,72,제주 북구 123-45,010-1369-7688,수영
14109,조서연,41,평택 유성구 123-45,010-6615-6521,뜨개질
14110,서유진,43,부산 성동구 123-45,010-6918-1931,일기 쓰기
14111,오지민,57,전주 장유동 123-45,010-1231-8848,수영
14112,신지원,24,화성 강남구 123-45,010-5530-9312,등산
14113,김시우,28,청주 서구 123-45,010-2190-1637,뜨개질
14114,이지원,26,전주 서구 123-45,010-2618-4528,드로잉
14115,윤서준,61,포항 강남구 123-45,010-2288-5041,뜨개질
14116,박민수,72,청주 해운대구 123-45,010-4716-7594,웹서핑
14117,서하윤,53,포항 동구 123-45,010-9610-5581,카페 투어
14118,한지후,38,포항 기흥구 123-45,010-7885-1178,유튜브 보기
14119,정하윤,62,화성 흥덕구 123-45,010-1776-5242,사진촬영
14120,김서연,57,부산 팔달구 123-45,010-9889-3454,뜨개질
14121,서서연,26,용인 강서구 123-45,010-6889-1801,요리
14122,임지원,26,안산 강남구 123-45,010-8750-9210,카페 투어
14123,한도윤,55,성남 서구 123-45,010-4473-4459,게임
14124,신민수,22,전주 해운대구 123-45,010-5920-6164,보드게임
14125,정수빈,65,김해 팔달구 123-45,010-5725-9097,사진촬영
14126,정서준,39,대구 흥덕구 123-45,010-9461-8607,운동
14127,신지후,39,용인 유성구 123-45,010-4530-6748,유튜브 보기
14128,신시우,73,부산 강서구 123-45,010-2361-2420,뜨개질
14129,박지후,59,서울 수성구 123-45,010-2564-3852,등산
14130,임예은,37,남양주 덕양구 123-45,010-2946-8243,카페 투어
14131,이서준,45,고양 강남구 123-45,010-1386-5124,카페 투어
14132,강태윤,52,대전 기흥구 123-45,010-1820-8502,사진촬영
14133,정지안,47,수원 중구 123-45,010-6304-2875,자전거 타기
14134,정지안,24,평택 해운대구 123-45,010-2885-4804,웹서핑
14135,서서연,54,천안 신제주 123-45,010-4395-1652,음악감상
14136,강소율,45,포항 강서구 123-45,010-5281-4041,일기 쓰기
14137,한서준,27,성남 유성구 123-45,010-8752-1790,요리
14138,이지안,59,광주 성동구 123-45,010-5870-8404,드로잉
14139,김수빈,70,포항 진해구 123-45,010-5124-6052,뜨개질
14140,윤민수,53,부산 유성구 123-45,010-1712-6558,운동
14141,오시우,62,남양주 성동구 123-45,010-1236-3877,웹서핑
14142,장유진,76,수원 해운대구 123-45,010-2245-2201,등산
14143,최예린,53,남양주 북구 123-45,010-6893-3628,수영
14144,이서준,75,평택 유성구 123-45,010-7297-5925,음악감상
14145,강예린,75,김해 서구 123-45,010-5532-2768,영화감상
14146,서하은,29,서울 송파구 123-45,010-3802-6548,뜨개질
14147,이하윤,47,김해 분당구 123-45,010-8166-8571,수영
14148,최민수,26,평택 남구 123-45,010-8205-8670,운동
14149,최지후,35,화성 강남구 123-45,010-1864-9446,사진촬영
14150,신유진,27,용인 신제주 123-45,010-7781-5844,운동
14151,이하윤,43,성남 중구 123-45,010-6927-9963,수영
14152,윤유진,77,성남 강남구 123-45,010-6282-9136,운동
14153,최예린,26,대전 성북구 123-45,010-6672-4017,카페 투어
14154,오건우,58,고양 일산동구 123-45,010-5175-3683,게임
14155,최서준,59,김해 수성구 123-45,010-2072-2698,등산
14156,김도윤,50,김해 일산동구 123-45,010-3593-3557,요리
14157,정지민,63,천안 유성구 123-45,010-3844-1239,사진촬영
14158,이건우,29,인천 강서구 123-45,010-9118-6935,카페 투어
14159,신유진,65,청주 팔달구 123-45,010-1017-1561,유튜브 보기
14160,오태윤,27,창원 달서구 123-45,010-2419-8051,운동
14161,김현우,24,제주 덕양구 123-45,010-7020-9457,웹서핑
14162,김소율,30,서울 유성구 123-45,010-5268-5665,여행
14163,조소율,74,남양주 신제주 123-45,010-3090-1992,웹서핑
14164,강유진,64,천안 분당구 123-45,010-8486-5323,드로잉
14165,신지원,31,김해 송파구 123-45,010-3753-6134,사진촬영
14166,윤유진,51,수원 흥덕구 123-45,010-3959-1521,요리
14167,윤수빈,21,안양 북구 123-45,010-7836-2014,보드게임
14168,임민수,39,대구 덕진구 123-45,010-6508-6965,자전거 타기
14169,이예은,37,울산 동구 123-45,010-2345-4088,등산
14170,최시우,49,광주 팔달구 123-45,010-6745-1271,일기 쓰기
14171,신유진,72,수원 팔달구 123-45,010-2781-2237,웹서핑
14172,신소율,31,제주 달서구 123-45,010-8411-2688,게임
14173,장현우,26,인천 덕양구 123-45,010-8781-5789,운동
14174,정소율,56,용인 중구 123-45,010-3160-2034,카페 투어
14175,최현우,29,김해 수성구 123-45,010-5902-7691,뜨개질
14176,윤민수,23,대구 북구 123-45,010-9037-2790,수영
14177,윤예린,66,대구 팔달구 123-45,010-2262-7294,카페 투어
14178,김예은,52,대전 서북구 123-45,010-7422-8588,카페 투어
14179,장은우,21,제주 해운대구 123-45,010-2624-4761,등산
14180,이현우,68,남양주 중구 123-45,010-2745-1453,보드게임
14181,강현우,45,평택 동구 123-45,010-3970-6547,게임
14182,강민수,56,안산 진해구 123-45,010-6962-1291,웹서핑
14183,서지민,28,인천 팔달구 123-45,010-2354-9415,게임
14184,한도윤,78,포항 덕진구 123-45,010-2807-9518,여행
14185,김유진,70,안산 중구 123-45,010-5771-6612,영화감상
14186,한하윤,38,청주 수성구 123-45,010-4196-7392,독서
14187,윤도윤,22,청주 장유동 123-45,010-8947-6045,드로잉
14188,박은우,77,고양 서구 123-45,010-7246-7641,자전거 타기
14189,서시우,78,화성 팔달구 123-45,010-5511-7369,요리
14190,이수빈,40,창원 북구 123-45,010-8220-8491,운동
14191,오서준,23,성남 성동구 123-45,010-8477-6090,운동
14192,임하은,68,평택 진해구 123-45,010-2768-8598,자전거 타기
14193,장지원,21,고양 강서구 123-45,010-7720-9889,게임
14194,서유진,55,포항 서구 123-45,010-7114-9307,자전거 타기
14195,정시우,42,천안 서북구 123-45,010-8463-4183,여행
14196,신서연,56,대구 서북구 123-45,010-9060-9052,독서
14197,김도윤,47,포항 성북구 123-45,010-7445-3061,여행
14198,이예은,70,평택 분당구 123-45,010-1406-4914,웹서핑
14199,정건우,64,화성 달서구 123-45,010-1176-6540,유튜브 보기
14200,박하은,26,김해 중구 123-45,010-7490-5021,보드게임
14201,장건우,35,대전 분당구 123-45,010-3878-4661,일기 쓰기
14202,한수빈,43,창원 북구 123-45,010-6608-3806,등산
14203,오현우,45,대전 유성구 123-45,010-1034-7193,운동
14204,박예린,28,서울 기흥구 123-45,010-5947-3407,카페 투어
14205,한태윤,55,남양주 덕진구 123-45,010-4731-1585,뜨개질
14206,서서준,60,평택 성동구 123-45,010-3144-5528,요리
14207,최유진,53,수원 성북구 123-45,010-3972-7134,등산
14208,한건우,62,울산 유성구 123-45,010-1693-1467,뜨개질
14209,윤예린,25,울산 분당구 123-45,010-3860-7081,뜨개질
14210,신건우,59,세종 기흥구 123-45,010-1190-8280,일기 쓰기
14211,장지민,68,부산 유성구 123-45,010-3606-4171,자전거 타기
14212,김서준,50,청주 수성구 123-45,010-6281-4809,카페 투어
14213,최소율,46,김해 강서구 123-45,010-9409-3516,운동
14214,김서연,30,제주 신제주 123-45,010-2138-9614,웹서핑
14215,신소율,41,세종 팔달구 123-45,010-2768-4463,뜨개질
14216,조현우,30,서울 기흥구 123-45,010-5175-8696,음악감상
14217,장민수,62,남양주 진해구 123-45,010-6666-2148,드로잉
14218,임현우,25,대구 진해구 123-45,010-5061-8969,드로잉
14219,장서준,30,안산 달서구 123-45,010-1274-3827,사진촬영
14220,정예린,68,광주 성동구 123-45,010-4592-1977,여행
14221,서지원,49,평택 수성구 123-45,010-1671-2047,요리
14222,이지원,70,김해 성동구 123-45,010-9245-8370,카페 투어
14223,오지안,25,안산 성동구 123-45,010-8852-6431,사진촬영
14224,조서준,26,창원 분당구 123-45,010-2658-2389,요리
14225,조서준,42,서울 서구 123-45,010-3912-3478,수영
14226,장민수,76,안산 덕양구 123-45,010-7732-8497,독서
14227,서건우,79,고양 진해구 123-45,010-1983-6795,여행
14228,박소율,53,대구 중구 123-45,010-3487-3250,사진촬영
14229,오서연,59,수원 수성구 123-45,010-8325-3520,요리
14230,장지원,30,수원 성북구 123-45,010-3472-3614,유튜브 보기
14231,윤예은,79,대전 동구 123-45,010-2361-1327,음악감상
14232,오하은,28,청주 신제주 123-45,010-4941-5537,웹서핑
14233,김하윤,46,부산 덕양구 123-45,010-6831-4375,음악감상
14234,김태윤,65,고양 동구 123-45,010-5403-2105,사진촬영
14235,박현우,67,화성 강남구 123-45,010-2363-3786,음악감상
14236,강지안,53,화성 유성구 123-45,010-3262-9577,웹서핑
14237,서소율,60,용인 유성구 123-45,010-3796-1129,독서
14238,박유진,37,남양주 덕진구 123-45,010-2139-2010,영화감상
14239,윤지후,21,청주 서북구 123-45,010-3582-2821,등산
14240,정유진,30,전주 해운대구 123-45,010-5744-2820,음악감상
14241,최예린,28,제주 성북구 123-45,010-3805-9455,운동
14242,조하윤,57,광주 성동구 123-45,010-5586-7184,수영
14243,임하윤,22,세종 흥덕구 123-45,010-4592-7664,영화감상
14244,오지민,24,화성 덕진구 123-45,010-3293-4832,여행
14245,오지원,40,청주 달서구 123-45,010-5891-7681,보드게임
14246,임예은,75,전주 분당구 123-45,010-2255-2140,카페 투어
14247,박시우,30,창원 남구 123-45,010-7419-8203,영화감상
14248,서예은,55,남양주 신제주 123-45,010-6868-1766,자전거 타기
14249,임태윤,70,대구 신제주 123-45,010-2836-9487,독서
14250,이유진,45,광주 일산동구 123-45,010-7714-9974,여행
14251,장도윤,37,울산 해운대구 123-45,010-8533-5910,등산
14252,윤유진,39,광주 서구 123-45,010-1341-2198,웹서핑
14253,윤도윤,51,평택 성북구 123-45,010-9570-9905,운동
14254,조수빈,32,화성 성동구 123-45,010-5675-1670,요리
14255,최태윤,51,김해 분당구 123-45,010-4624-9913,게임
14256,최유진,35,대구 팔달구 123-45,010-2032-2520,등산
14257,조도윤,59,용인 중구 123-45,010-7772-5854,사진촬영
14258,임지안,32,대구 일산동구 123-45,010-3834-7332,독서
14259,이현우,27,부산 달서구 123-45,010-4131-2387,웹서핑
14260,서태윤,53,포항 기흥구 123-45,010-5781-6779,운동
14261,이예린,74,천안 기흥구 123-45,010-3106-2607,보드게임
14262,최지안,65,대구 송파구 123-45,010-1103-2415,사진촬영
14263,김하윤,22,포항 분당구 123-45,010-1637-8469,운동
14264,강지원,63,청주 장유동 123-45,010-7804-3608,드로잉
14265,임소율,24,부산 서구 123-45,010-2147-1556,유튜브 보기
14266,오소율,55,천안 북구 123-45,010-5610-6032,음악감상
14267,김하윤,24,평택 흥덕구 123-45,010-3480-2575,여행
14268,장소율,62,제주 성동구 123-45,010-5373-7296,게임
14269,김현우,40,화성 남구 123-45,010-2689-5981,사진촬영
14270,정지민,69,안산 흥덕구 123-45,010-5163-4575,드로잉
14271,조하윤,69,안산 강서구 123-45,010-7211-5313,웹서핑
14272,박하윤,54,성남 기흥구 123-45,010-3136-1944,카페 투어
14273,신예은,32,청주 기흥구 123-45,010-2043-9514,영화감상
14274,임은우,64,천안 송파구 123-45,010-8322-6164,요리
14275,조건우,65,김해 북구 123-45,010-8062-1338,웹서핑
14276,오지민,22,남양주 해운대구 123-45,010-5261-3083,카페 투어
14277,한지안,50,용인 서북구 123-45,010-4897-5138,사진촬영
14278,박지민,20,평택 신제주 123-45,010-3327-4199,여행
14279,최예은,71,청주 흥덕구 123-45,010-7249-6732,독서
14280,장지안,64,세종 성북구 123-45,010-4597-5056,요리
14281,박예린,42,안양 강남구 123-45,010-3227-5727,카페 투어
14282,박유진,53,용인 중구 123-45,010-2403-5503,웹서핑
14283,이지안,52,광주 덕진구 123-45,010-9436-7389,음악감상
14284,조하은,66,창원 성북구 123-45,010-3206-9862,일기 쓰기
14285,오하윤,42,울산 남구 123-45,010-2153-5503,사진촬영
14286,최도윤,55,화성 덕양구 123-45,010-6452-1486,일기 쓰기
14287,조태윤,33,성남 장유동 123-45,010-7272-2630,여행
14288,윤시우,53,수원 흥덕구 123-45,010-9138-4086,게임
14289,임소율,21,대구 유성구 123-45,010-6316-3811,드로잉
14290,이지원,61,대전 기흥구 123-45,010-1132-6674,카페 투어
14291,최소율,23,천안 서구 123-45,010-5851-6591,음악감상
14292,윤예린,73,서울 유성구 123-45,010-4351-8968,영화감상
14293,정예은,50,화성 강서구 123-45,010-3266-1882,요리
14294,정지민,20,수원 일산동구 123-45,010-5777-4716,드로잉
14295,윤태윤,21,전주 강서구 123-45,010-7950-5063,요리
14296,강건우,77,제주 신제주 123-45,010-6327-3332,자전거 타기
14297,정은우,38,광주 팔달구 123-45,010-4540-6070,드로잉
14298,강지안,44,천안 송파구 123-45,010-3941-8147,음악감상
14299,윤하은,70,용인 달서구 123-45,010-6865-1192,음악감상
14300,신시우,71,천안 덕양구 123-45,010-6456-3890,유튜브 보기
14301,임지후,73,안양 서북구 123-45,010-9659-4773,사진촬영
14302,정소율,53,화성 팔달구 123-45,010-6390-5089,게임
14303,임유진,25,화성 달서구 123-45,010-5805-6472,게임
14304,박서연,45,안산 신제주 123-45,010-2116-2937,사진촬영
14305,박시우,43,남양주 진해구 123-45,010-1053-2352,보드게임
14306,한태윤,43,안산 진해구 123-45,010-6110-9316,등산
14307,한지후,39,포항 성동구 123-45,010-4960-1520,카페 투어
14308,서수빈,52,세종 덕양구 123-45,010-8898-9427,자전거 타기
14309,이예린,31,울산 해운대구 123-45,010-3140-3215,자전거 타기
14310,임현우,70,평택 덕진구 123-45,010-8532-4421,자전거 타기
14311,장시우,60,광주 일산동구 123-45,010-4740-1608,요리
14312,이지민,56,안양 북구 123-45,010-9841-1430,독서
14313,오지민,71,평택 북구 123-45,010-1318-7194,영화감상
14314,한예린,49,천안 성북구 123-45,010-7072-5420,드로잉
14315,이시우,32,세종 유성구 123-45,010-3231-6592,보드게임
14316,이지원,29,세종 흥덕구 123-45,010-9435-7835,사진촬영
14317,신민수,37,화성 강서구 123-45,010-5669-1937,뜨개질
14318,이유진,33,안산 성북구 123-45,010-5057-6145,독서
14319,이예린,62,서울 강서구 123-45,010-4507-6679,영화감상
14320,장지원,34,성남 서북구 123-45,010-5919-7953,유튜브 보기
14321,신건우,62,청주 북구 123-45,010-2719-3979,음악감상
14322,신건우,74,천안 신제주 123-45,010-2105-8084,여행
14323,장예은,76,대전 중구 123-45,010-9623-8734,독서
14324,정하윤,25,안양 팔달구 123-45,010-4213-1682,보드게임
14325,최서준,70,광주 덕양구 123-45,010-5518-4745,일기 쓰기
14326,임예은,76,평택 장유동 123-45,010-5207-3076,요리
14327,김서준,40,창원 성동구 123-45,010-2547-9973,카페 투어
14328,신건우,28,화성 장유동 123-45,010-6221-8804,일기 쓰기
14329,서지원,44,안양 송파구 123-45,010-4257-1475,여행
14330,정시우,34,성남 서구 123-45,010-2876-9315,요리
14331,최하윤,75,창원 남구 123-45,010-9230-1196,운동
14332,오도윤,36,세종 송파구 123-45,010-5759-3456,게임
14333,윤유진,62,울산 북구 123-45,010-6648-4833,사진촬영
14334,최지민,58,남양주 흥덕구 123-45,010-5070-1879,뜨개질
14335,임예은,41,화성 성북구 123-45,010-1842-4627,수영
14336,장예은,57,세종 일산동구 123-45,010-8396-4126,독서
14337,강지후,26,고양 해운대구 123-45,010-6547-1067,운동
14338,한소율,54,광주 강서구 123-45,010-1430-5968,여행
14339,강소율,22,김해 유성구 123-45,010-3534-5842,뜨개질
14340,박은우,70,울산 동구 123-45,010-1914-6726,영화감상
14341,서현우,61,화성 중구 123-45,010-3098-8544,독서
14342,박태윤,59,울산 신제주 123-45,010-8116-1136,게임
14343,신도윤,21,고양 일산동구 123-45,010-5602-5232,음악감상
14344,서도윤,57,대전 달서구 123-45,010-4546-1448,수영
14345,윤현우,35,안양 북구 123-45,010-8589-5754,등산
14346,임예은,65,안산 기흥구 123-45,010-6201-8054,카페 투어
14347,박현우,51,울산 수성구 123-45,010-2095-7614,음악감상
14348,서지후,20,인천 수성구 123-45,010-1972-9211,여행
14349,최지민,52,인천 진해구 123-45,010-2060-9071,유튜브 보기
14350,임지원,35,청주 해운대구 123-45,010-3971-7513,영화감상
14351,최소율,28,고양 북구 123-45,010-2043-4924,음악감상
14352,한지원,56,창원 서북구 123-45,010-9625-3448,등산
14353,박소율,79,안산 서구 123-45,010-1999-4688,여행
14354,김예은,63,서울 장유동 123-45,010-6699-3426,자전거 타기
14355,강시우,20,고양 장유동 123-45,010-3159-3914,뜨개질
14356,김은우,29,남양주 덕양구 123-45,010-2079-1247,영화감상
14357,박지민,21,천안 일산동구 123-45,010-3343-6988,드로잉
14358,김서연,23,제주 덕양구 123-45,010-5106-1593,뜨개질
14359,임서연,27,포항 수성구 123-45,010-6603-6760,뜨개질
14360,정도윤,50,부산 서구 123-45,010-7432-6120,보드게임
14361,윤지안,58,서울 서구 123-45,010-7010-6637,게임
14362,임서준,48,평택 분당구 123-45,010-8127-7862,보드게임
14363,박민수,21,부산 기흥구 123-45,010-7288-3453,드로잉
14364,신소율,25,안양 성북구 123-45,010-3227-1091,등산
14365,이하은,74,청주 유성구 123-45,010-8369-4489,뜨개질
14366,임유진,46,수원 흥덕구 123-45,010-1145-8040,드로잉
14367,최민수,57,김해 분당구 123-45,010-6804-6410,자전거 타기
14368,한하윤,60,세종 동구 123-45,010-9687-6375,게임
14369,한건우,57,평택 북구 123-45,010-3005-3985,웹서핑
14370,임시우,61,고양 장유동 123-45,010-5762-9217,자전거 타기
14371,조지원,28,세종 송파구 123-45,010-3728-1095,독서
14372,임예은,32,부산 서북구 123-45,010-4790-5541,보드게임
14373,오소율,27,김해 진해구 123-45,010-4716-4685,영화감상
14374,오은우,56,전주 성북구 123-45,010-2025-1671,일기 쓰기
14375,한건우,74,부산 중구 123-45,010-6549-4396,등산
14376,최수빈,73,성남 북구 123-45,010-5959-2741,수영
14377,김건우,79,고양 흥덕구 123-45,010-3752-5501,유튜브 보기
14378,박건우,49,화성 서구 123-45,010-5502-8499,뜨개질
14379,서예은,67,김해 서구 123-45,010-5274-2321,카페 투어
14380,한시우,55,대구 덕진구 123-45,010-1298-3319,등산
14381,강수빈,34,인천 강남구 123-45,010-2807-7233,독서
14382,오수빈,34,부산 팔달구 123-45,010-8904-3916,음악감상
14383,윤지민,74,제주 남구 123-45,010-2358-7926,뜨개질
14384,한민수,74,대구 중구 123-45,010-5431-6899,영화감상
14385,강지원,28,울산 신제주 123-45,010-7331-6800,웹서핑
14386,강지후,60,제주 중구 123-45,010-5161-2564,뜨개질
14387,최서연,53,김해 분당구 123-45,010-6939-5226,음악감상
14388,이현우,41,김해 팔달구 123-45,010-6894-8529,자전거 타기
14389,정하윤,33,평택 서북구 123-45,010-2451-9475,음악감상
14390,오하은,50,고양 진해구 123-45,010-4720-4362,보드게임
14391,정시우,58,고양 기흥구 123-45,010-7136-5286,카페 투어
14392,신예은,41,창원 북구 123-45,010-9207-2608,사진촬영
14393,박시우,45,서울 분당구 123-45,010-9511-4418,운동
14394,한건우,34,전주 덕양구 123-45,010-4173-4653,음악감상
14395,서태윤,26,울산 신제주 123-45,010-3517-3058,요리
14396,한시우,62,화성 팔달구 123-45,010-1338-9889,음악감상
14397,조시우,67,울산 장유동 123-45,010-5071-1373,웹서핑
14398,오서준,78,제주 유성구 123-45,010-6097-3902,보드게임
14399,이지민,29,고양 일산동구 123-45,010-8402-7614,게임
14400,서도윤,64,용인 흥덕구 123-45,010-2703-8012,요리
14401,정태윤,24,제주 수성구 123-45,010-1907-2972,자전거 타기
14402,이지안,79,안산 일산동구 123-45,010-4282-1925,영화감상
14403,정은우,66,김해 흥덕구 123-45,010-2255-2913,자전거 타기
14404,박은우,66,포항 강서구 123-45,010-5238-9969,자전거 타기
14405,이서연,64,수원 달서구 123-45,010-1475-4734,유튜브 보기
14406,김소율,26,대구 신제주 123-45,010-7505-6889,보드게임
14407,이도윤,55,화성 분당구 123-45,010-1060-5733,게임
14408,강도윤,70,안산 중구 123-45,010-5024-3639,여행
14409,임태윤,31,인천 진해구 123-45,010-4751-7997,일기 쓰기
14410,한서연,76,안양 성동구 123-45,010-7454-1852,웹서핑
14411,오민수,26,수원 서구 123-45,010-6249-1272,운동
14412,서서준,74,전주 강서구 123-45,010-9891-3256,보드게임
14413,김시우,69,포항 해운대구 123-45,010-4623-9519,사진촬영
14414,오서연,28,대구 성북구 123-45,010-1802-5220,유튜브 보기
14415,오지안,20,창원 강서구 123-45,010-2166-4315,요리
14416,서소율,43,서울 강남구 123-45,010-7352-1170,등산
14417,박서준,45,천안 진해구 123-45,010-3195-2877,웹서핑
14418,최서준,20,용인 강남구 123-45,010-3203-1290,요리
14419,임현우,69,남양주 서구 123-45,010-8675-1998,웹서핑
14420,정지원,77,평택 진해구 123-45,010-8904-3854,일기 쓰기
14421,임하은,77,안산 송파구 123-45,010-8555-7302,웹서핑
14422,정지민,46,세종 송파구 123-45,010-3995-6478,보드게임
14423,오지안,29,창원 분당구 123-45,010-7320-3880,수영
14424,장시우,68,용인 송파구 123-45,010-8257-2364,유튜브 보기
14425,이건우,63,인천 중구 123-45,010-8472-5380,독서
14426,김예린,76,제주 성북구 123-45,010-8960-3784,웹서핑
14427,김도윤,47,포항 분당구 123-45,010-9398-1571,유튜브 보기
14428,강건우,35,인천 진해구 123-45,010-5805-1179,사진촬영
14429,이서준,64,천안 남구 123-45,010-5696-6045,유튜브 보기
14430,신서준,67,대구 서북구 123-45,010-7636-5095,웹서핑
14431,이은우,41,안양 수성구 123-45,010-3347-5869,보드게임
14432,윤지후,23,안산 신제주 123-45,010-4691-4133,독서
14433,이도윤,56,제주 성동구 123-45,010-6428-2122,카페 투어
14434,신지민,66,창원 중구 123-45,010-2006-9421,등산
14435,김유진,33,제주 해운대구 123-45,010-4129-3855,웹서핑
14436,서예은,24,대구 신제주 123-45,010-5738-2872,요리
14437,한하윤,78,용인 중구 123-45,010-4853-3787,보드게임
14438,이하은,27,평택 유성구 123-45,010-6502-6120,여행
14439,김민수,56,전주 성북구 123-45,010-9614-7569,음악감상
14440,오지안,54,서울 장유동 123-45,010-4220-8237,요리
14441,박예은,35,부산 덕양구 123-45,010-7601-1872,카페 투어
14442,신태윤,44,화성 중구 123-45,010-8771-4441,카페 투어
14443,윤예린,22,안산 수성구 123-45,010-8196-5331,드로잉
14444,신지안,41,화성 성북구 123-45,010-3928-9884,보드게임
14445,박도윤,52,세종 신제주 123-45,010-9986-2025,등산
14446,신수빈,34,세종 송파구 123-45,010-5679-9752,일기 쓰기
14447,조하윤,62,전주 해운대구 123-45,010-7177-4652,웹서핑
14448,장지후,25,대구 유성구 123-45,010-9566-8357,독서
14449,박도윤,79,제주 달서구 123-45,010-1071-2781,여행
14450,이하윤,65,성남 달서구 123-45,010-6537-3004,등산
14451,장소율,34,대전 수성구 123-45,010-5079-4093,자전거 타기
14452,서소율,41,제주 북구 123-45,010-8054-3551,자전거 타기
14453,강민수,32,김해 송파구 123-45,010-6136-4565,자전거 타기
14454,오지후,41,김해 강남구 123-45,010-8641-3039,음악감상
14455,강시우,24,대구 서북구 123-45,010-6405-3406,사진촬영
14456,윤예은,42,대구 서구 123-45,010-1296-6252,운동
14457,임현우,25,안산 신제주 123-45,010-6372-4617,게임
14458,이하은,62,인천 성북구 123-45,010-3735-3583,음악감상
14459,신도윤,41,청주 진해구 123-45,010-1107-2391,카페 투어
14460,강하윤,28,남양주 강서구 123-45,010-1108-8594,등산
14461,강서연,64,세종 달서구 123-45,010-3725-4601,운동
14462,신서준,71,김해 서북구 123-45,010-5012-4181,음악감상
14463,이민수,41,안양 덕진구 123-45,010-6353-8504,독서
14464,최민수,75,세종 진해구 123-45,010-6594-7834,자전거 타기
14465,임도윤,63,안양 덕진구 123-45,010-3586-2997,웹서핑
14466,장건우,29,김해 북구 123-45,010-7878-3033,웹서핑
14467,신하윤,71,부산 달서구 123-45,010-6759-1553,음악감상
14468,임시우,27,창원 수성구 123-45,010-6235-6348,독서
14469,신지후,76,안산 강남구 123-45,010-2563-2708,요리
14470,정예린,32,천안 신제주 123-45,010-1494-9227,보드게임
14471,최하은,69,인천 남구 123-45,010-1925-8233,사진촬영
14472,박예은,43,부산 기흥구 123-45,010-6029-2631,운동
14473,장수빈,40,평택 달서구 123-45,010-6480-3456,운동
14474,정지안,20,남양주 유성구 123-45,010-6164-4898,음악감상
14475,장현우,53,성남 분당구 123-45,010-1363-9593,유튜브 보기
14476,이태윤,32,김해 해운대구 123-45,010-6425-3533,사진촬영
14477,한건우,50,안양 남구 123-45,010-6609-6847,게임
14478,김서연,69,제주 서북구 123-45,010-5713-3607,유튜브 보기
14479,이도윤,52,제주 강남구 123-45,010-1873-4033,드로잉
14480,장은우,58,부산 달서구 123-45,010-2320-8788,음악감상
14481,오서준,32,화성 흥덕구 123-45,010-6671-1610,자전거 타기
14482,오현우,38,남양주 덕진구 123-45,010-2875-9266,수영
14483,한시우,66,고양 진해구 123-45,010-7631-6609,여행
14484,최도윤,53,제주 기흥구 123-45,010-3592-5253,여행
14485,신태윤,44,대구 팔달구 123-45,010-4136-8592,운동
14486,장시우,28,세종 진해구 123-45,010-3140-7139,여행
14487,윤유진,43,김해 송파구 123-45,010-1102-2193,음악감상
14488,박유진,25,대전 일산동구 123-45,010-3035-3600,음악감상
14489,장유진,51,제주 강서구 123-45,010-3157-2995,음악감상
14490,윤건우,67,용인 진해구 123-45,010-6442-2378,자전거 타기
14491,이서연,22,남양주 덕진구 123-45,010-1660-1312,음악감상
14492,신지민,49,안산 북구 123-45,010-1959-6692,게임
14493,김시우,33,남양주 서구 123-45,010-4871-1137,유튜브 보기
14494,이수빈,55,인천 중구 123-45,010-1399-5255,등산
14495,조유진,45,포항 서북구 123-45,010-7666-1615,웹서핑
14496,조건우,54,세종 서구 123-45,010-5126-5211,요리
14497,윤건우,54,대전 팔달구 123-45,010-2324-3227,사진촬영
14498,정하은,44,포항 덕진구 123-45,010-6378-7393,영화감상
14499,최지원,70,포항 기흥구 123-45,010-6161-3334,수영
14500,서건우,29,용인 팔달구 123-45,010-9207-9723,드로잉
14501,장하윤,73,화성 중구 123-45,010-9318-8825,일기 쓰기
14502,강서준,49,남양주 서구 123-45,010-7195-5537,카페 투어
14503,김하윤,66,용인 흥덕구 123-45,010-4935-5357,카페 투어
14504,강하윤,60,화성 달서구 123-45,010-1394-3149,요리
14505,신하윤,60,서울 덕양구 123-45,010-9635-7843,드로잉
14506,장지안,28,제주 동구 123-45,010-2113-4783,뜨개질
14507,김소율,77,남양주 강서구 123-45,010-6230-3388,요리
14508,서도윤,55,김해 팔달구 123-45,010-8327-6297,영화감상
14509,윤하은,21,안양 달서구 123-45,010-9205-1081,음악감상
14510,김유진,35,광주 북구 123-45,010-1150-8883,카페 투어
14511,오시우,50,남양주 분당구 123-45,010-9965-3323,여행
14512,정태윤,76,용인 송파구 123-45,010-9325-3327,수영
14513,최지원,33,고양 해운대구 123-45,010-4474-3458,운동
14514,정건우,75,남양주 해운대구 123-45,010-9465-6173,일기 쓰기
14515,윤태윤,63,고양 남구 123-45,010-9811-2105,웹서핑
14516,박지민,77,안양 진해구 123-45,010-7694-1518,여행
14517,김태윤,60,세종 성동구 123-45,010-7572-2247,음악감상
14518,강서연,40,부산 서북구 123-45,010-7970-4876,영화감상
14519,서도윤,50,인천 덕양구 123-45,010-6122-4335,등산
14520,정수빈,39,청주 달서구 123-45,010-3722-7503,일기 쓰기
14521,최시우,37,포항 해운대구 123-45,010-3842-4608,등산
14522,서유진,49,수원 서구 123-45,010-1561-6801,요리
14523,장지원,60,성남 수성구 123-45,010-2001-8197,음악감상
14524,조서연,54,안양 신제주 123-45,010-1839-5339,드로잉
14525,강소율,38,포항 유성구 123-45,010-5844-5517,독서
14526,최수빈,36,성남 덕양구 123-45,010-5046-9180,음악감상
14527,오예린,69,제주 중구 123-45,010-1464-1531,사진촬영
14528,조은우,30,안산 분당구 123-45,010-2766-9360,웹서핑
14529,김도윤,37,평택 덕양구 123-45,010-8354-1142,보드게임
14530,조지후,75,창원 중구 123-45,010-3218-6061,음악감상
14531,정예은,52,부산 중구 123-45,010-2279-7528,뜨개질
14532,한도윤,47,평택 진해구 123-45,010-8135-8094,웹서핑
14533,서소율,79,대전 진해구 123-45,010-9596-8234,드로잉
14534,조하은,27,고양 강서구 123-45,010-8083-2380,요리
14535,최유진,55,서울 장유동 123-45,010-8894-3734,웹서핑
14536,최서준,44,제주 진해구 123-45,010-7562-1655,카페 투어
14537,박건우,52,평택 장유동 123-45,010-8010-1131,자전거 타기
14538,신지민,24,천안 성동구 123-45,010-8098-8192,일기 쓰기
14539,신건우,56,광주 팔달구 123-45,010-7973-5579,영화감상
14540,한지후,74,청주 팔달구 123-45,010-3112-4273,뜨개질
14541,조하윤,40,창원 수성구 123-45,010-2252-6823,일기 쓰기
14542,장서연,61,대전 기흥구 123-45,010-9936-5907,독서
14543,임예은,72,전주 서구 123-45,010-1164-6616,보드게임
14544,신현우,49,김해 수성구 123-45,010-9295-8301,운동
14545,신시우,38,세종 장유동 123-45,010-3426-6655,요리
14546,정건우,64,수원 송파구 123-45,010-2483-6819,뜨개질
14547,임하은,47,남양주 장유동 123-45,010-2563-6213,음악감상
14548,정도윤,69,광주 남구 123-45,010-7377-5443,등산
14549,강지후,35,수원 흥덕구 123-45,010-1621-1858,웹서핑
14550,오하윤,31,울산 동구 123-45,010-1845-3577,보드게임
14551,오서준,53,성남 중구 123-45,010-5947-4929,일기 쓰기
14552,임지민,26,포항 남구 123-45,010-6532-4059,자전거 타기
14553,강서연,68,대구 송파구 123-45,010-2603-2018,요리
14554,임하은,23,서울 해운대구 123-45,010-3804-6180,운동
14555,서도윤,65,안산 수성구 123-45,010-4610-5910,게임
14556,강하은,59,성남 서구 123-45,010-6458-6093,보드게임
14557,장서연,51,전주 북구 123-45,010-5893-7069,뜨개질
14558,이소율,20,남양주 성북구 123-45,010-3666-5286,독서
14559,이하윤,69,평택 분당구 123-45,010-1761-5882,독서
14560,조지민,26,안산 달서구 123-45,010-1994-6376,음악감상
14561,정태윤,36,평택 서북구 123-45,010-6156-6604,수영
14562,이도윤,70,남양주 기흥구 123-45,010-4110-8901,보드게임
14563,강하윤,79,포항 동구 123-45,010-6593-5998,일기 쓰기
14564,최지원,45,광주 북구 123-45,010-8731-5558,유튜브 보기
14565,최태윤,65,창원 서구 123-45,010-9110-8263,일기 쓰기
14566,김지원,56,부산 강남구 123-45,010-4103-6386,뜨개질
14567,한서준,60,수원 신제주 123-45,010-1512-6762,유튜브 보기
14568,김건우,21,청주 진해구 123-45,010-6479-5477,수영
14569,박지후,32,서울 덕진구 123-45,010-4085-8646,여행
14570,신유진,67,창원 송파구 123-45,010-6063-6989,음악감상
14571,오수빈,59,포항 일산동구 123-45,010-2608-2262,보드게임
14572,강서준,37,광주 해운대구 123-45,010-8725-4790,게임
14573,이소율,70,서울 북구 123-45,010-9463-4401,음악감상
14574,장수빈,44,성남 서북구 123-45,010-7549-1310,보드게임
14575,임서준,22,안양 유성구 123-45,010-1720-6473,보드게임
14576,오지안,39,안산 남구 123-45,010-4709-9808,수영
14577,이하윤,63,대구 송파구 123-45,010-2774-3063,음악감상
14578,임예은,28,서울 남구 123-45,010-8177-6301,요리
14579,박현우,35,남양주 유성구 123-45,010-6367-8260,독서
14580,오시우,45,김해 달서구 123-45,010-5815-5661,요리
14581,이지후,55,천안 성북구 123-45,010-6761-8289,카페 투어
14582,강서준,62,수원 수성구 123-45,010-8475-7337,게임
14583,박현우,76,청주 동구 123-45,010-6287-8071,음악감상
14584,장소율,24,제주 일산동구 123-45,010-7483-6363,등산
14585,김현우,30,성남 기흥구 123-45,010-7688-1855,카페 투어
14586,임은우,65,청주 분당구 123-45,010-3419-4612,음악감상
14587,이은우,39,서울 송파구 123-45,010-6199-5010,독서
14588,장수빈,20,인천 남구 123-45,010-3529-6587,등산
14589,이예린,63,수원 성동구 123-45,010-8195-9889,독서
14590,윤민수,24,광주 강남구 123-45,010-2969-3436,보드게임
14591,이수빈,60,대구 성동구 123-45,010-2735-7229,일기 쓰기
14592,조건우,49,포항 분당구 123-45,010-2753-3589,유튜브 보기
14593,한태윤,67,제주 기흥구 123-45,010-7210-6407,일기 쓰기
14594,조소율,36,제주 송파구 123-45,010-2534-2009,뜨개질
14595,신건우,53,부산 성북구 123-45,010-6815-2840,게임
14596,강건우,31,용인 강남구 123-45,010-4475-6209,웹서핑
14597,강현우,31,창원 유성구 123-45,010-4573-6544,드로잉
14598,윤예은,77,남양주 강서구 123-45,010-3504-6885,사진촬영
14599,최서준,21,대전 해운대구 123-45,010-6503-1234,카페 투어
14600,신유진,57,전주 수성구 123-45,010-9624-6479,자전거 타기
14601,임서준,76,부산 장유동 123-45,010-9340-4254,유튜브 보기
14602,박은우,71,화성 기흥구 123-45,010-1720-8503,요리
14603,서도윤,35,화성 달서구 123-45,010-8079-3996,여행
14604,최지안,20,창원 유성구 123-45,010-6414-5478,유튜브 보기
14605,신예은,53,안양 송파구 123-45,010-6319-6911,여행
14606,정태윤,50,인천 덕진구 123-45,010-5471-5654,유튜브 보기
14607,윤지안,20,대전 유성구 123-45,010-5807-9526,영화감상
14608,최수빈,76,고양 중구 123-45,010-4511-2943,게임
14609,한은우,65,김해 동구 123-45,010-2462-9012,음악감상
14610,임예은,45,안산 서북구 123-45,010-5259-5483,등산
14611,김소율,28,김해 흥덕구 123-45,010-8936-3344,독서
14612,임하윤,73,성남 일산동구 123-45,010-2257-6962,웹서핑
14613,박은우,59,제주 덕양구 123-45,010-7473-1868,드로잉
14614,이은우,46,전주 북구 123-45,010-6574-8022,보드게임
14615,임은우,75,평택 서구 123-45,010-3856-8858,사진촬영
14616,신민수,27,대구 분당구 123-45,010-9750-9511,유튜브 보기
14617,최유진,60,화성 덕진구 123-45,010-1041-2449,독서
14618,김수빈,63,천안 흥덕구 123-45,010-3582-9423,유튜브 보기
14619,오시우,64,부산 강서구 123-45,010-3480-9595,드로잉
14620,김예은,65,김해 중구 123-45,010-7764-5150,영화감상
14621,이민수,48,전주 덕양구 123-45,010-8764-9073,드로잉
14622,정지안,73,포항 진해구 123-45,010-8669-5189,뜨개질
14623,이예린,52,대전 북구 123-45,010-3633-6436,카페 투어
14624,이지후,65,세종 흥덕구 123-45,010-4293-5094,뜨개질
14625,박지원,79,수원 흥덕구 123-45,010-2459-3949,등산
14626,강예린,67,광주 남구 123-45,010-4202-4946,뜨개질
14627,임지후,44,제주 서구 123-45,010-5425-5382,등산
14628,정건우,73,대전 진해구 123-45,010-4312-5144,등산
14629,조은우,52,안산 신제주 123-45,010-7463-7869,카페 투어
14630,한소율,47,남양주 중구 123-45,010-2996-2204,웹서핑
14631,장은우,22,천안 동구 123-45,010-2578-2782,뜨개질
14632,김서연,58,안산 서구 123-45,010-4708-6221,독서
14633,서지안,73,포항 팔달구 123-45,010-2486-4281,웹서핑
14634,이시우,43,고양 장유동 123-45,010-3317-7828,등산
14635,김지민,74,김해 신제주 123-45,010-3098-8415,자전거 타기
14636,이지원,48,제주 분당구 123-45,010-1891-2130,음악감상
14637,오은우,72,천안 덕진구 123-45,010-1762-6217,음악감상
14638,장수빈,44,창원 성동구 123-45,010-9412-5034,독서
14639,이민수,38,성남 팔달구 123-45,010-9443-8336,등산
14640,이예은,42,안산 수성구 123-45,010-7948-4034,유튜브 보기
14641,서지안,58,광주 팔달구 123-45,010-4970-1596,뜨개질
14642,이유진,62,성남 동구 123-45,010-5209-5925,보드게임
14643,조은우,56,고양 남구 123-45,010-3748-4560,음악감상
14644,서은우,57,화성 중구 123-45,010-2415-6980,유튜브 보기
14645,이소율,79,안양 신제주 123-45,010-9470-7923,여행
14646,박도윤,41,수원 해운대구 123-45,010-7620-3959,자전거 타기
14647,박현우,58,천안 북구 123-45,010-1132-2384,영화감상
14648,김하윤,58,부산 성동구 123-45,010-3580-2831,사진촬영
14649,서지후,62,대전 동구 123-45,010-3141-2126,요리
14650,정서연,40,김해 강남구 123-45,010-3541-6710,사진촬영
14651,박시우,30,울산 달서구 123-45,010-2165-2528,사진촬영
14652,윤현우,39,평택 송파구 123-45,010-3643-5876,사진촬영
14653,임태윤,73,수원 동구 123-45,010-1777-2949,유튜브 보기
14654,서현우,53,전주 덕양구 123-45,010-2012-2411,유튜브 보기
14655,신하은,68,천안 진해구 123-45,010-1166-1832,일기 쓰기
14656,강유진,20,광주 분당구 123-45,010-6557-2755,자전거 타기
14657,신서연,26,안양 동구 123-45,010-9153-9792,운동
14658,장하윤,42,천안 분당구 123-45,010-2594-6342,일기 쓰기
14659,강서준,22,부산 달서구 123-45,010-2367-8719,음악감상
14660,임하은,23,광주 서구 123-45,010-1720-9692,카페 투어
14661,이지원,34,평택 해운대구 123-45,010-5493-6638,요리
14662,신하윤,48,창원 강서구 123-45,010-8293-2206,독서
14663,임예린,70,대구 중구 123-45,010-1216-6503,일기 쓰기
14664,조지안,30,광주 강남구 123-45,010-3213-2334,뜨개질
14665,오서연,45,고양 흥덕구 123-45,010-7237-9593,수영
14666,신건우,59,세종 중구 123-45,010-7566-9061,영화감상
14667,조도윤,66,창원 성북구 123-45,010-4913-8078,요리
14668,최서연,67,인천 서북구 123-45,010-9869-1379,유튜브 보기
14669,서태윤,74,김해 송파구 123-45,010-4041-9647,수영
14670,한건우,42,고양 수성구 123-45,010-1318-3545,일기 쓰기
14671,이지원,24,광주 덕진구 123-45,010-6803-9533,사진촬영
14672,이서연,20,김해 유성구 123-45,010-2734-1713,카페 투어
14673,김시우,59,평택 수성구 123-45,010-7010-2913,요리
14674,서소율,35,화성 해운대구 123-45,010-7971-2723,영화감상
14675,오도윤,69,대전 서구 123-45,010-5516-1236,웹서핑
14676,최하은,57,포항 흥덕구 123-45,010-8769-4041,독서
14677,이서준,54,천안 성북구 123-45,010-6230-6086,요리
14678,신현우,72,울산 서구 123-45,010-5095-2475,사진촬영
14679,이지원,32,인천 동구 123-45,010-3829-4978,사진촬영
14680,이현우,72,광주 성북구 123-45,010-3687-5187,여행
14681,오서연,36,부산 장유동 123-45,010-7470-1752,여행
14682,이소율,66,대구 해운대구 123-45,010-3240-6337,여행
14683,김예린,71,포항 기흥구 123-45,010-1502-5905,등산
14684,윤서준,76,창원 일산동구 123-45,010-2647-3862,독서
14685,최은우,33,전주 강남구 123-45,010-4483-1381,등산
14686,강지안,41,서울 팔달구 123-45,010-9944-8196,게임
14687,윤유진,48,수원 동구 123-45,010-1048-3279,자전거 타기
14688,김건우,52,광주 북구 123-45,010-3024-3900,보드게임
14689,오태윤,53,남양주 수성구 123-45,010-9235-1031,자전거 타기
14690,오유진,45,용인 달서구 123-45,010-3421-4526,일기 쓰기
14691,강현우,40,포항 북구 123-45,010-5889-7949,사진촬영
14692,정하윤,61,포항 유성구 123-45,010-2412-2715,카페 투어
14693,한소율,44,천안 달서구 123-45,010-4376-7643,일기 쓰기
14694,장서연,29,서울 동구 123-45,010-7105-1989,독서
14695,박지후,79,성남 해운대구 123-45,010-4899-4955,보드게임
14696,김예린,59,김해 성동구 123-45,010-1850-5380,여행
14697,임지후,61,화성 달서구 123-45,010-2304-3748,영화감상
14698,장도윤,75,김해 유성구 123-45,010-5411-7298,드로잉
14699,윤민수,77,인천 분당구 123-45,010-7700-9617,드로잉
14700,서시우,26,평택 성동구 123-45,010-5826-1551,요리
14701,박서연,25,부산 성북구 123-45,010-4101-3297,카페 투어
14702,장유진,53,대전 분당구 123-45,010-4203-2053,등산
14703,신시우,46,부산 덕진구 123-45,010-6134-5678,유튜브 보기
14704,이지원,77,안산 흥덕구 123-45,010-6812-6540,음악감상
14705,신현우,76,천안 서북구 123-45,010-2061-2289,게임
14706,박지안,32,천안 신제주 123-45,010-7025-5741,뜨개질
14707,정지안,21,남양주 서북구 123-45,010-1952-3235,자전거 타기
14708,조도윤,46,용인 해운대구 123-45,010-3264-5474,유튜브 보기
14709,장지안,78,성남 덕진구 123-45,010-6698-6917,카페 투어
14710,한지민,36,창원 분당구 123-45,010-7941-1204,요리
14711,장지민,31,전주 남구 123-45,010-8658-8505,뜨개질
14712,김태윤,79,용인 흥덕구 123-45,010-6782-5907,자전거 타기
14713,신하윤,67,부산 유성구 123-45,010-4971-5422,게임
14714,정하윤,44,화성 일산동구 123-45,010-1927-3400,게임
14715,임은우,24,안양 강서구 123-45,010-7203-9053,일기 쓰기
14716,오은우,65,성남 남구 123-45,010-1486-3205,수영
14717,강하윤,66,고양 동구 123-45,010-4592-8465,독서
14718,서하은,53,제주 강서구 123-45,010-7943-2874,웹서핑
14719,신예은,32,창원 서구 123-45,010-5757-3338,독서
14720,정예린,55,수원 덕양구 123-45,010-5176-3625,독서
14721,이지안,40,성남 중구 123-45,010-5185-5529,카페 투어
14722,이예린,24,광주 흥덕구 123-45,010-3397-3594,일기 쓰기
14723,임태윤,71,창원 북구 123-45,010-6935-3935,독서
14724,강현우,31,천안 흥덕구 123-45,010-5636-6311,게임
14725,신서연,37,광주 강서구 123-45,010-3358-8516,운동
14726,오은우,67,광주 송파구 123-45,010-1914-8880,요리
14727,신지원,40,포항 성동구 123-45,010-4569-2235,유튜브 보기
14728,박하윤,31,평택 성북구 123-45,010-6331-7222,카페 투어
14729,한지민,77,서울 해운대구 123-45,010-4935-2380,요리
14730,정민수,38,창원 장유동 123-45,010-5100-9867,사진촬영
14731,김지후,65,대구 유성구 123-45,010-7476-5591,뜨개질
14732,김소율,69,울산 남구 123-45,010-7707-3512,영화감상
14733,정하은,52,대전 중구 123-45,010-4420-9263,수영
14734,강태윤,39,화성 강서구 123-45,010-3244-7884,자전거 타기
14735,신은우,68,용인 서구 123-45,010-7382-6635,요리
14736,신하은,59,부산 분당구 123-45,010-1429-1379,유튜브 보기
14737,신은우,73,안양 서구 123-45,010-4837-6358,자전거 타기
14738,신민수,25,수원 서북구 123-45,010-4851-1076,등산
14739,김유진,42,부산 유성구 123-45,010-4536-8887,여행
14740,서유진,30,광주 남구 123-45,010-6378-8912,웹서핑
14741,조하윤,22,청주 서구 123-45,010-4355-2280,드로잉
14742,오예린,59,울산 성북구 123-45,010-9639-7472,요리
14743,윤건우,62,광주 해운대구 123-45,010-9098-2291,음악감상
14744,박건우,49,화성 장유동 123-45,010-9576-9087,뜨개질
14745,서지후,49,남양주 유성구 123-45,010-3892-8231,뜨개질
14746,서지후,34,화성 성동구 123-45,010-8546-8459,등산
14747,신은우,34,대전 강남구 123-45,010-1213-7070,카페 투어
14748,김태윤,74,세종 서구 123-45,010-9105-2231,뜨개질
14749,정도윤,59,세종 진해구 123-45,010-7817-4529,독서
14750,강현우,38,평택 북구 123-45,010-1723-5308,자전거 타기
14751,최지안,72,안산 기흥구 123-45,010-6239-8641,웹서핑
14752,김유진,39,창원 성북구 123-45,010-3956-6026,보드게임
14753,이하윤,71,용인 해운대구 123-45,010-2715-3616,드로잉
14754,윤현우,62,부산 분당구 123-45,010-5001-7642,뜨개질
14755,최유진,69,울산 성동구 123-45,010-7985-7237,음악감상
14756,이하윤,61,수원 분당구 123-45,010-5569-4038,음악감상
14757,김지안,39,수원 팔달구 123-45,010-2384-1817,음악감상
14758,장유진,48,광주 중구 123-45,010-4198-8974,등산
14759,서서연,45,포항 수성구 123-45,010-2708-4975,여행
14760,윤소율,24,세종 북구 123-45,010-1135-2956,여행
14761,조서준,49,화성 덕양구 123-45,010-9306-3815,웹서핑
14762,조하은,34,대구 성북구 123-45,010-3345-8632,자전거 타기
14763,서현우,60,대전 중구 123-45,010-7415-5866,음악감상
14764,서현우,32,전주 분당구 123-45,010-5760-8820,사진촬영
14765,한소율,51,전주 신제주 123-45,010-7479-7873,카페 투어
14766,신수빈,69,용인 진해구 123-45,010-6690-7136,독서
14767,오서준,46,서울 분당구 123-45,010-9793-1733,웹서핑
14768,김지민,24,용인 해운대구 123-45,010-1299-2558,보드게임
14769,오하윤,59,전주 해운대구 123-45,010-3049-7678,요리
14770,조건우,21,창원 달서구 123-45,010-7161-5054,뜨개질
14771,조유진,34,김해 성동구 123-45,010-6748-1055,웹서핑
14772,신도윤,78,부산 일산동구 123-45,010-5824-6913,수영
14773,박하윤,37,김해 신제주 123-45,010-4911-8503,카페 투어
14774,김지원,46,제주 송파구 123-45,010-3670-1609,유튜브 보기
14775,한예린,73,제주 유성구 123-45,010-7631-8433,드로잉
14776,임서연,36,천안 일산동구 123-45,010-2319-9822,독서
14777,윤태윤,51,안양 서구 123-45,010-4177-2741,웹서핑
14778,오유진,68,용인 중구 123-45,010-4345-4378,음악감상
14779,장시우,39,성남 서구 123-45,010-9778-4051,수영
14780,한하은,75,고양 중구 123-45,010-6752-5038,수영
14781,장지민,43,부산 강서구 123-45,010-1871-2669,웹서핑
14782,강하은,78,고양 분당구 123-45,010-5994-4825,웹서핑
14783,임서준,72,안산 분당구 123-45,010-1741-2749,요리
14784,장하윤,35,안양 유성구 123-45,010-1843-6199,카페 투어
14785,한하윤,43,포항 달서구 123-45,010-4305-5154,웹서핑
14786,서서준,49,인천 분당구 123-45,010-8177-2766,등산
14787,박지안,36,창원 덕양구 123-45,010-2520-9718,요리
14788,오지민,47,화성 서구 123-45,010-1457-2529,수영
14789,조예린,49,세종 중구 123-45,010-7167-3178,등산
14790,이현우,65,수원 송파구 123-45,010-4903-6369,독서
14791,최건우,42,안양 중구 123-45,010-1795-5736,사진촬영
14792,김지원,53,창원 중구 123-45,010-9976-5678,드로잉
14793,강하윤,62,창원 장유동 123-45,010-2433-6383,자전거 타기
14794,박소율,78,창원 분당구 123-45,010-5858-7689,보드게임
14795,정예은,56,청주 중구 123-45,010-6766-8769,게임
14796,임태윤,51,김해 동구 123-45,010-5697-6108,음악감상
14797,임서준,45,대구 동구 123-45,010-4223-5759,자전거 타기
14798,최지원,32,청주 유성구 123-45,010-5483-7136,영화감상
14799,윤하윤,48,평택 진해구 123-45,010-4313-4066,카페 투어
14800,강지민,66,평택 수성구 123-45,010-8901-5172,게임
14801,조은우,48,천안 분당구 123-45,010-8177-7115,웹서핑
14802,오서연,30,용인 팔달구 123-45,010-1667-3772,보드게임
14803,박지후,75,천안 서북구 123-45,010-2764-5067,음악감상
14804,오소율,34,김해 신제주 123-45,010-4082-9343,카페 투어
14805,한태윤,21,평택 덕양구 123-45,010-1847-8450,웹서핑
14806,장하은,65,대전 일산동구 123-45,010-7976-2478,드로잉
14807,윤지안,28,대전 신제주 123-45,010-4199-4027,카페 투어
14808,김지원,70,창원 진해구 123-45,010-6186-3210,웹서핑
14809,오하은,37,서울 일산동구 123-45,010-2538-4582,일기 쓰기
14810,최도윤,26,용인 서북구 123-45,010-1500-1021,자전거 타기
14811,장지민,65,안산 성동구 123-45,010-2611-4092,카페 투어
14812,장예린,76,화성 동구 123-45,010-9139-3488,유튜브 보기
14813,장민수,20,제주 기흥구 123-45,010-4000-6981,등산
14814,한현우,70,안양 북구 123-45,010-5238-2291,자전거 타기
14815,조시우,48,화성 덕진구 123-45,010-6974-4524,사진촬영
14816,한지후,34,청주 덕양구 123-45,010-4551-2471,운동
14817,박하은,30,수원 남구 123-45,010-9898-2705,게임
14818,정도윤,60,수원 덕양구 123-45,010-3173-5294,요리
14819,장지원,54,전주 분당구 123-45,010-8482-9708,여행
14820,박서준,65,김해 기흥구 123-45,010-8013-9113,자전거 타기
14821,이서연,30,평택 송파구 123-45,010-2185-1927,운동
14822,임서연,67,수원 동구 123-45,010-6507-5160,자전거 타기
14823,정하윤,47,안양 강남구 123-45,010-7541-5380,유튜브 보기
14824,신유진,65,남양주 신제주 123-45,010-2565-7948,운동
14825,한서연,54,남양주 장유동 123-45,010-5491-1946,여행
14826,강서준,58,안산 수성구 123-45,010-6119-5366,웹서핑
14827,이민수,75,세종 신제주 123-45,010-2241-9396,게임
14828,조지원,66,부산 기흥구 123-45,010-7463-5937,뜨개질
14829,신시우,36,성남 성북구 123-45,010-2898-7713,영화감상
14830,조수빈,78,김해 장유동 123-45,010-2105-5515,유튜브 보기
14831,최민수,30,제주 기흥구 123-45,010-2420-5499,보드게임
14832,장시우,71,광주 송파구 123-45,010-6179-4319,독서
14833,김하은,65,창원 기흥구 123-45,010-7933-2995,게임
14834,한지후,75,평택 동구 123-45,010-3081-1326,수영
14835,장태윤,51,대전 분당구 123-45,010-6600-7018,카페 투어
14836,서도윤,34,울산 서북구 123-45,010-6865-2296,카페 투어
14837,이태윤,33,제주 해운대구 123-45,010-6644-9449,요리
14838,윤지민,73,포항 장유동 123-45,010-3807-8406,독서
14839,한지후,55,서울 일산동구 123-45,010-1284-2170,일기 쓰기
14840,조예린,41,세종 서구 123-45,010-8193-2346,보드게임
14841,서수빈,75,창원 수성구 123-45,010-3990-3084,음악감상
14842,정은우,59,포항 송파구 123-45,010-5027-8949,웹서핑
14843,윤서준,58,창원 달서구 123-45,010-6656-2288,웹서핑
14844,신도윤,33,창원 강서구 123-45,010-3979-4910,일기 쓰기
14845,김태윤,65,대구 남구 123-45,010-8381-3561,독서
14846,박민수,23,용인 장유동 123-45,010-1933-5033,운동
14847,강하은,76,화성 송파구 123-45,010-3884-9063,보드게임
14848,정소율,78,서울 해운대구 123-45,010-2327-4708,수영
14849,한하윤,41,천안 성동구 123-45,010-9744-6131,일기 쓰기
14850,정현우,51,고양 송파구 123-45,010-4701-7090,게임
14851,신예린,21,창원 덕진구 123-45,010-1352-8070,음악감상
14852,오지민,79,서울 덕진구 123-45,010-9717-4116,음악감상
14853,정소율,52,부산 성동구 123-45,010-7919-5392,자전거 타기
14854,박은우,60,안양 송파구 123-45,010-5724-9442,음악감상
14855,신지안,76,김해 남구 123-45,010-1892-2236,수영
14856,박태윤,26,전주 서북구 123-45,010-5149-7398,운동
14857,신은우,50,제주 중구 123-45,010-8730-3602,유튜브 보기
14858,이지후,50,고양 흥덕구 123-45,010-4072-5760,음악감상
14859,이예은,22,화성 동구 123-45,010-8552-8610,게임
14860,최은우,49,안양 유성구 123-45,010-1304-3401,게임
14861,조은우,55,전주 흥덕구 123-45,010-3449-2367,자전거 타기
14862,오지원,36,대구 송파구 123-45,010-8034-7067,자전거 타기
14863,오서연,75,고양 덕진구 123-45,010-6596-4360,여행
14864,서지원,57,평택 진해구 123-45,010-7844-4094,독서
14865,강예린,50,세종 성북구 123-45,010-4797-5184,자전거 타기
14866,박시우,52,화성 수성구 123-45,010-1651-1812,독서
14867,임하은,39,고양 유성구 123-45,010-5968-2006,독서
14868,신지후,26,전주 성북구 123-45,010-7651-5333,여행
14869,강예린,44,서울 덕진구 123-45,010-1244-6596,수영
14870,김은우,32,남양주 덕양구 123-45,010-9105-5491,독서
14871,임유진,58,울산 성동구 123-45,010-4597-6956,운동
14872,박시우,32,대구 장유동 123-45,010-2515-2326,음악감상
14873,이예은,62,안산 신제주 123-45,010-5943-2341,운동
14874,오현우,49,수원 진해구 123-45,010-9102-5256,보드게임
14875,조소율,44,김해 해운대구 123-45,010-3161-5969,사진촬영
14876,임하은,22,화성 강서구 123-45,010-2750-4401,드로잉
14877,오소율,73,창원 신제주 123-45,010-2031-5505,드로잉
14878,서하윤,71,울산 송파구 123-45,010-5024-2378,여행
14879,김유진,44,고양 팔달구 123-45,010-6485-2462,자전거 타기
14880,임민수,37,서울 흥덕구 123-45,010-7347-2237,영화감상
14881,조하은,40,전주 수성구 123-45,010-9554-4762,드로잉
14882,이은우,38,세종 송파구 123-45,010-6241-6483,자전거 타기
14883,신유진,71,전주 유성구 123-45,010-1610-8900,웹서핑
14884,윤소율,29,대구 송파구 123-45,010-6513-3171,사진촬영
14885,임서연,78,남양주 성동구 123-45,010-3082-5437,뜨개질
14886,신소율,61,용인 분당구 123-45,010-5032-8545,여행
14887,강민수,25,고양 송파구 123-45,010-7862-6168,유튜브 보기
14888,조하윤,70,안산 일산동구 123-45,010-2906-2356,게임
14889,강수빈,58,천안 기흥구 123-45,010-8861-9677,드로잉
14890,조시우,70,인천 흥덕구 123-45,010-2197-3965,여행
14891,장도윤,26,부산 성동구 123-45,010-1179-4741,웹서핑
14892,김지민,68,안양 북구 123-45,010-1933-8365,독서
14893,조태윤,41,화성 덕진구 123-45,010-2589-2817,보드게임
14894,최유진,35,울산 남구 123-45,010-1984-6191,등산
14895,이지후,65,전주 기흥구 123-45,010-2016-7978,여행
14896,김민수,39,광주 강남구 123-45,010-4146-5361,음악감상
14897,김지민,27,고양 기흥구 123-45,010-4480-6240,독서
14898,임유진,21,남양주 팔달구 123-45,010-6321-9326,독서
14899,윤서준,56,김해 강남구 123-45,010-4044-6358,음악감상
14900,최하은,34,안산 남구 123-45,010-6385-7087,일기 쓰기
14901,이시우,56,전주 북구 123-45,010-6128-3987,웹서핑
14902,조지원,63,포항 동구 123-45,010-8352-3596,요리
14903,김태윤,45,부산 유성구 123-45,010-4385-7714,보드게임
14904,임예은,42,고양 동구 123-45,010-6402-1478,보드게임
14905,정건우,72,용인 중구 123-45,010-4412-6451,뜨개질
14906,임서연,71,청주 흥덕구 123-45,010-3973-5575,자전거 타기
14907,서유진,29,전주 강남구 123-45,010-1070-6998,등산
14908,신소율,51,제주 덕양구 123-45,010-2165-6055,사진촬영
14909,최하은,70,대구 해운대구 123-45,010-6124-7909,요리
14910,서하윤,51,청주 해운대구 123-45,010-7992-9960,뜨개질
14911,서예린,36,서울 흥덕구 123-45,010-3187-4282,수영
14912,신예린,65,청주 강남구 123-45,010-9858-4922,사진촬영
14913,최하은,27,대구 강서구 123-45,010-6040-8460,드로잉
14914,윤서연,29,창원 중구 123-45,010-1969-7567,운동
14915,김하은,34,서울 장유동 123-45,010-5968-4757,영화감상
14916,정수빈,59,부산 유성구 123-45,010-9882-7839,웹서핑
14917,강현우,63,광주 성동구 123-45,010-2384-9391,카페 투어
14918,한민수,35,포항 팔달구 123-45,010-1144-3331,여행
14919,이수빈,22,남양주 덕양구 123-45,010-1629-9737,수영
14920,김예은,27,남양주 중구 123-45,010-4083-2685,수영
14921,임하은,42,세종 장유동 123-45,010-2596-3037,카페 투어
14922,장은우,73,대구 기흥구 123-45,010-8742-4078,뜨개질
14923,김소율,33,수원 덕양구 123-45,010-3834-1884,웹서핑
14924,박민수,27,수원 분당구 123-45,010-6062-6926,드로잉
14925,김도윤,72,안산 흥덕구 123-45,010-5332-1623,수영
14926,이태윤,29,제주 유성구 123-45,010-7665-7678,드로잉
14927,조예은,23,수원 수성구 123-45,010-2695-4983,웹서핑
14928,서하은,24,대구 강남구 123-45,010-9796-3912,운동
14929,장서연,72,서울 성동구 123-45,010-3696-3797,요리
14930,오하은,73,창원 성북구 123-45,010-4803-4196,드로잉
14931,장은우,64,남양주 기흥구 123-45,010-5844-8706,웹서핑
14932,박예은,66,청주 신제주 123-45,010-2315-5884,일기 쓰기
14933,서예린,40,포항 중구 123-45,010-5777-5719,자전거 타기
14934,강지안,63,대전 유성구 123-45,010-7258-4280,등산
14935,오서준,40,제주 성북구 123-45,010-3826-5308,요리
14936,오소율,37,남양주 덕진구 123-45,010-7565-9666,뜨개질
14937,정현우,62,제주 북구 123-45,010-8341-1508,음악감상
14938,장소율,29,광주 강남구 123-45,010-4352-5698,뜨개질
14939,강서준,39,포항 달서구 123-45,010-8631-9471,유튜브 보기
14940,박예은,76,남양주 남구 123-45,010-7936-4969,음악감상
14941,이은우,63,창원 성동구 123-45,010-1909-9101,뜨개질
14942,오하은,48,세종 성동구 123-45,010-4315-2337,사진촬영
14943,서민수,60,광주 서북구 123-45,010-4772-3153,일기 쓰기
14944,임서준,48,안양 강남구 123-45,010-6574-2091,일기 쓰기
14945,최민수,35,용인 덕진구 123-45,010-4914-3323,자전거 타기
14946,서지민,47,울산 중구 123-45,010-5901-5439,유튜브 보기
14947,정서연,52,전주 달서구 123-45,010-2138-2275,드로잉
14948,오은우,66,안산 흥덕구 123-45,010-4302-9982,사진촬영
14949,강은우,69,제주 강서구 123-45,010-2538-3348,요리
14950,조지원,48,포항 덕진구 123-45,010-5541-6898,보드게임
14951,한서준,39,화성 동구 123-45,010-3671-4805,드로잉
14952,서민수,31,성남 남구 123-45,010-2160-9947,카페 투어
14953,오도윤,78,안양 분당구 123-45,010-4647-3240,카페 투어
14954,윤도윤,77,청주 성동구 123-45,010-8883-4427,카페 투어
14955,윤지원,69,인천 팔달구 123-45,010-4229-7367,드로잉
14956,조하윤,46,세종 신제주 123-45,010-1403-6410,수영
14957,서지안,51,안산 남구 123-45,010-9087-5417,자전거 타기
14958,이수빈,51,청주 덕진구 123-45,010-3791-9162,카페 투어
14959,신지민,25,남양주 팔달구 123-45,010-5347-5936,등산
14960,박유진,30,청주 해운대구 123-45,010-3505-3147,웹서핑
14961,신지민,74,인천 해운대구 123-45,010-4924-8413,일기 쓰기
14962,이하윤,38,창원 분당구 123-45,010-5345-5286,수영
14963,김시우,65,대전 서북구 123-45,010-8080-1609,유튜브 보기
14964,이하은,78,서울 중구 123-45,010-1153-5821,게임
14965,김유진,55,광주 해운대구 123-45,010-9133-6886,웹서핑
14966,윤지민,62,포항 수성구 123-45,010-8305-5177,수영
14967,박현우,43,평택 남구 123-45,010-2166-3835,요리
14968,박수빈,31,광주 서북구 123-45,010-2715-7218,독서
14969,조소율,48,세종 수성구 123-45,010-2210-3842,수영
14970,강하은,51,김해 진해구 123-45,010-1183-3257,웹서핑
14971,오수빈,72,안양 강서구 123-45,010-4556-5947,자전거 타기
14972,박민수,61,전주 덕양구 123-45,010-4544-8472,요리
14973,최소율,60,평택 달서구 123-45,010-4099-9945,뜨개질
14974,임현우,60,울산 중구 123-45,010-2939-7375,일기 쓰기
14975,서소율,72,안산 동구 123-45,010-8650-3172,뜨개질
14976,윤지안,56,김해 중구 123-45,010-3206-1072,음악감상
14977,임지안,70,서울 서북구 123-45,010-8656-5677,일기 쓰기
14978,김은우,50,제주 북구 123-45,010-8981-9963,유튜브 보기
14979,오수빈,74,창원 흥덕구 123-45,010-1600-8781,요리
14980,조지후,56,대구 기흥구 123-45,010-7718-7930,독서
14981,이서연,67,울산 팔달구 123-45,010-6025-6173,게임
14982,한예은,57,용인 팔달구 123-45,010-9165-8573,게임
14983,임서준,68,평택 달서구 123-45,010-4238-1237,등산
14984,이소율,40,인천 분당구 123-45,010-9312-1237,웹서핑
14985,박은우,47,화성 분당구 123-45,010-5262-7920,뜨개질
14986,임도윤,29,평택 팔달구 123-45,010-1868-2644,자전거 타기
14987,윤유진,20,성남 성북구 123-45,010-8076-9821,등산
14988,윤지원,21,용인 동구 123-45,010-8437-5147,웹서핑
14989,박수빈,53,세종 강서구 123-45,010-9871-3527,영화감상
14990,이건우,34,남양주 중구 123-45,010-1840-3201,요리
14991,임지안,27,세종 덕양구 123-45,010-9914-2701,유튜브 보기
14992,신예은,79,평택 강남구 123-45,010-5755-4626,영화감상
14993,오도윤,55,성남 성북구 123-45,010-8108-2954,카페 투어
14994,서도윤,43,인천 남구 123-45,010-7891-1925,자전거 타기
14995,조지원,21,김해 동구 123-45,010-1697-7165,여행
14996,임예은,26,고양 북구 123-45,010-2844-1995,뜨개질
14997,신소율,59,대전 서북구 123-45,010-9677-5817,보드게임
14998,서은우,61,청주 북구 123-45,010-8203-7845,영화감상
14999,윤예은,78,창원 동구 123-45,010-8351-1621,카페 투어
15000,임지민,34,제주 덕진구 123-45,010-6566-3998,드로잉
15001,서지후,38,평택 서북구 123-45,010-9731-5315,운동
15002,윤예린,32,고양 남구 123-45,010-8482-5580,보드게임
15003,최하윤,41,남양주 강남구 123-45,010-6789-3060,카페 투어
15004,최수빈,74,청주 덕양구 123-45,010-6699-8426,보드게임
15005,서서연,32,김해 남구 123-45,010-3636-8769,유튜브 보기
15006,이현우,52,고양 팔달구 123-45,010-3110-5401,사진촬영
15007,박예은,28,포항 덕양구 123-45,010-1836-5899,웹서핑
15008,오태윤,60,김해 중구 123-45,010-2233-8497,유튜브 보기
15009,강하윤,29,창원 강서구 123-45,010-1745-1620,독서
15010,장지안,45,안양 강남구 123-45,010-7921-4699,카페 투어
15011,최현우,57,울산 장유동 123-45,010-1066-1371,일기 쓰기
15012,서은우,54,대전 해운대구 123-45,010-1378-5777,유튜브 보기
15013,박서준,65,김해 흥덕구 123-45,010-6323-1426,운동
15014,윤서준,79,안산 일산동구 123-45,010-2266-3451,여행
15015,한지후,21,용인 흥덕구 123-45,010-6505-9593,게임
15016,한도윤,77,창원 일산동구 123-45,010-3557-1187,독서
15017,이수빈,39,안양 진해구 123-45,010-7616-9635,유튜브 보기
15018,김지안,73,대전 진해구 123-45,010-5641-9289,드로잉
15019,한태윤,32,천안 수성구 123-45,010-5623-1808,게임
15020,조예은,44,대구 수성구 123-45,010-2642-9767,자전거 타기
15021,박소율,20,세종 수성구 123-45,010-7626-3281,여행
15022,조수빈,68,성남 분당구 123-45,010-4294-5429,카페 투어
15023,오하은,37,광주 성동구 123-45,010-9878-2607,독서
15024,최예은,69,광주 북구 123-45,010-7489-3445,등산
15025,이지민,24,청주 흥덕구 123-45,010-3496-9514,독서
15026,정도윤,60,평택 강서구 123-45,010-5921-3975,보드게임
15027,최민수,70,부산 강서구 123-45,010-7173-8237,웹서핑
15028,정소율,46,남양주 남구 123-45,010-6634-7500,등산
15029,강현우,75,용인 신제주 123-45,010-9890-3376,유튜브 보기
15030,조태윤,77,화성 흥덕구 123-45,010-9434-4150,보드게임
15031,장현우,33,용인 남구 123-45,010-3627-2763,운동
15032,박소율,68,화성 강남구 123-45,010-3597-1565,여행
15033,이건우,56,대구 흥덕구 123-45,010-6383-4257,유튜브 보기
15034,장지민,50,천안 장유동 123-45,010-2425-7763,등산
15035,장현우,67,대구 일산동구 123-45,010-8810-8137,게임
15036,임지후,71,전주 일산동구 123-45,010-2114-3161,웹서핑
15037,김시우,41,용인 성동구 123-45,010-5537-9669,뜨개질
15038,이하윤,33,수원 서북구 123-45,010-4774-6278,여행
15039,김현우,72,화성 남구 123-45,010-2273-3199,유튜브 보기
15040,신지민,59,천안 기흥구 123-45,010-3601-4694,운동
15041,박하윤,48,천안 분당구 123-45,010-2127-4246,등산
15042,임서준,48,화성 분당구 123-45,010-1969-8511,음악감상
15043,강지원,75,창원 북구 123-45,010-6248-5372,웹서핑
15044,윤지후,68,안산 유성구 123-45,010-3226-4388,요리
15045,신서연,70,부산 흥덕구 123-45,010-3377-4739,일기 쓰기
15046,장하윤,68,세종 팔달구 123-45,010-2786-4630,게임
15047,최은우,26,세종 흥덕구 123-45,010-3951-6970,드로잉
15048,조수빈,21,김해 달서구 123-45,010-6070-2357,여행
15049,윤민수,63,남양주 송파구 123-45,010-7727-6019,영화감상
15050,한하윤,45,인천 중구 123-45,010-1450-1458,사진촬영
15051,장지민,51,청주 남구 123-45,010-5814-5423,일기 쓰기
15052,박서준,47,화성 성북구 123-45,010-1963-9599,웹서핑
15053,한예은,43,청주 동구 123-45,010-4833-5543,일기 쓰기
15054,오시우,34,안산 일산동구 123-45,010-2095-5173,독서
15055,최서연,79,전주 일산동구 123-45,010-7717-6516,여행
15056,윤도윤,58,평택 북구 123-45,010-2186-9468,사진촬영
15057,박도윤,57,안산 기흥구 123-45,010-5800-8423,드로잉
15058,오지후,29,화성 동구 123-45,010-5146-9765,독서
15059,장유진,38,천안 성동구 123-45,010-8989-3153,음악감상
15060,정서연,26,울산 흥덕구 123-45,010-9236-2666,운동
15061,조하윤,59,광주 서북구 123-45,010-6482-6891,수영
15062,서지안,72,청주 수성구 123-45,010-2940-1419,일기 쓰기
15063,최태윤,60,부산 성동구 123-45,010-2708-2357,보드게임
15064,조지안,23,김해 송파구 123-45,010-5288-9785,게임
15065,조지안,59,화성 중구 123-45,010-1112-4762,일기 쓰기
15066,박태윤,60,울산 강서구 123-45,010-9260-4902,요리
15067,한하은,60,인천 동구 123-45,010-4099-7274,운동
15068,오건우,68,인천 진해구 123-45,010-2269-2539,음악감상
15069,정유진,42,김해 분당구 123-45,010-3979-7741,유튜브 보기
15070,오하은,25,인천 장유동 123-45,010-4641-8336,사진촬영
15071,정유진,24,성남 중구 123-45,010-3443-8166,요리
15072,임지안,79,천안 해운대구 123-45,010-3325-5990,카페 투어
15073,한유진,75,울산 일산동구 123-45,010-3281-8653,영화감상
15074,조태윤,75,안산 수성구 123-45,010-9069-1727,유튜브 보기
15075,박은우,26,전주 강남구 123-45,010-1626-3650,자전거 타기
15076,임은우,54,화성 송파구 123-45,010-6743-5324,웹서핑
15077,최지안,56,광주 덕양구 123-45,010-8668-5440,유튜브 보기
15078,최도윤,41,화성 서북구 123-45,010-4207-3973,자전거 타기
15079,강지후,39,서울 해운대구 123-45,010-4826-3230,보드게임
15080,김도윤,78,전주 기흥구 123-45,010-7098-8843,일기 쓰기
15081,강건우,67,안산 송파구 123-45,010-8770-1862,영화감상
15082,조유진,64,천안 장유동 123-45,010-7239-7016,여행
15083,오은우,42,포항 기흥구 123-45,010-2129-3530,게임
15084,서지안,70,전주 일산동구 123-45,010-5648-2972,보드게임
15085,윤예은,69,광주 진해구 123-45,010-7205-8641,카페 투어
15086,김민수,25,서울 성북구 123-45,010-3492-9760,보드게임
15087,최예은,41,안산 성동구 123-45,010-9145-3757,보드게임
15088,윤하윤,72,광주 덕양구 123-45,010-1328-6254,영화감상
15089,박지민,58,울산 유성구 123-45,010-2731-9543,게임
15090,이시우,34,천안 강서구 123-45,010-8048-5391,요리
15091,장은우,62,천안 덕진구 123-45,010-3857-5008,카페 투어
15092,윤수빈,50,인천 기흥구 123-45,010-1594-6355,드로잉
15093,조건우,70,부산 서북구 123-45,010-8398-2458,사진촬영
15094,이유진,55,화성 기흥구 123-45,010-9202-9515,게임
15095,정지민,39,청주 북구 123-45,010-5537-4500,여행
15096,한하윤,33,창원 서구 123-45,010-2582-5753,등산
15097,강수빈,53,울산 달서구 123-45,010-2165-1928,영화감상
15098,오시우,78,대구 동구 123-45,010-7699-4326,여행
15099,조하은,74,서울 성동구 123-45,010-4136-7798,드로잉
15100,서유진,73,천안 남구 123-45,010-9644-4889,사진촬영
15101,장지원,58,안산 장유동 123-45,010-7208-3849,요리
15102,이하윤,45,김해 해운대구 123-45,010-1961-6670,카페 투어
15103,정예은,28,김해 덕양구 123-45,010-5288-1129,사진촬영
15104,서도윤,66,김해 수성구 123-45,010-4581-4251,독서
15105,강서준,75,인천 신제주 123-45,010-1919-9935,영화감상
15106,박하은,29,청주 성동구 123-45,010-4701-3212,요리
15107,조유진,44,서울 성동구 123-45,010-1912-9300,영화감상
15108,한건우,28,청주 동구 123-45,010-5407-6215,뜨개질
15109,서예린,74,안산 강남구 123-45,010-9906-1857,카페 투어
15110,최지후,66,평택 팔달구 123-45,010-9007-3039,드로잉
15111,임태윤,76,광주 달서구 123-45,010-3304-2470,영화감상
15112,신현우,22,세종 흥덕구 123-45,010-3355-3509,보드게임
15113,신지원,23,남양주 수성구 123-45,010-9993-9566,웹서핑
15114,정서준,52,광주 서구 123-45,010-7488-6289,등산
15115,오하은,66,전주 서북구 123-45,010-6048-3456,영화감상
15116,정현우,46,부산 장유동 123-45,010-7873-5516,드로잉
15117,이서연,48,수원 서북구 123-45,010-2452-4439,음악감상
15118,장예린,39,서울 서구 123-45,010-8430-5288,운동
15119,이지후,59,대전 진해구 123-45,010-1873-1658,수영
15120,이유진,66,안산 성북구 123-45,010-1626-9437,웹서핑
15121,강태윤,28,광주 북구 123-45,010-5771-2204,일기 쓰기
15122,윤소율,22,서울 성동구 123-45,010-2338-3949,수영
15123,임태윤,47,고양 신제주 123-45,010-6489-3132,독서
15124,한서연,74,용인 분당구 123-45,010-6724-2128,사진촬영
15125,서지원,22,대구 수성구 123-45,010-2655-8941,수영
15126,오은우,43,광주 해운대구 123-45,010-3701-8768,일기 쓰기
15127,이지원,46,대구 덕양구 123-45,010-2361-7518,웹서핑
15128,윤민수,64,안산 팔달구 123-45,010-3729-2565,요리
15129,최서연,55,고양 기흥구 123-45,010-9486-5617,독서
15130,신민수,60,성남 신제주 123-45,010-6686-6897,음악감상
15131,신지안,27,김해 팔달구 123-45,010-3098-1575,사진촬영
15132,서은우,59,대구 동구 123-45,010-6184-5308,게임
15133,임시우,47,성남 일산동구 123-45,010-6169-8553,뜨개질
15134,최민수,34,광주 수성구 123-45,010-2444-5375,사진촬영
15135,정하윤,31,남양주 일산동구 123-45,010-3826-9953,카페 투어
15136,한소율,38,김해 성북구 123-45,010-9848-6804,유튜브 보기
15137,최수빈,54,안산 흥덕구 123-45,010-9521-3190,웹서핑
15138,박수빈,32,평택 수성구 123-45,010-3577-2292,사진촬영
15139,임지안,27,화성 장유동 123-45,010-3818-2650,사진촬영
15140,신도윤,74,포항 성동구 123-45,010-8163-8622,음악감상
15141,임태윤,43,전주 서구 123-45,010-6340-7086,등산
15142,김서준,48,대구 덕양구 123-45,010-8132-5926,뜨개질
15143,정도윤,25,천안 북구 123-45,010-4403-3018,드로잉
15144,서지후,43,청주 덕진구 123-45,010-9552-2683,등산
15145,정시우,44,용인 동구 123-45,010-8108-3689,독서
15146,강지후,60,화성 장유동 123-45,010-7908-3374,독서
15147,한시우,25,부산 진해구 123-45,010-8516-9299,유튜브 보기
15148,이태윤,65,고양 신제주 123-45,010-4655-4024,운동
15149,임현우,63,수원 북구 123-45,010-2055-9265,영화감상
15150,한지안,41,남양주 진해구 123-45,010-4619-1620,일기 쓰기
15151,이수빈,29,대구 진해구 123-45,010-9612-6852,게임
15152,윤유진,55,대전 덕양구 123-45,010-5560-2576,드로잉
15153,강유진,49,세종 강남구 123-45,010-2631-8500,요리
15154,강소율,71,수원 신제주 123-45,010-2728-3767,여행
15155,이도윤,59,고양 강서구 123-45,010-1365-4156,음악감상
15156,박은우,46,수원 팔달구 123-45,010-9803-2386,뜨개질
15157,오도윤,34,포항 장유동 123-45,010-1427-6668,사진촬영
15158,강도윤,50,화성 분당구 123-45,010-1147-3273,보드게임
15159,서예린,37,대전 팔달구 123-45,010-2126-9044,자전거 타기
15160,윤지원,55,성남 분당구 123-45,010-8672-4317,등산
15161,윤지안,21,부산 덕진구 123-45,010-4323-8391,유튜브 보기
15162,서예은,66,세종 서구 123-45,010-5468-7712,등산
15163,박하은,33,울산 성동구 123-45,010-5999-1700,운동
15164,강태윤,24,광주 팔달구 123-45,010-3367-7890,영화감상
15165,신하윤,68,광주 신제주 123-45,010-3343-4717,독서
15166,임지안,22,용인 서북구 123-45,010-2804-8549,음악감상
15167,박수빈,59,안양 성동구 123-45,010-2232-2732,게임
15168,장하윤,77,천안 북구 123-45,010-6840-5513,보드게임
15169,오수빈,29,서울 덕양구 123-45,010-4799-4744,요리
15170,한건우,47,안산 성북구 123-45,010-2409-8832,자전거 타기
15171,김예은,41,수원 송파구 123-45,010-6593-5795,여행
15172,윤지원,64,화성 성동구 123-45,010-8491-4410,음악감상
15173,강수빈,25,전주 덕양구 123-45,010-1147-3991,수영
15174,조하윤,53,화성 덕진구 123-45,010-9828-1264,웹서핑
15175,이태윤,38,부산 팔달구 123-45,010-2298-3203,게임
15176,한하윤,43,대전 달서구 123-45,010-1169-4692,뜨개질
15177,정수빈,48,광주 해운대구 123-45,010-8827-6329,보드게임
15178,윤예은,52,광주 분당구 123-45,010-1981-2367,카페 투어
15179,김하윤,57,수원 덕진구 123-45,010-3011-7154,독서
15180,최예은,68,청주 강남구 123-45,010-4936-5129,영화감상
15181,신하윤,70,청주 덕양구 123-45,010-8495-5983,자전거 타기
15182,한예린,48,울산 일산동구 123-45,010-9309-2851,운동
15183,이현우,27,안산 해운대구 123-45,010-4612-8665,독서
15184,최예은,57,용인 팔달구 123-45,010-4073-1303,일기 쓰기
15185,신도윤,78,울산 팔달구 123-45,010-2255-5529,뜨개질
15186,박지안,24,안산 송파구 123-45,010-2698-5709,일기 쓰기
15187,한현우,56,대전 북구 123-45,010-3197-6408,웹서핑
15188,오지안,43,창원 북구 123-45,010-4309-2919,드로잉
15189,한은우,77,고양 분당구 123-45,010-3963-2967,영화감상
15190,오지안,25,용인 서구 123-45,010-7254-6125,카페 투어
15191,윤하윤,36,인천 강남구 123-45,010-4078-1638,운동
15192,김지원,29,대전 장유동 123-45,010-5122-3569,카페 투어
15193,김수빈,27,남양주 분당구 123-45,010-7852-2112,자전거 타기
15194,조서준,75,포항 강서구 123-45,010-9759-5099,자전거 타기
15195,서지원,62,세종 동구 123-45,010-7016-6501,음악감상
15196,신지안,45,대구 덕진구 123-45,010-3674-7733,등산
15197,임지원,24,평택 서구 123-45,010-1208-8669,사진촬영
15198,이지안,78,전주 북구 123-45,010-8751-5519,음악감상
15199,한예린,59,창원 동구 123-45,010-2985-8027,카페 투어
15200,서건우,65,천안 분당구 123-45,010-3804-1938,요리
15201,신유진,24,고양 덕양구 123-45,010-8232-6463,영화감상
15202,조현우,22,수원 달서구 123-45,010-9445-3160,일기 쓰기
15203,최서준,52,화성 덕진구 123-45,010-4411-4833,게임
15204,서지원,38,서울 성동구 123-45,010-8871-9905,일기 쓰기
15205,신서연,35,김해 성동구 123-45,010-2573-5668,등산
15206,장지원,38,울산 흥덕구 123-45,010-5041-2847,운동
15207,정민수,54,성남 팔달구 123-45,010-8468-9655,뜨개질
15208,최소율,32,평택 서북구 123-45,010-5149-7170,드로잉
15209,임민수,36,평택 신제주 123-45,010-5629-3580,영화감상
15210,조태윤,44,포항 동구 123-45,010-4418-7364,카페 투어
15211,신예린,56,안산 해운대구 123-45,010-4246-1117,드로잉
15212,윤지민,27,안양 강남구 123-45,010-5429-7157,웹서핑
15213,서유진,76,대전 수성구 123-45,010-3714-5153,자전거 타기
15214,서지안,66,안산 강서구 123-45,010-1210-1543,드로잉
15215,신민수,69,고양 일산동구 123-45,010-4815-5426,요리
15216,강서연,78,남양주 장유동 123-45,010-8647-1410,영화감상
15217,임유진,63,김해 성동구 123-45,010-9659-6385,자전거 타기
15218,신하윤,61,대구 수성구 123-45,010-4728-4871,웹서핑
15219,한유진,52,대전 흥덕구 123-45,010-5465-2447,유튜브 보기
15220,정시우,79,남양주 강서구 123-45,010-1723-4592,사진촬영
15221,장예은,33,화성 송파구 123-45,010-1208-7702,운동
15222,박수빈,53,남양주 신제주 123-45,010-6500-3422,영화감상
15223,한지후,42,남양주 기흥구 123-45,010-8163-7397,음악감상
15224,오서연,64,안양 흥덕구 123-45,010-1329-3721,음악감상
15225,이시우,22,안양 성북구 123-45,010-7088-3110,영화감상
15226,조태윤,21,안산 동구 123-45,010-7270-3154,수영
15227,강서연,63,청주 신제주 123-45,010-5397-7842,보드게임
15228,최유진,26,안산 수성구 123-45,010-7049-3163,영화감상
15229,임은우,61,안양 서북구 123-45,010-5477-3273,등산
15230,한지안,31,남양주 수성구 123-45,010-4767-2916,운동
15231,박민수,55,포항 송파구 123-45,010-8567-5470,영화감상
15232,정예린,33,부산 중구 123-45,010-9683-2711,등산
15233,장수빈,47,천안 진해구 123-45,010-1766-6673,카페 투어
15234,임예은,41,대구 서북구 123-45,010-6629-1604,음악감상
15235,윤하윤,66,서울 서구 123-45,010-2289-3859,웹서핑
15236,조지안,56,세종 남구 123-45,010-9248-7973,카페 투어
15237,윤현우,28,서울 강남구 123-45,010-7331-4677,영화감상
15238,신예은,28,성남 덕진구 123-45,010-8481-5074,뜨개질
15239,조하은,31,울산 서구 123-45,010-7395-2703,드로잉
15240,한태윤,25,광주 성동구 123-45,010-2742-2676,카페 투어
15241,정건우,76,안양 강서구 123-45,010-7460-5308,유튜브 보기
15242,정건우,44,남양주 강남구 123-45,010-2931-4461,등산
15243,조지안,32,대구 덕진구 123-45,010-5701-4283,사진촬영
15244,장하은,62,수원 덕진구 123-45,010-8614-1974,일기 쓰기
15245,한유진,47,고양 덕진구 123-45,010-8193-7639,일기 쓰기
15246,장예린,52,안양 수성구 123-45,010-7268-4326,영화감상
15247,신지원,43,평택 남구 123-45,010-3703-6999,유튜브 보기
15248,강태윤,76,인천 일산동구 123-45,010-6993-6297,운동
15249,신하은,28,세종 서구 123-45,010-1019-6166,음악감상
15250,임서연,34,화성 덕양구 123-45,010-2994-8582,웹서핑
15251,임시우,57,고양 기흥구 123-45,010-8113-4675,여행
15252,김현우,51,화성 흥덕구 123-45,010-4525-2502,카페 투어
15253,오유진,37,포항 진해구 123-45,010-4640-6969,자전거 타기
15254,오은우,28,안산 일산동구 123-45,010-4599-8259,사진촬영
15255,신수빈,29,광주 진해구 123-45,010-7860-9183,카페 투어
15256,정서연,46,서울 수성구 123-45,010-3004-9565,게임
15257,장건우,36,수원 해운대구 123-45,010-5209-3247,웹서핑
15258,김은우,55,광주 서북구 123-45,010-9481-2741,운동
15259,윤지원,45,대전 수성구 123-45,010-6854-7282,카페 투어
15260,이태윤,35,김해 팔달구 123-45,010-6972-4045,드로잉
15261,최지안,58,대구 송파구 123-45,010-3863-4857,뜨개질
15262,박하은,31,수원 신제주 123-45,010-5562-5534,음악감상
15263,강유진,47,안산 강남구 123-45,010-6688-2390,웹서핑
15264,박하윤,40,김해 송파구 123-45,010-3191-6160,일기 쓰기
15265,강유진,46,화성 분당구 123-45,010-2648-9472,등산
15266,박도윤,52,포항 중구 123-45,010-8673-1796,요리
15267,정지원,40,전주 동구 123-45,010-3403-3737,여행
15268,최하윤,22,김해 서북구 123-45,010-8868-5940,보드게임
15269,장지후,22,인천 신제주 123-45,010-3134-7650,운동
15270,한수빈,21,성남 송파구 123-45,010-1397-3736,독서
15271,장하윤,52,세종 남구 123-45,010-4789-7675,수영
15272,윤지민,37,김해 유성구 123-45,010-8659-1074,음악감상
15273,윤예린,28,김해 강서구 123-45,010-4567-4071,자전거 타기
15274,이현우,75,포항 성북구 123-45,010-9000-9986,게임
15275,김시우,67,남양주 덕양구 123-45,010-4088-5982,카페 투어
15276,강하은,77,세종 진해구 123-45,010-2204-9138,드로잉
15277,정예은,50,부산 팔달구 123-45,010-6413-8537,음악감상
15278,김현우,31,고양 기흥구 123-45,010-8729-9530,드로잉
15279,오예린,33,수원 일산동구 123-45,010-1219-8481,유튜브 보기
15280,장지안,73,천안 강서구 123-45,010-7358-2756,일기 쓰기
15281,이예은,50,성남 북구 123-45,010-2582-3198,영화감상
15282,윤지원,62,남양주 성동구 123-45,010-2512-8704,영화감상
15283,윤도윤,33,부산 동구 123-45,010-4621-5651,웹서핑
15284,오예린,35,성남 덕진구 123-45,010-6891-9743,수영
15285,김지민,52,안양 강서구 123-45,010-7740-8096,요리
15286,박서연,79,천안 팔달구 123-45,010-7261-6731,등산
15287,서도윤,56,울산 일산동구 123-45,010-5648-5325,등산
15288,최예은,61,세종 성북구 123-45,010-1090-3965,요리
15289,서민수,70,창원 서구 123-45,010-1462-6621,유튜브 보기
15290,정현우,65,서울 동구 123-45,010-4104-5420,사진촬영
15291,임서연,38,대구 진해구 123-45,010-8099-2455,일기 쓰기
15292,한민수,28,성남 분당구 123-45,010-5924-5476,음악감상
15293,장지원,38,남양주 분당구 123-45,010-2076-5285,독서
15294,김하윤,79,세종 진해구 123-45,010-7849-2003,독서
15295,정도윤,67,성남 북구 123-45,010-3062-2881,운동
15296,신서연,52,화성 덕양구 123-45,010-1575-1613,웹서핑
15297,정유진,46,안산 강서구 123-45,010-1822-9954,요리
15298,서유진,78,창원 일산동구 123-45,010-5825-5296,유튜브 보기
15299,한은우,51,수원 성북구 123-45,010-1233-6026,운동
15300,정지안,56,창원 일산동구 123-45,010-7676-7903,영화감상
15301,오서연,32,평택 서북구 123-45,010-1460-3915,수영
15302,조민수,42,천안 덕진구 123-45,010-7502-8699,드로잉
15303,임서준,65,인천 강서구 123-45,010-3132-7436,유튜브 보기
15304,서서연,26,성남 일산동구 123-45,010-1611-6460,일기 쓰기
15305,임서준,65,안산 장유동 123-45,010-5894-9735,영화감상
15306,이민수,35,전주 성동구 123-45,010-1337-1035,음악감상
15307,서태윤,51,안양 북구 123-45,010-5119-1309,카페 투어
15308,서지원,20,안산 강서구 123-45,010-3445-2514,수영
15309,강건우,40,남양주 서북구 123-45,010-7316-2943,자전거 타기
15310,장예린,61,성남 중구 123-45,010-5539-6482,여행
15311,신예은,47,김해 해운대구 123-45,010-2378-2430,보드게임
15312,박소율,71,용인 북구 123-45,010-3920-6419,게임
15313,김민수,67,부산 덕진구 123-45,010-2062-7347,등산
15314,김예린,51,김해 기흥구 123-45,010-6458-6798,자전거 타기
15315,강현우,58,안양 서북구 123-45,010-6469-3703,음악감상
15316,김소율,47,용인 신제주 123-45,010-8070-6645,일기 쓰기
15317,이소율,36,울산 중구 123-45,010-7221-2947,카페 투어
15318,조하윤,43,안산 장유동 123-45,010-7968-6168,사진촬영
15319,신소율,27,남양주 분당구 123-45,010-4705-3151,여행
15320,강은우,55,대구 서구 123-45,010-3837-5784,운동
15321,임서준,20,청주 분당구 123-45,010-1559-5790,영화감상
15322,조서연,59,수원 일산동구 123-45,010-5851-8823,영화감상
15323,서서연,52,인천 수성구 123-45,010-2612-3920,웹서핑
15324,박서준,21,서울 강서구 123-45,010-3847-9014,요리
15325,한유진,71,인천 장유동 123-45,010-2597-6117,운동
15326,박하윤,71,고양 신제주 123-45,010-1877-5421,일기 쓰기
15327,장지안,55,전주 유성구 123-45,010-3399-5272,뜨개질
15328,최시우,23,전주 서북구 123-45,010-4778-7933,웹서핑
15329,김서준,61,안양 강서구 123-45,010-1768-3217,자전거 타기
15330,정지후,61,전주 덕양구 123-45,010-7029-3968,수영
15331,조지민,61,울산 성북구 123-45,010-4027-5824,운동
15332,정하은,70,안산 동구 123-45,010-4920-8959,자전거 타기
15333,장서준,73,울산 강남구 123-45,010-2254-9800,독서
15334,장서연,48,천안 기흥구 123-45,010-8738-2826,유튜브 보기
15335,강수빈,78,청주 성동구 123-45,010-2366-6080,보드게임
15336,최현우,66,세종 남구 123-45,010-2080-8162,요리
15337,강하윤,21,김해 중구 123-45,010-1689-8394,독서
15338,장소율,51,서울 남구 123-45,010-9422-5473,뜨개질
15339,신유진,58,세종 해운대구 123-45,010-8042-5896,게임
15340,윤은우,35,평택 장유동 123-45,010-6514-4199,사진촬영
15341,오서연,27,울산 흥덕구 123-45,010-4383-7185,영화감상
15342,장하은,55,울산 흥덕구 123-45,010-5944-5045,웹서핑
15343,임수빈,49,제주 강남구 123-45,010-1358-4479,게임
15344,김지후,41,천안 서북구 123-45,010-1694-6613,드로잉
15345,강예린,44,용인 덕양구 123-45,010-5170-7939,웹서핑
15346,한유진,68,창원 일산동구 123-45,010-1848-9496,여행
15347,김수빈,78,청주 일산동구 123-45,010-1369-5462,카페 투어
15348,정태윤,35,제주 성동구 123-45,010-1540-3070,자전거 타기
15349,서현우,48,용인 강남구 123-45,010-8793-2082,요리
15350,서유진,62,대전 달서구 123-45,010-3430-1664,요리
15351,서지안,70,포항 강서구 123-45,010-1045-9294,요리
15352,최예은,54,김해 기흥구 123-45,010-2188-7584,사진촬영
15353,한예은,30,용인 덕양구 123-45,010-7980-7388,수영
15354,장소율,68,남양주 남구 123-45,010-2434-5511,뜨개질
15355,정도윤,33,창원 덕진구 123-45,010-5105-9309,유튜브 보기
15356,김예은,22,성남 강서구 123-45,010-8990-3292,수영
15357,서하윤,52,천안 서구 123-45,010-7907-4985,요리
15358,서지안,32,창원 북구 123-45,010-8820-8347,유튜브 보기
15359,장지민,35,대전 동구 123-45,010-6949-1427,유튜브 보기
15360,신하은,23,성남 북구 123-45,010-9514-2218,영화감상
15361,신소율,40,수원 강서구 123-45,010-4966-2355,영화감상
15362,오하윤,32,세종 덕양구 123-45,010-5765-5141,보드게임
15363,최도윤,72,창원 기흥구 123-45,010-5961-3994,자전거 타기
15364,최민수,72,김해 서북구 123-45,010-3776-4202,요리
15365,장예린,35,대전 일산동구 123-45,010-1533-8169,카페 투어
15366,최은우,45,고양 진해구 123-45,010-4355-5676,뜨개질
15367,조소율,63,수원 유성구 123-45,010-4973-1936,보드게임
15368,정은우,47,서울 성북구 123-45,010-1009-1276,드로잉
15369,최서연,49,안산 동구 123-45,010-9896-7378,사진촬영
15370,강수빈,79,제주 남구 123-45,010-2967-3626,음악감상
15371,조태윤,45,전주 동구 123-45,010-7033-6534,웹서핑
15372,신수빈,70,전주 장유동 123-45,010-4891-9287,독서
15373,윤하은,42,대구 진해구 123-45,010-9095-7359,일기 쓰기
15374,오시우,73,세종 달서구 123-45,010-4122-9317,음악감상
15375,오현우,39,수원 팔달구 123-45,010-6405-3956,자전거 타기
15376,서지후,42,용인 유성구 123-45,010-3856-7436,수영
15377,박민수,65,평택 장유동 123-45,010-5386-5840,게임
15378,최지민,77,용인 장유동 123-45,010-9858-6126,사진촬영
15379,임수빈,50,서울 해운대구 123-45,010-4034-9258,뜨개질
15380,임수빈,23,서울 성북구 123-45,010-5246-6347,수영
15381,장하은,59,광주 서구 123-45,010-5937-3133,여행
15382,신소율,77,용인 동구 123-45,010-5129-3085,독서
15383,윤지후,29,전주 서북구 123-45,010-3614-4080,유튜브 보기
15384,신서준,57,안양 서북구 123-45,010-7623-1228,자전거 타기
15385,윤태윤,41,세종 달서구 123-45,010-2669-9741,유튜브 보기
15386,서지안,34,남양주 성동구 123-45,010-2101-5346,운동
15387,윤지후,59,고양 일산동구 123-45,010-3290-2181,사진촬영
15388,최서연,63,제주 해운대구 123-45,010-9065-4639,보드게임
15389,서도윤,65,인천 분당구 123-45,010-8948-3449,뜨개질
15390,강민수,28,인천 덕진구 123-45,010-6696-8412,일기 쓰기
15391,장서연,23,김해 기흥구 123-45,010-1423-4443,게임
15392,조지원,66,평택 성북구 123-45,010-6030-9795,음악감상
15393,조지민,67,김해 남구 123-45,010-2359-2466,요리
15394,윤서준,51,광주 장유동 123-45,010-1977-3909,여행
15395,강예은,38,전주 서구 123-45,010-6283-4632,드로잉
15396,서유진,78,광주 흥덕구 123-45,010-3493-6730,운동
15397,조민수,61,창원 서구 123-45,010-2471-3118,운동
15398,장하은,58,부산 송파구 123-45,010-9063-9115,자전거 타기
15399,장예린,28,고양 덕양구 123-45,010-4432-8100,웹서핑
15400,김현우,51,천안 기흥구 123-45,010-6645-4666,음악감상
15401,조지후,29,수원 일산동구 123-45,010-5994-7549,음악감상
15402,신수빈,75,부산 흥덕구 123-45,010-5684-5359,보드게임
15403,한유진,29,부산 덕진구 123-45,010-1340-4089,등산
15404,오수빈,21,전주 분당구 123-45,010-6824-7107,수영
15405,임현우,32,성남 기흥구 123-45,010-9162-4329,여행
15406,이하은,20,광주 장유동 123-45,010-5087-8625,운동
15407,이민수,48,울산 분당구 123-45,010-8465-4958,영화감상
15408,최서연,48,대전 분당구 123-45,010-3885-3983,여행
15409,장시우,70,대전 흥덕구 123-45,010-2654-2608,보드게임
15410,이하윤,26,인천 분당구 123-45,010-2736-4016,등산
15411,임은우,51,수원 신제주 123-45,010-7942-1186,음악감상
15412,정서연,79,천안 일산동구 123-45,010-6900-8341,카페 투어
15413,임서연,71,김해 기흥구 123-45,010-7598-4428,독서
15414,조예린,60,광주 수성구 123-45,010-4007-2990,웹서핑
15415,박하은,24,창원 팔달구 123-45,010-5890-3838,여행
15416,서수빈,35,안산 유성구 123-45,010-4621-3044,카페 투어
15417,조현우,23,세종 성동구 123-45,010-6105-2179,뜨개질
15418,신지후,32,대구 장유동 123-45,010-4796-6657,보드게임
15419,신예은,32,전주 수성구 123-45,010-5415-4634,드로잉
15420,이서준,24,김해 장유동 123-45,010-4016-8149,웹서핑
15421,신서준,65,울산 진해구 123-45,010-8201-2373,뜨개질
15422,한하은,76,평택 진해구 123-45,010-7679-7178,뜨개질
15423,강하은,27,서울 동구 123-45,010-4764-3646,음악감상
15424,조시우,58,울산 장유동 123-45,010-3270-7760,독서
15425,이시우,30,화성 성동구 123-45,010-2197-1876,등산
15426,강태윤,22,울산 신제주 123-45,010-9680-1137,요리
15427,장지민,53,서울 덕양구 123-45,010-1705-9297,카페 투어
15428,정수빈,45,성남 서북구 123-45,010-6549-2637,뜨개질
15429,장예린,46,포항 수성구 123-45,010-7549-1975,일기 쓰기
15430,서태윤,36,대전 동구 123-45,010-4808-2469,음악감상
15431,신시우,41,천안 달서구 123-45,010-6454-1669,일기 쓰기
15432,윤수빈,28,울산 송파구 123-45,010-9934-1891,자전거 타기
15433,장유진,45,대구 강서구 123-45,010-4697-7237,수영
15434,정예은,54,세종 분당구 123-45,010-5285-3232,요리
15435,김서연,24,제주 기흥구 123-45,010-2443-2656,유튜브 보기
15436,강민수,24,부산 해운대구 123-45,010-6490-1756,독서
15437,이유진,67,전주 수성구 123-45,010-1297-5423,자전거 타기
15438,최예린,30,대전 기흥구 123-45,010-8784-7064,음악감상
15439,오도윤,26,포항 성동구 123-45,010-1016-2579,수영
15440,최하은,57,용인 유성구 123-45,010-1031-9350,요리
15441,신지안,24,청주 남구 123-45,010-5222-4877,뜨개질
15442,오민수,59,화성 달서구 123-45,010-7426-4030,드로잉
15443,정서연,43,안양 수성구 123-45,010-9806-6574,웹서핑
15444,강소율,39,천안 성동구 123-45,010-5750-1610,음악감상
15445,서건우,47,대구 중구 123-45,010-4022-1063,게임
15446,김지원,72,대구 서북구 123-45,010-8313-8010,사진촬영
15447,임서연,27,제주 서구 123-45,010-4587-9432,독서
15448,오유진,50,화성 분당구 123-45,010-7896-4896,등산
15449,서소율,45,성남 서북구 123-45,010-6002-3564,여행
15450,이소율,26,성남 중구 123-45,010-3999-4540,드로잉
15451,정지후,22,전주 유성구 123-45,010-5656-8531,게임
15452,정예은,41,전주 팔달구 123-45,010-2092-8920,보드게임
15453,윤민수,54,안양 덕진구 123-45,010-8147-5853,등산
15454,장민수,73,대전 동구 123-45,010-5251-5508,여행
15455,강지민,63,청주 수성구 123-45,010-1454-3133,영화감상
15456,임소율,57,화성 흥덕구 123-45,010-9481-5977,여행
15457,조예린,66,제주 일산동구 123-45,010-4423-1451,영화감상
15458,한하은,20,용인 중구 123-45,010-5052-4153,사진촬영
15459,이하윤,47,전주 북구 123-45,010-6939-6623,보드게임
15460,이서준,39,남양주 유성구 123-45,010-3889-8252,등산
15461,임도윤,52,용인 달서구 123-45,010-4480-8836,등산
15462,이예린,61,대전 수성구 123-45,010-5604-4604,수영
15463,신은우,66,전주 분당구 123-45,010-4521-4737,드로잉
15464,박태윤,61,안산 덕진구 123-45,010-4355-2817,자전거 타기
15465,오소율,46,창원 서북구 123-45,010-2716-1536,웹서핑
15466,김지후,34,대구 신제주 123-45,010-1018-1341,웹서핑
15467,조소율,40,성남 신제주 123-45,010-4518-3099,사진촬영
15468,박서연,35,부산 덕진구 123-45,010-3135-3096,음악감상
15469,이예은,42,전주 서북구 123-45,010-5981-5737,수영
15470,이지안,52,성남 일산동구 123-45,010-2926-5500,등산
15471,신예린,40,대전 기흥구 123-45,010-4540-9916,독서
15472,최하윤,27,화성 서북구 123-45,010-7469-3865,여행
15473,이예은,61,화성 덕양구 123-45,010-4033-1973,드로잉
15474,장도윤,55,남양주 동구 123-45,010-5176-4496,게임
15475,강지안,28,청주 수성구 123-45,010-6338-8285,유튜브 보기
15476,임하은,47,평택 동구 123-45,010-7509-1787,뜨개질
15477,윤지원,63,창원 유성구 123-45,010-4154-6134,운동
15478,임지안,75,청주 기흥구 123-45,010-5760-7475,뜨개질
15479,조서준,46,부산 성북구 123-45,010-2184-1191,보드게임
15480,장소율,64,대전 북구 123-45,010-5159-1880,웹서핑
15481,윤건우,63,대구 진해구 123-45,010-4839-8994,일기 쓰기
15482,박도윤,24,화성 해운대구 123-45,010-5422-8859,등산
15483,김시우,43,용인 덕양구 123-45,010-3261-3200,수영
15484,정지원,78,수원 강남구 123-45,010-3235-5278,뜨개질
15485,오지후,55,울산 흥덕구 123-45,010-5496-3217,뜨개질
15486,정태윤,33,안양 동구 123-45,010-7658-7497,여행
15487,강지원,35,안산 서구 123-45,010-2971-3768,보드게임
15488,임건우,37,평택 해운대구 123-45,010-9841-6006,영화감상
15489,박은우,69,안산 중구 123-45,010-2517-8517,일기 쓰기
15490,한예린,55,광주 수성구 123-45,010-5340-8053,카페 투어
15491,임서연,53,서울 서구 123-45,010-6465-3937,운동
15492,강수빈,25,청주 서구 123-45,010-1225-6440,독서
15493,임수빈,50,대구 강남구 123-45,010-1510-6565,게임
15494,김서준,74,부산 동구 123-45,010-5629-4847,여행
15495,장건우,51,대구 진해구 123-45,010-1807-3401,뜨개질
15496,조소율,29,광주 일산동구 123-45,010-4620-2539,유튜브 보기
15497,박민수,46,평택 동구 123-45,010-8299-3544,독서
15498,오건우,22,수원 진해구 123-45,010-1827-6318,영화감상
15499,최예은,39,고양 송파구 123-45,010-6813-1209,자전거 타기
15500,오예린,70,안양 진해구 123-45,010-2472-9457,웹서핑
15501,강지후,40,용인 기흥구 123-45,010-5156-9367,음악감상
15502,신은우,43,인천 동구 123-45,010-4759-5492,드로잉
15503,임은우,54,전주 송파구 123-45,010-9980-7297,운동
15504,이소율,40,광주 달서구 123-45,010-4446-6392,여행
15505,최하은,70,남양주 송파구 123-45,010-1569-1226,게임
15506,한서연,40,부산 진해구 123-45,010-4930-6279,카페 투어
15507,조수빈,28,서울 중구 123-45,010-5786-1417,여행
15508,신은우,43,성남 서북구 123-45,010-8887-1433,등산
15509,오예은,74,고양 덕양구 123-45,010-7243-8969,보드게임
15510,장서준,78,성남 해운대구 123-45,010-5290-5480,웹서핑
15511,강건우,37,수원 성동구 123-45,010-7624-6977,카페 투어
15512,윤현우,35,창원 성북구 123-45,010-2121-4556,요리
15513,김하윤,25,울산 성북구 123-45,010-8328-4563,웹서핑
15514,신예린,49,제주 팔달구 123-45,010-2545-8942,수영
15515,오지후,52,안양 북구 123-45,010-7175-1736,수영
15516,강하은,23,울산 해운대구 123-45,010-6694-7088,보드게임
15517,최유진,75,청주 북구 123-45,010-9193-7561,유튜브 보기
15518,장서연,33,포항 성북구 123-45,010-9078-2475,드로잉
15519,한하윤,63,전주 수성구 123-45,010-6029-7112,웹서핑
15520,한예린,57,대구 강서구 123-45,010-3597-5479,유튜브 보기
15521,박지후,56,광주 강남구 123-45,010-2191-5940,유튜브 보기
15522,신태윤,30,평택 덕진구 123-45,010-1488-7933,일기 쓰기
15523,한예은,28,전주 남구 123-45,010-5995-5335,자전거 타기
15524,박소율,71,화성 유성구 123-45,010-6805-7759,운동
15525,박은우,40,천안 유성구 123-45,010-7584-5722,등산
15526,조민수,48,수원 강서구 123-45,010-7361-4061,보드게임
15527,신도윤,20,대구 서구 123-45,010-3330-1757,음악감상
15528,서지원,26,고양 남구 123-45,010-9976-5153,사진촬영
15529,한서연,70,포항 동구 123-45,010-3390-5123,수영
15530,윤도윤,50,성남 북구 123-45,010-1192-1723,등산
15531,정민수,39,광주 분당구 123-45,010-2809-9388,자전거 타기
15532,임서준,77,청주 일산동구 123-45,010-6981-1165,음악감상
15533,박도윤,71,안산 분당구 123-45,010-7071-2409,자전거 타기
15534,윤하윤,25,세종 달서구 123-45,010-5229-4671,수영
15535,오수빈,24,광주 신제주 123-45,010-7583-7819,사진촬영
15536,윤예린,46,화성 신제주 123-45,010-6676-6259,등산
15537,서시우,67,수원 북구 123-45,010-9309-3498,음악감상
15538,장은우,37,수원 남구 123-45,010-3400-4473,웹서핑
15539,조예린,61,수원 중구 123-45,010-2326-5529,웹서핑
15540,강민수,51,세종 강서구 123-45,010-6597-1410,요리
15541,정은우,30,울산 진해구 123-45,010-4231-1432,뜨개질
15542,최예은,46,광주 성동구 123-45,010-6153-9352,게임
15543,최시우,76,성남 덕진구 123-45,010-2157-1351,드로잉
15544,서하은,29,세종 강남구 123-45,010-1264-1556,자전거 타기
15545,서수빈,76,화성 일산동구 123-45,010-9949-9833,웹서핑
15546,오하은,43,용인 성북구 123-45,010-1080-8885,게임
15547,이은우,66,김해 서북구 123-45,010-7644-5005,카페 투어
15548,조예린,72,제주 성동구 123-45,010-3413-3679,뜨개질
15549,강태윤,28,세종 북구 123-45,010-6255-1749,유튜브 보기
15550,오태윤,22,천안 강서구 123-45,010-8757-3536,게임
15551,장소율,59,전주 북구 123-45,010-7339-5027,독서
15552,김서준,20,화성 서북구 123-45,010-2228-5956,일기 쓰기
15553,박은우,43,고양 남구 123-45,010-9156-4278,드로잉
15554,조수빈,73,용인 성동구 123-45,010-1744-2121,음악감상
15555,김하윤,30,수원 유성구 123-45,010-2241-9144,드로잉
15556,임은우,73,남양주 수성구 123-45,010-2574-9842,뜨개질
15557,조민수,53,청주 강남구 123-45,010-1415-3939,카페 투어
15558,김건우,41,광주 동구 123-45,010-4282-3808,자전거 타기
15559,박태윤,41,세종 일산동구 123-45,010-5801-7134,운동
15560,신지안,50,대구 해운대구 123-45,010-5601-8987,운동
15561,이예은,58,고양 일산동구 123-45,010-2701-2067,음악감상
15562,정하윤,50,고양 분당구 123-45,010-4825-6420,웹서핑
15563,장예은,38,안산 진해구 123-45,010-4680-2195,보드게임
15564,이수빈,20,수원 기흥구 123-45,010-7606-2853,요리
15565,서건우,30,세종 수성구 123-45,010-8439-1191,일기 쓰기
15566,오은우,59,수원 남구 123-45,010-1046-4599,독서
15567,임지안,70,천안 서북구 123-45,010-6295-3344,웹서핑
15568,신건우,59,청주 흥덕구 123-45,010-5102-7562,운동
15569,박현우,68,세종 유성구 123-45,010-5965-7119,웹서핑
15570,이시우,38,용인 성동구 123-45,010-5602-9639,웹서핑
15571,정은우,73,안양 중구 123-45,010-4206-9253,사진촬영
15572,최예은,27,수원 달서구 123-45,010-3119-5816,드로잉
15573,이유진,66,포항 덕진구 123-45,010-6599-8851,게임
15574,한건우,45,성남 분당구 123-45,010-5059-5189,보드게임
15575,박지안,51,고양 분당구 123-45,010-3725-8945,음악감상
15576,윤현우,64,용인 달서구 123-45,010-5067-3439,자전거 타기
15577,임지후,42,고양 기흥구 123-45,010-9645-4434,수영
15578,강시우,29,용인 성북구 123-45,010-6739-3785,드로잉
15579,김지민,39,성남 일산동구 123-45,010-1381-5566,유튜브 보기
15580,윤서연,61,천안 중구 123-45,010-4872-4913,게임
15581,강지후,33,남양주 달서구 123-45,010-8856-5341,사진촬영
15582,조건우,22,수원 기흥구 123-45,010-3409-2546,요리
15583,서태윤,23,부산 성동구 123-45,010-9380-1610,등산
15584,서서연,56,울산 덕양구 123-45,010-8912-8301,수영
15585,김예은,46,고양 달서구 123-45,010-4662-4397,보드게임
15586,장시우,20,수원 기흥구 123-45,010-6052-9481,요리
15587,신도윤,25,울산 유성구 123-45,010-6684-7230,뜨개질
15588,박예은,55,세종 기흥구 123-45,010-5778-2018,보드게임
15589,장지후,31,세종 동구 123-45,010-9249-2776,운동
15590,오지후,78,청주 해운대구 123-45,010-5334-1719,수영
15591,이지안,62,세종 진해구 123-45,010-9163-2394,보드게임
15592,김은우,75,창원 남구 123-45,010-8742-5905,여행
15593,박유진,34,포항 중구 123-45,010-5479-6774,요리
15594,임하윤,54,인천 강서구 123-45,010-9438-9738,게임
15595,임현우,70,울산 서구 123-45,010-8443-1726,자전거 타기
15596,한민수,28,제주 진해구 123-45,010-6828-3850,보드게임
15597,강지안,52,세종 일산동구 123-45,010-5970-6577,수영
15598,신하윤,50,남양주 강남구 123-45,010-3692-6138,영화감상
15599,임하윤,52,용인 기흥구 123-45,010-8594-1201,게임
15600,이지원,37,화성 해운대구 123-45,010-4740-5396,보드게임
15601,김건우,37,부산 중구 123-45,010-9481-3951,웹서핑
15602,오지민,23,안산 기흥구 123-45,010-8944-4641,요리
15603,윤지원,22,광주 수성구 123-45,010-8138-1916,카페 투어
15604,임소율,47,안양 강서구 123-45,010-4165-3977,사진촬영
15605,장지민,25,천안 강서구 123-45,010-2060-8322,사진촬영
15606,이지안,32,안산 강서구 123-45,010-7722-2853,게임
15607,윤은우,38,용인 성동구 123-45,010-5810-1088,유튜브 보기
15608,조지원,35,대구 기흥구 123-45,010-4474-2071,카페 투어
15609,정도윤,60,고양 송파구 123-45,010-6666-4696,게임
15610,오지민,23,창원 신제주 123-45,010-4002-6736,자전거 타기
15611,장유진,41,포항 성북구 123-45,010-3098-4283,뜨개질
15612,최현우,59,화성 남구 123-45,010-7784-9119,여행
15613,강소율,45,제주 강남구 123-45,010-1477-6969,등산
15614,신건우,42,포항 진해구 123-45,010-7744-6832,여행
15615,서지안,47,고양 동구 123-45,010-8866-9957,등산
15616,박시우,67,안산 달서구 123-45,010-1664-1841,사진촬영
15617,임시우,66,화성 유성구 123-45,010-6652-1391,일기 쓰기
15618,한건우,67,대구 덕양구 123-45,010-2124-7110,웹서핑
15619,임지후,27,창원 유성구 123-45,010-7034-3688,카페 투어
15620,서예린,25,전주 북구 123-45,010-1594-6381,보드게임
15621,임서연,57,포항 북구 123-45,010-4031-3097,자전거 타기
15622,강수빈,56,창원 수성구 123-45,010-6534-8353,자전거 타기
15623,장현우,55,안양 유성구 123-45,010-6898-3866,운동
15624,서지안,39,부산 성북구 123-45,010-7110-6467,영화감상
15625,최하윤,75,창원 강남구 123-45,010-2670-2806,운동
15626,조서준,69,부산 성북구 123-45,010-8511-6771,보드게임
15627,윤지후,21,남양주 수성구 123-45,010-5042-8844,드로잉
15628,박서연,55,인천 성동구 123-45,010-1357-2482,음악감상
15629,이현우,35,청주 성동구 123-45,010-5377-7895,수영
15630,조은우,20,전주 강서구 123-45,010-6645-7618,뜨개질
15631,신지원,22,안양 강남구 123-45,010-2194-5486,음악감상
15632,서현우,47,안양 중구 123-45,010-8765-3859,드로잉
15633,장소율,35,수원 남구 123-45,010-1105-1324,여행
15634,정소율,43,울산 덕진구 123-45,010-9442-8343,보드게임
15635,임하윤,50,서울 달서구 123-45,010-1834-5616,뜨개질
15636,박서연,59,대전 기흥구 123-45,010-6448-8990,사진촬영
15637,김민수,29,울산 강서구 123-45,010-2092-3941,여행
15638,강유진,24,부산 장유동 123-45,010-1852-6442,영화감상
15639,김서준,61,성남 수성구 123-45,010-1890-3106,등산
15640,김건우,25,남양주 해운대구 123-45,010-1964-1547,사진촬영
15641,박하윤,34,남양주 덕양구 123-45,010-6723-5713,뜨개질
15642,최도윤,41,수원 수성구 123-45,010-7581-7067,게임
15643,윤지민,34,서울 동구 123-45,010-9507-5251,웹서핑
15644,박유진,36,청주 송파구 123-45,010-5627-2394,요리
15645,한서연,30,남양주 중구 123-45,010-4599-4961,사진촬영
15646,윤도윤,47,성남 팔달구 123-45,010-6243-2489,유튜브 보기
15647,서지민,63,광주 수성구 123-45,010-8275-1397,카페 투어
15648,박서준,63,용인 강서구 123-45,010-1660-5442,게임
15649,임은우,21,제주 흥덕구 123-45,010-2838-8358,사진촬영
15650,한유진,41,제주 남구 123-45,010-7208-2334,운동
15651,박서준,54,화성 남구 123-45,010-9004-5846,요리
15652,조은우,51,부산 남구 123-45,010-4038-9029,카페 투어
15653,조지민,78,성남 성북구 123-45,010-9474-3230,뜨개질
15654,조하윤,41,서울 강남구 123-45,010-5291-6576,자전거 타기
15655,신민수,28,안양 남구 123-45,010-1484-3415,독서
15656,임지민,20,전주 장유동 123-45,010-6419-8305,일기 쓰기
15657,임도윤,75,울산 흥덕구 123-45,010-5753-9025,보드게임
15658,한지민,61,광주 장유동 123-45,010-4524-1616,운동
15659,조현우,28,서울 서북구 123-45,010-9189-7111,요리
15660,장예은,66,대구 흥덕구 123-45,010-2674-2847,등산
15661,조서준,46,청주 분당구 123-45,010-9141-6009,자전거 타기
15662,조하은,30,인천 기흥구 123-45,010-6619-9902,여행
15663,장예은,64,평택 달서구 123-45,010-7574-2296,카페 투어
15664,김수빈,60,전주 남구 123-45,010-7427-3814,웹서핑
15665,신태윤,32,인천 진해구 123-45,010-1316-3332,일기 쓰기
15666,박민수,72,대전 남구 123-45,010-7040-4305,수영
15667,한지민,46,서울 분당구 123-45,010-5774-6448,음악감상
15668,신유진,20,김해 해운대구 123-45,010-3446-3720,등산
15669,오지안,49,용인 북구 123-45,010-3408-5572,웹서핑
15670,임예은,43,안산 강서구 123-45,010-4699-8515,영화감상
15671,윤서연,76,안양 송파구 123-45,010-9911-3632,음악감상
15672,조건우,44,광주 서구 123-45,010-9019-5963,뜨개질
15673,신서준,32,대전 남구 123-45,010-9760-2583,유튜브 보기
15674,정시우,31,광주 달서구 123-45,010-5188-5642,운동
15675,이서준,28,대전 달서구 123-45,010-5088-6800,웹서핑
15676,한은우,53,울산 진해구 123-45,010-4114-6832,일기 쓰기
15677,한은우,55,제주 남구 123-45,010-2700-6645,사진촬영
15678,최도윤,43,고양 중구 123-45,010-4619-2615,게임
15679,한태윤,42,안양 성북구 123-45,010-7553-3792,영화감상
15680,한지안,58,제주 서북구 123-45,010-8147-8431,수영
15681,윤예린,24,안양 성동구 123-45,010-1468-5624,웹서핑
15682,조예린,36,김해 성동구 123-45,010-9016-8250,영화감상
15683,장하은,52,수원 성북구 123-45,010-2842-8799,게임
15684,정건우,45,포항 덕양구 123-45,010-7287-8288,음악감상
15685,김예린,60,김해 성동구 123-45,010-6824-4039,음악감상
15686,정도윤,50,안양 수성구 123-45,010-6619-9482,사진촬영
15687,강서준,49,고양 북구 123-45,010-7635-2599,영화감상
15688,서태윤,40,세종 기흥구 123-45,010-3380-9747,뜨개질
15689,박예은,43,서울 성북구 123-45,010-2440-5761,게임
15690,신은우,29,평택 일산동구 123-45,010-6421-7369,음악감상
15691,김서준,40,제주 성동구 123-45,010-2132-3158,사진촬영
15692,임지민,69,울산 장유동 123-45,010-4259-5807,영화감상
15693,조은우,57,수원 장유동 123-45,010-4972-2479,수영
15694,장예은,37,광주 덕진구 123-45,010-9324-2317,독서
15695,장은우,22,인천 강서구 123-45,010-3445-4725,보드게임
15696,정유진,78,안양 동구 123-45,010-6437-1053,여행
15697,최수빈,29,고양 분당구 123-45,010-4292-1841,웹서핑
15698,정지안,57,고양 기흥구 123-45,010-4218-2391,뜨개질
15699,서시우,27,안양 달서구 123-45,010-7670-2740,일기 쓰기
15700,최서연,72,성남 달서구 123-45,010-6640-7725,영화감상
15701,한현우,24,안양 성동구 123-45,010-2721-5775,수영
15702,장도윤,22,김해 덕양구 123-45,010-1437-6703,보드게임
15703,서소율,23,인천 유성구 123-45,010-2120-7458,등산
15704,한지원,38,포항 흥덕구 123-45,010-4350-4647,독서
15705,김지후,62,서울 신제주 123-45,010-6025-2632,보드게임
15706,장하은,68,대전 남구 123-45,010-8303-9789,유튜브 보기
15707,박유진,37,화성 덕양구 123-45,010-4553-9793,카페 투어
15708,정하은,66,인천 덕양구 123-45,010-8957-2763,웹서핑
15709,윤민수,75,화성 장유동 123-45,010-7957-3885,드로잉
15710,윤태윤,39,안양 강서구 123-45,010-8582-5537,뜨개질
15711,한지안,62,포항 해운대구 123-45,010-5946-6471,자전거 타기
15712,장예은,78,제주 강서구 123-45,010-8839-2672,웹서핑
15713,장예은,47,청주 중구 123-45,010-2486-3055,일기 쓰기
15714,조하윤,51,울산 달서구 123-45,010-7492-1954,여행
15715,조서연,47,화성 남구 123-45,010-9724-7645,영화감상
15716,서도윤,67,대구 해운대구 123-45,010-1587-5023,자전거 타기
15717,윤민수,70,안양 강남구 123-45,010-5026-9620,유튜브 보기
15718,김시우,47,인천 성북구 123-45,010-7232-6401,드로잉
15719,신서준,22,고양 중구 123-45,010-4061-8051,독서
15720,오소율,49,청주 팔달구 123-45,010-6241-5888,드로잉
15721,이유진,55,전주 중구 123-45,010-4211-6108,뜨개질
15722,윤시우,57,청주 서북구 123-45,010-7682-1126,자전거 타기
15723,서서연,27,평택 수성구 123-45,010-5047-7545,사진촬영
15724,신소율,72,전주 남구 123-45,010-6056-9691,독서
15725,윤지후,59,서울 유성구 123-45,010-4351-3937,수영
15726,장민수,63,부산 성북구 123-45,010-2474-3729,보드게임
15727,강유진,76,김해 기흥구 123-45,010-4521-7870,드로잉
15728,박예은,63,전주 남구 123-45,010-5738-7976,유튜브 보기
15729,최서연,42,청주 동구 123-45,010-9280-7409,유튜브 보기
15730,이지원,22,창원 진해구 123-45,010-6688-9930,드로잉
15731,임태윤,67,광주 서구 123-45,010-4234-4356,요리
15732,김수빈,36,세종 해운대구 123-45,010-6974-9639,수영
15733,이도윤,40,부산 성동구 123-45,010-5741-5414,사진촬영
15734,김하은,62,인천 유성구 123-45,010-6084-2568,카페 투어
15735,조민수,46,대전 일산동구 123-45,010-5460-3217,일기 쓰기
15736,신은우,33,화성 서북구 123-45,010-2668-1695,영화감상
15737,임지원,37,서울 흥덕구 123-45,010-4462-3494,음악감상
15738,최건우,58,고양 장유동 123-45,010-1406-5604,여행
15739,장지민,79,안산 신제주 123-45,010-4614-3558,음악감상
15740,이소율,39,천안 남구 123-45,010-4637-5817,게임
15741,최도윤,40,수원 기흥구 123-45,010-7387-4009,웹서핑
15742,이서연,68,평택 장유동 123-45,010-2614-3118,여행
15743,한지민,70,포항 유성구 123-45,010-3400-4530,게임
15744,최수빈,62,용인 해운대구 123-45,010-6215-7725,웹서핑
15745,강시우,38,부산 흥덕구 123-45,010-5139-7977,수영
15746,한수빈,42,포항 북구 123-45,010-1884-5542,웹서핑
15747,최예은,45,수원 신제주 123-45,010-1898-6479,드로잉
15748,임도윤,73,서울 분당구 123-45,010-1651-6563,자전거 타기
15749,장예은,63,안양 달서구 123-45,010-3329-3533,영화감상
15750,신지민,33,포항 수성구 123-45,010-7072-1428,웹서핑
15751,한서준,74,울산 성북구 123-45,010-2244-3331,일기 쓰기
15752,박서연,62,천안 팔달구 123-45,010-5945-9826,수영
15753,조지안,75,세종 남구 123-45,010-2010-5164,운동
15754,박태윤,33,인천 유성구 123-45,010-1787-4983,뜨개질
15755,이서준,43,부산 수성구 123-45,010-4950-3135,보드게임
15756,임하은,39,부산 진해구 123-45,010-1546-6364,보드게임
15757,강도윤,26,청주 신제주 123-45,010-3991-2943,자전거 타기
15758,장지후,57,김해 장유동 123-45,010-3315-6697,사진촬영
15759,서하윤,62,평택 북구 123-45,010-4280-1059,운동
15760,정서연,25,안양 일산동구 123-45,010-4580-8143,뜨개질
15761,오지민,35,용인 덕양구 123-45,010-3992-2902,게임
15762,최건우,27,인천 해운대구 123-45,010-2162-9784,웹서핑
15763,이서연,56,수원 장유동 123-45,010-6947-6391,여행
15764,이하은,64,포항 수성구 123-45,010-3697-2020,영화감상
15765,박서연,44,안산 성동구 123-45,010-2717-8585,여행
15766,최지민,41,부산 강남구 123-45,010-3814-5973,일기 쓰기
15767,정예린,48,안산 해운대구 123-45,010-7645-4003,수영
15768,정지후,43,부산 신제주 123-45,010-9687-6971,음악감상
15769,최하은,75,안양 덕양구 123-45,010-4318-9959,유튜브 보기
15770,박소율,68,부산 송파구 123-45,010-2441-2951,드로잉
15771,윤서준,56,광주 기흥구 123-45,010-4519-1190,수영
15772,신은우,40,성남 성북구 123-45,010-5864-8555,뜨개질
15773,신예은,41,전주 신제주 123-45,010-4164-2113,뜨개질
15774,오서연,68,남양주 남구 123-45,010-1425-8456,영화감상
15775,강태윤,74,성남 분당구 123-45,010-2394-2066,일기 쓰기
15776,오하은,33,인천 서북구 123-45,010-3450-6454,영화감상
15777,장서연,66,대구 중구 123-45,010-3605-3256,유튜브 보기
15778,김건우,33,남양주 일산동구 123-45,010-1136-5110,웹서핑
15779,박현우,63,화성 중구 123-45,010-8844-6165,게임
15780,최건우,27,안산 강남구 123-45,010-4191-4770,여행
15781,강서연,57,제주 일산동구 123-45,010-4907-1410,등산
15782,서하은,38,포항 동구 123-45,010-5389-4426,뜨개질
15783,임지후,43,화성 분당구 123-45,010-7895-4072,여행
15784,오하윤,42,평택 신제주 123-45,010-4974-1888,카페 투어
15785,장지원,43,천안 수성구 123-45,010-4084-1255,보드게임
15786,한건우,40,대전 일산동구 123-45,010-6680-8268,뜨개질
15787,임도윤,66,광주 달서구 123-45,010-5017-3026,수영
15788,강서연,46,부산 서북구 123-45,010-5439-6384,요리
15789,한태윤,33,천안 해운대구 123-45,010-6370-6129,일기 쓰기
15790,강민수,44,전주 팔달구 123-45,010-2793-8852,뜨개질
15791,정지안,64,세종 강남구 123-45,010-8436-3157,등산
15792,장현우,38,포항 성동구 123-45,010-8674-5650,보드게임
15793,서건우,25,울산 북구 123-45,010-8908-4646,카페 투어
15794,장은우,28,안산 북구 123-45,010-2119-9282,보드게임
15795,박현우,24,서울 팔달구 123-45,010-9287-1407,등산
15796,이지후,44,광주 성동구 123-45,010-8983-9501,영화감상
15797,정예린,59,수원 서북구 123-45,010-2593-4616,운동
15798,박예린,36,안산 북구 123-45,010-2877-3013,드로잉
15799,윤현우,31,울산 중구 123-45,010-7921-2377,운동
15800,임은우,78,서울 성북구 123-45,010-9886-9803,등산
15801,김소율,73,안산 성동구 123-45,010-5539-1661,웹서핑
15802,장하은,46,울산 성동구 123-45,010-4888-3390,사진촬영
15803,윤민수,29,김해 기흥구 123-45,010-7444-6787,뜨개질
15804,임태윤,25,청주 덕양구 123-45,010-9351-6074,일기 쓰기
15805,이하은,77,창원 북구 123-45,010-3305-8061,뜨개질
15806,윤건우,64,광주 성북구 123-45,010-1729-1877,유튜브 보기
15807,정하윤,46,대구 덕진구 123-45,010-8639-3173,등산
15808,임지후,69,포항 신제주 123-45,010-5562-2955,웹서핑
15809,한태윤,41,울산 송파구 123-45,010-6131-8450,운동
15810,한하은,31,화성 덕양구 123-45,010-7728-4754,등산
15811,한서연,66,창원 성북구 123-45,010-6738-2494,독서
15812,장지원,57,대구 팔달구 123-45,010-5919-1205,운동
15813,임서준,67,화성 진해구 123-45,010-9009-4811,게임
15814,윤도윤,63,안산 기흥구 123-45,010-2125-4725,뜨개질
15815,김은우,72,안산 흥덕구 123-45,010-8725-6064,뜨개질
15816,박예은,51,인천 팔달구 123-45,010-9039-9938,카페 투어
15817,최도윤,52,세종 장유동 123-45,010-7147-1015,음악감상
15818,조도윤,36,인천 송파구 123-45,010-3609-6077,자전거 타기
15819,정서준,30,안산 송파구 123-45,010-4496-5545,여행
15820,서예린,41,광주 팔달구 123-45,010-2216-1616,보드게임
15821,김민수,79,고양 해운대구 123-45,010-2433-6055,자전거 타기
15822,정예은,22,포항 달서구 123-45,010-6618-2756,영화감상
15823,강서연,38,김해 진해구 123-45,010-1467-3490,요리
15824,정현우,68,천안 남구 123-45,010-5731-1361,유튜브 보기
15825,김소율,70,광주 유성구 123-45,010-5972-4507,뜨개질
15826,김서준,56,울산 동구 123-45,010-9041-3520,카페 투어
15827,박소율,25,광주 덕진구 123-45,010-2199-5035,사진촬영
15828,장지안,44,안양 신제주 123-45,010-9849-6643,여행
15829,오예은,35,김해 신제주 123-45,010-4618-6603,보드게임
15830,신도윤,72,서울 달서구 123-45,010-3215-1018,사진촬영
15831,정서연,70,광주 분당구 123-45,010-3002-4971,영화감상
15832,오수빈,33,용인 유성구 123-45,010-5745-8518,웹서핑
15833,조도윤,55,제주 서구 123-45,010-1604-3926,자전거 타기
15834,조시우,24,화성 흥덕구 123-45,010-5459-4554,음악감상
15835,박민수,23,대구 덕진구 123-45,010-9405-6444,등산
15836,김하윤,70,평택 성북구 123-45,010-5346-8236,드로잉
15837,정건우,54,세종 해운대구 123-45,010-7987-2181,자전거 타기
15838,서도윤,65,제주 서북구 123-45,010-2772-5479,카페 투어
15839,장소율,54,남양주 달서구 123-45,010-6617-2948,사진촬영
15840,이유진,56,포항 중구 123-45,010-9262-1324,유튜브 보기
15841,조건우,24,제주 중구 123-45,010-9429-6425,여행
15842,최시우,54,용인 덕진구 123-45,010-6140-2802,일기 쓰기
15843,신시우,52,화성 성동구 123-45,010-9596-7868,독서
15844,신현우,67,청주 진해구 123-45,010-6084-2501,유튜브 보기
15845,서예은,48,고양 해운대구 123-45,010-3347-5600,독서
15846,서예린,21,안산 성동구 123-45,010-8762-6420,요리
15847,이시우,41,안산 수성구 123-45,010-7216-3708,보드게임
15848,강지안,51,창원 달서구 123-45,010-5851-5304,웹서핑
15849,장지후,48,광주 서구 123-45,010-7910-2770,드로잉
15850,장민수,28,울산 기흥구 123-45,010-1518-8275,유튜브 보기
15851,서서연,25,화성 북구 123-45,010-9099-2556,자전거 타기
15852,박은우,48,청주 수성구 123-45,010-6589-5157,수영
15853,한유진,70,부산 북구 123-45,010-3661-6817,보드게임
15854,박하윤,76,안양 진해구 123-45,010-5039-7271,운동
15855,박지후,52,전주 신제주 123-45,010-1319-6155,자전거 타기
15856,오지민,54,제주 덕양구 123-45,010-7233-2604,운동
15857,한도윤,23,세종 흥덕구 123-45,010-3431-6579,유튜브 보기
15858,한서준,53,대전 북구 123-45,010-4871-5594,독서
15859,조은우,29,광주 진해구 123-45,010-6163-6603,카페 투어
15860,최시우,28,부산 북구 123-45,010-9471-6540,영화감상
15861,김은우,55,전주 팔달구 123-45,010-2966-6410,유튜브 보기
15862,장하윤,35,평택 서구 123-45,010-4077-9850,등산
15863,윤유진,69,포항 북구 123-45,010-1831-1114,운동
15864,김서준,51,성남 해운대구 123-45,010-6207-9750,유튜브 보기
15865,김하은,29,포항 서구 123-45,010-3993-8620,보드게임
15866,신지민,69,평택 진해구 123-45,010-6634-8001,드로잉
15867,서하윤,44,세종 서북구 123-45,010-4578-4257,등산
15868,김은우,63,인천 유성구 123-45,010-6025-4370,유튜브 보기
15869,박서준,39,김해 중구 123-45,010-2688-6569,일기 쓰기
15870,강건우,25,전주 덕양구 123-45,010-4500-5357,드로잉
15871,장건우,46,남양주 남구 123-45,010-2038-8719,드로잉
15872,신하윤,20,용인 동구 123-45,010-5494-5656,게임
15873,윤태윤,31,광주 수성구 123-45,010-1211-1275,일기 쓰기
15874,이태윤,65,대전 장유동 123-45,010-2084-9119,영화감상
15875,윤소율,47,세종 성동구 123-45,010-2594-5846,게임
15876,이지안,57,안산 서구 123-45,010-4628-1216,유튜브 보기
15877,조민수,70,서울 강서구 123-45,010-8402-7873,자전거 타기
15878,이서준,22,세종 기흥구 123-45,010-4010-7838,드로잉
15879,박도윤,42,서울 유성구 123-45,010-9078-1796,유튜브 보기
15880,신유진,52,부산 신제주 123-45,010-6892-1082,등산
15881,강지민,40,울산 성동구 123-45,010-3085-4850,뜨개질
15882,박하은,32,청주 일산동구 123-45,010-2886-4188,드로잉
15883,윤지안,53,천안 수성구 123-45,010-6538-1386,유튜브 보기
15884,윤지민,75,제주 성동구 123-45,010-6270-6333,등산
15885,김유진,21,남양주 성동구 123-45,010-3532-9279,카페 투어
15886,한시우,51,대전 강서구 123-45,010-1233-2727,보드게임
15887,한예은,62,창원 팔달구 123-45,010-7239-6248,보드게임
15888,조지후,79,남양주 해운대구 123-45,010-4123-7706,보드게임
15889,조서준,72,화성 유성구 123-45,010-1231-3424,게임
15890,임현우,42,부산 중구 123-45,010-1089-1600,요리
15891,이서연,54,수원 송파구 123-45,010-8891-1206,뜨개질
15892,최하윤,64,성남 분당구 123-45,010-7097-4289,자전거 타기
15893,최소율,59,서울 유성구 123-45,010-5886-2365,영화감상
15894,최유진,62,서울 기흥구 123-45,010-5408-9839,등산
15895,서하윤,36,천안 송파구 123-45,010-3655-7132,게임
15896,이소율,22,전주 신제주 123-45,010-4754-6058,영화감상
15897,강수빈,20,안산 중구 123-45,010-3650-8301,요리
15898,서도윤,71,인천 서북구 123-45,010-5124-5596,유튜브 보기
15899,신현우,58,창원 진해구 123-45,010-1212-7553,웹서핑
15900,한지원,36,김해 덕진구 123-45,010-1637-1805,카페 투어
15901,정지안,48,포항 분당구 123-45,010-7889-7321,여행
15902,서서연,29,김해 신제주 123-45,010-3623-5606,음악감상
15903,장하윤,46,서울 북구 123-45,010-6384-3351,운동
15904,윤태윤,27,인천 유성구 123-45,010-5737-8513,유튜브 보기
15905,최건우,26,남양주 기흥구 123-45,010-1957-6098,유튜브 보기
15906,서수빈,64,평택 유성구 123-45,010-4504-4031,요리
15907,정현우,65,대전 서북구 123-45,010-2980-6292,유튜브 보기
15908,강민수,52,남양주 서북구 123-45,010-7264-3984,등산
15909,윤수빈,36,광주 서구 123-45,010-6116-6726,요리
15910,김하윤,47,세종 북구 123-45,010-8351-9845,운동
15911,임서연,75,수원 강남구 123-45,010-7793-6961,운동
15912,강도윤,76,세종 흥덕구 123-45,010-5641-7136,뜨개질
15913,임지안,52,안양 동구 123-45,010-4152-2349,영화감상
15914,오지민,72,전주 서구 123-45,010-4427-3681,카페 투어
15915,조시우,24,서울 분당구 123-45,010-8294-6133,독서
15916,신하윤,78,제주 강서구 123-45,010-3740-6010,영화감상
15917,오은우,67,전주 장유동 123-45,010-1991-2769,카페 투어
15918,서현우,57,평택 흥덕구 123-45,010-9214-7987,드로잉
15919,김서준,24,천안 장유동 123-45,010-1170-4634,일기 쓰기
15920,오지후,41,제주 수성구 123-45,010-4649-5301,게임
15921,윤태윤,45,창원 남구 123-45,010-1851-1672,여행
15922,윤하윤,23,수원 서북구 123-45,010-9175-4634,웹서핑
15923,한하은,38,서울 서구 123-45,010-3863-1942,카페 투어
15924,박태윤,48,울산 흥덕구 123-45,010-8440-9755,보드게임
15925,임유진,78,대전 덕양구 123-45,010-1091-7564,운동
15926,정시우,50,평택 중구 123-45,010-9686-5080,운동
15927,최지후,55,서울 일산동구 123-45,010-5188-5890,수영
15928,서수빈,72,대전 동구 123-45,010-3865-1538,여행
15929,최시우,26,성남 진해구 123-45,010-3055-3835,수영
15930,이시우,45,포항 남구 123-45,010-6643-4667,수영
15931,최민수,79,천안 강서구 123-45,010-5017-8198,수영
15932,윤하은,49,성남 유성구 123-45,010-6892-7171,웹서핑
15933,박도윤,44,김해 장유동 123-45,010-2303-2765,일기 쓰기
15934,김태윤,25,서울 성북구 123-45,010-2623-1324,운동
15935,강수빈,62,수원 팔달구 123-45,010-1598-3170,자전거 타기
15936,임서준,35,서울 일산동구 123-45,010-3473-7526,운동
15937,최태윤,77,고양 일산동구 123-45,010-8378-6988,뜨개질
15938,박지후,67,용인 장유동 123-45,010-9416-6403,사진촬영
15939,김지원,56,제주 성동구 123-45,010-7466-1765,드로잉
15940,오지안,74,안양 남구 123-45,010-4240-3363,사진촬영
15941,박건우,74,인천 팔달구 123-45,010-4738-9487,자전거 타기
15942,신도윤,29,평택 중구 123-45,010-6263-7536,보드게임
15943,정하윤,52,남양주 분당구 123-45,010-9072-8529,자전거 타기
15944,조수빈,21,창원 덕진구 123-45,010-2041-7026,수영
15945,서지원,32,전주 팔달구 123-45,010-7823-5133,보드게임
15946,윤지민,28,대전 덕양구 123-45,010-8620-8314,등산
15947,강현우,59,세종 덕진구 123-45,010-2077-6124,등산
15948,김서연,73,용인 해운대구 123-45,010-4709-8282,요리
15949,조예은,38,대구 분당구 123-45,010-7287-6151,수영
15950,서유진,75,성남 강남구 123-45,010-1928-3378,수영
15951,한지안,73,제주 서북구 123-45,010-9362-2871,자전거 타기
15952,신도윤,74,대전 북구 123-45,010-5522-5948,웹서핑
15953,임은우,27,세종 덕진구 123-45,010-2003-8653,등산
15954,박도윤,28,인천 장유동 123-45,010-2073-9792,여행
15955,강하은,66,청주 수성구 123-45,010-5791-7138,일기 쓰기
15956,임지민,64,포항 신제주 123-45,010-1210-3264,웹서핑
15957,정하은,54,전주 중구 123-45,010-3291-2335,영화감상
15958,윤건우,65,창원 성북구 123-45,010-1393-5436,요리
15959,김하은,74,전주 분당구 123-45,010-3140-1484,사진촬영
15960,최지안,55,서울 달서구 123-45,010-9251-2822,여행
15961,정서연,20,화성 달서구 123-45,010-7919-8316,자전거 타기
15962,신하은,75,제주 북구 123-45,010-1438-6078,카페 투어
15963,김지안,49,화성 덕양구 123-45,010-6938-4519,자전거 타기
15964,조서준,58,수원 중구 123-45,010-6271-9798,여행
15965,오유진,29,포항 성북구 123-45,010-6408-2766,여행
15966,한태윤,30,평택 송파구 123-45,010-3978-5606,여행
15967,강도윤,58,인천 남구 123-45,010-4927-9041,일기 쓰기
15968,박하은,59,창원 성동구 123-45,010-4413-1023,게임
15969,강지원,29,대구 기흥구 123-45,010-4956-2275,사진촬영
15970,강하은,46,김해 송파구 123-45,010-1996-8795,뜨개질
15971,임소율,42,천안 흥덕구 123-45,010-3765-7899,수영
15972,오하윤,56,세종 진해구 123-45,010-4500-3450,뜨개질
15973,임지민,79,울산 중구 123-45,010-4213-2252,운동
15974,정은우,58,성남 송파구 123-45,010-9924-8238,음악감상
15975,신지안,25,천안 기흥구 123-45,010-9626-1597,드로잉
15976,강서연,74,남양주 진해구 123-45,010-7574-7383,수영
15977,이예은,65,인천 달서구 123-45,010-7577-5760,등산
15978,서시우,43,세종 덕양구 123-45,010-3177-9951,등산
15979,한시우,63,성남 일산동구 123-45,010-2600-7991,웹서핑
15980,정시우,76,대구 분당구 123-45,010-2658-5710,여행
15981,이태윤,77,성남 유성구 123-45,010-7130-2985,일기 쓰기
15982,윤태윤,45,제주 흥덕구 123-45,010-8853-1998,뜨개질
15983,서하은,39,청주 해운대구 123-45,010-4757-5056,뜨개질
15984,이민수,68,제주 강서구 123-45,010-3456-1511,자전거 타기
15985,이지안,32,평택 남구 123-45,010-4167-4693,사진촬영
15986,서도윤,64,용인 일산동구 123-45,010-9263-6403,일기 쓰기
15987,최지민,43,광주 성북구 123-45,010-2387-8658,요리
15988,이도윤,60,인천 성동구 123-45,010-5888-6914,독서
15989,조민수,70,안산 강남구 123-45,010-5967-2310,사진촬영
15990,한지안,72,대구 송파구 123-45,010-7471-3469,유튜브 보기
15991,조태윤,49,부산 장유동 123-45,010-3225-1243,영화감상
15992,서지안,29,포항 수성구 123-45,010-2858-5702,사진촬영
15993,장하윤,62,울산 일산동구 123-45,010-2724-2074,유튜브 보기
15994,한도윤,57,광주 달서구 123-45,010-1685-8157,독서
15995,장서연,58,용인 신제주 123-45,010-2991-6380,여행
15996,서태윤,27,평택 덕진구 123-45,010-8718-8012,웹서핑
15997,오지안,26,대구 송파구 123-45,010-2149-2418,카페 투어
15998,한태윤,58,부산 일산동구 123-45,010-7633-4547,유튜브 보기
15999,강하은,42,안산 장유동 123-45,010-7317-1292,자전거 타기
16000,정지원,54,안양 서구 123-45,010-5268-7868,요리
16001,강서연,60,포항 유성구 123-45,010-9634-5053,일기 쓰기
16002,신유진,60,성남 서구 123-45,010-2724-3071,여행
16003,조지안,33,제주 덕진구 123-45,010-3355-5021,독서
16004,강서준,38,대전 장유동 123-45,010-4757-5110,뜨개질
16005,박예은,77,남양주 북구 123-45,010-7019-7117,게임
16006,오유진,23,울산 서구 123-45,010-6348-3817,음악감상
16007,서민수,26,대구 팔달구 123-45,010-6169-8261,보드게임
16008,윤하은,70,화성 덕진구 123-45,010-6719-9769,카페 투어
16009,임지민,37,대전 덕양구 123-45,010-3360-1864,독서
16010,조지후,67,남양주 달서구 123-45,010-2810-6920,카페 투어
16011,조민수,50,부산 강서구 123-45,010-6575-4293,수영
16012,김시우,43,화성 강남구 123-45,010-3299-4927,등산
16013,최현우,79,전주 달서구 123-45,010-1465-3135,여행
16014,임유진,44,수원 일산동구 123-45,010-2935-4710,여행
16015,김서연,73,전주 신제주 123-45,010-2069-8821,뜨개질
16016,이지민,37,대전 흥덕구 123-45,010-4162-8318,수영
16017,박지후,69,부산 강남구 123-45,010-5055-5426,음악감상
16018,김은우,29,전주 일산동구 123-45,010-6225-7561,자전거 타기
16019,최은우,27,서울 서북구 123-45,010-5131-4829,일기 쓰기
16020,한유진,52,청주 흥덕구 123-45,010-1186-6799,드로잉
16021,박지안,73,광주 해운대구 123-45,010-5832-9049,게임
16022,한수빈,27,제주 신제주 123-45,010-3402-3274,요리
16023,박서준,48,포항 달서구 123-45,010-7921-9261,독서
16024,최하윤,20,대구 동구 123-45,010-7701-7810,유튜브 보기
16025,임소율,56,고양 강남구 123-45,010-7949-3971,요리
16026,한수빈,51,광주 중구 123-45,010-6632-6000,카페 투어
16027,정건우,56,청주 성동구 123-45,010-5352-3108,영화감상
16028,김현우,76,포항 강남구 123-45,010-7713-2678,보드게임
16029,조지후,58,창원 해운대구 123-45,010-6775-3282,게임
16030,서건우,66,광주 달서구 123-45,010-3837-5477,게임
16031,한수빈,30,울산 팔달구 123-45,010-2246-5252,일기 쓰기
16032,강유진,38,광주 흥덕구 123-45,010-2752-2621,유튜브 보기
16033,한서연,75,수원 동구 123-45,010-3660-1420,일기 쓰기
16034,윤시우,67,포항 흥덕구 123-45,010-1848-8095,여행
16035,김도윤,43,남양주 덕진구 123-45,010-2949-6227,보드게임
16036,신서준,72,수원 장유동 123-45,010-4257-3437,뜨개질
16037,이하은,75,부산 덕진구 123-45,010-9869-6946,드로잉
16038,임민수,61,화성 북구 123-45,010-4480-1599,카페 투어
16039,조소율,71,성남 성동구 123-45,010-6947-8850,보드게임
16040,서예린,79,안산 서북구 123-45,010-8420-6047,요리
16041,한지안,25,인천 중구 123-45,010-3419-9771,카페 투어
16042,최건우,71,서울 해운대구 123-45,010-9999-5853,보드게임
16043,조지후,30,청주 강남구 123-45,010-4250-4896,여행
16044,조서준,42,천안 덕진구 123-45,010-3344-4259,보드게임
16045,김현우,46,울산 강남구 123-45,010-7541-1697,게임
16046,임지원,26,대전 덕양구 123-45,010-1420-4073,영화감상
16047,박지후,47,안산 동구 123-45,010-9545-6727,운동
16048,임지민,67,세종 남구 123-45,010-1119-9233,등산
16049,김지안,34,안산 기흥구 123-45,010-1378-3410,여행
16050,조시우,58,전주 달서구 123-45,010-7671-5131,요리
16051,강태윤,36,수원 흥덕구 123-45,010-1735-5517,등산
16052,강하은,56,김해 기흥구 123-45,010-1816-1248,독서
16053,강지원,29,평택 흥덕구 123-45,010-8596-5416,웹서핑
16054,신예린,59,김해 진해구 123-45,010-3896-2482,유튜브 보기
16055,최서연,35,성남 진해구 123-45,010-1710-2635,등산
16056,이건우,34,고양 동구 123-45,010-8955-1706,유튜브 보기
16057,강시우,71,부산 팔달구 123-45,010-5538-9105,보드게임
16058,오태윤,20,수원 서북구 123-45,010-3991-3703,음악감상
16059,조지원,49,부산 송파구 123-45,010-7501-7801,요리
16060,김수빈,57,고양 팔달구 123-45,010-5737-1125,요리
16061,조지민,67,대구 동구 123-45,010-2228-2990,자전거 타기
16062,김건우,63,인천 기흥구 123-45,010-1532-3491,영화감상
16063,김건우,38,대전 달서구 123-45,010-1196-9551,웹서핑
16064,서하은,25,수원 수성구 123-45,010-5112-4146,보드게임
16065,이태윤,30,광주 흥덕구 123-45,010-4978-1238,요리
16066,신하은,22,부산 팔달구 123-45,010-2544-7427,사진촬영
16067,윤예린,29,포항 장유동 123-45,010-8259-9844,게임
16068,임수빈,70,화성 성북구 123-45,010-8713-8992,일기 쓰기
16069,임수빈,20,창원 덕양구 123-45,010-6244-3299,보드게임
16070,서서연,58,평택 서구 123-45,010-1033-5682,여행
16071,서소율,40,화성 유성구 123-45,010-2906-4226,독서
16072,강하은,71,광주 성동구 123-45,010-6156-3545,등산
16073,이도윤,45,남양주 유성구 123-45,010-4466-6579,자전거 타기
16074,정서연,47,전주 장유동 123-45,010-3456-2543,등산
16075,강지안,77,용인 분당구 123-45,010-4569-4895,음악감상
16076,오지안,37,부산 남구 123-45,010-8506-2035,수영
16077,강수빈,69,안산 기흥구 123-45,010-4068-2767,일기 쓰기
16078,최서준,68,전주 팔달구 123-45,010-4254-9953,독서
16079,장지후,61,대전 신제주 123-45,010-5896-2868,뜨개질
16080,정시우,45,대전 중구 123-45,010-5809-2584,음악감상
16081,장지후,71,대구 진해구 123-45,010-1386-2743,독서
16082,최서준,39,김해 기흥구 123-45,010-1313-6441,사진촬영
16083,강지안,40,안양 분당구 123-45,010-3679-9049,사진촬영
16084,윤지후,20,부산 흥덕구 123-45,010-1259-9126,등산
16085,최서연,65,인천 해운대구 123-45,010-4508-1971,일기 쓰기
16086,김지원,70,세종 유성구 123-45,010-8203-2655,카페 투어
16087,강예린,26,창원 덕양구 123-45,010-2535-9229,자전거 타기
16088,장서연,37,광주 신제주 123-45,010-5870-3021,자전거 타기
16089,오지원,69,천안 기흥구 123-45,010-1203-1034,게임
16090,박지후,50,김해 수성구 123-45,010-5242-5363,웹서핑
16091,오서연,62,성남 분당구 123-45,010-2918-6554,요리
16092,임지후,39,전주 북구 123-45,010-8500-4215,등산
16093,윤하윤,68,창원 성동구 123-45,010-8989-5638,음악감상
16094,서서연,71,화성 덕진구 123-45,010-3200-8452,운동
16095,정지안,74,고양 진해구 123-45,010-4109-6750,요리
16096,서태윤,25,창원 흥덕구 123-45,010-3291-1771,영화감상
16097,오서연,53,천안 진해구 123-45,010-7068-6069,유튜브 보기
16098,박소율,69,화성 중구 123-45,010-4060-5163,사진촬영
16099,신유진,76,천안 북구 123-45,010-3765-7738,등산
16100,서수빈,40,김해 수성구 123-45,010-5837-4640,일기 쓰기
16101,정서연,58,인천 신제주 123-45,010-1854-6040,뜨개질
16102,최시우,47,대구 송파구 123-45,010-7485-5393,여행
16103,이서준,25,포항 일산동구 123-45,010-5524-7486,보드게임
16104,신유진,56,고양 달서구 123-45,010-2409-3127,게임
16105,한지후,53,대구 기흥구 123-45,010-3213-8614,뜨개질
16106,강하윤,27,수원 동구 123-45,010-3661-3620,보드게임
16107,강서준,29,화성 해운대구 123-45,010-1012-2618,요리
16108,이도윤,37,김해 해운대구 123-45,010-9031-4888,운동
16109,박수빈,28,안산 신제주 123-45,010-8991-4673,영화감상
16110,최도윤,75,안산 송파구 123-45,010-1683-8444,영화감상
16111,김수빈,47,대구 북구 123-45,010-9068-1341,유튜브 보기
16112,장도윤,46,창원 수성구 123-45,010-3407-1467,자전거 타기
16113,한지안,69,천안 서북구 123-45,010-8254-4287,유튜브 보기
16114,김수빈,56,창원 달서구 123-45,010-1863-6587,게임
16115,최서준,33,청주 중구 123-45,010-7675-1521,카페 투어
16116,정하윤,28,화성 서구 123-45,010-1993-7527,등산
16117,박예린,76,창원 장유동 123-45,010-5745-2114,드로잉
16118,신민수,61,김해 서북구 123-45,010-1497-7887,게임
16119,신하윤,37,인천 팔달구 123-45,010-3875-3604,운동
16120,최태윤,28,용인 분당구 123-45,010-7389-1085,수영
16121,이하은,59,남양주 성북구 123-45,010-3192-4392,요리
16122,정현우,20,남양주 흥덕구 123-45,010-1329-6074,운동
16123,박지원,52,세종 신제주 123-45,010-3083-6695,웹서핑
16124,조도윤,36,수원 성동구 123-45,010-3715-1278,자전거 타기
16125,박지후,24,인천 남구 123-45,010-2539-3786,보드게임
16126,서도윤,39,남양주 성동구 123-45,010-5551-3922,보드게임
16127,정소율,50,창원 중구 123-45,010-4467-6713,운동
16128,정예린,52,광주 유성구 123-45,010-8771-2127,유튜브 보기
16129,임하윤,57,성남 성북구 123-45,010-3409-7775,보드게임
16130,한건우,28,세종 강남구 123-45,010-6340-2168,운동
16131,서하윤,62,세종 서구 123-45,010-4179-4004,일기 쓰기
16132,윤예은,58,서울 덕양구 123-45,010-4573-9243,일기 쓰기
16133,조서준,24,성남 성북구 123-45,010-2412-1265,수영
16134,김지민,21,대전 성동구 123-45,010-8318-7363,자전거 타기
16135,정은우,26,용인 동구 123-45,010-2515-7958,요리
16136,장건우,40,성남 강서구 123-45,010-2890-3121,수영
16137,서소율,58,광주 중구 123-45,010-5372-1974,사진촬영
16138,오민수,26,제주 신제주 123-45,010-7326-7413,음악감상
16139,이건우,28,남양주 성북구 123-45,010-5059-2161,뜨개질
16140,강예린,56,안양 신제주 123-45,010-4864-5376,영화감상
16141,장지후,66,세종 해운대구 123-45,010-3559-8279,게임
16142,신소율,45,광주 신제주 123-45,010-2653-6876,독서
16143,서수빈,37,광주 팔달구 123-45,010-3539-6243,일기 쓰기
16144,김도윤,20,화성 장유동 123-45,010-7929-9977,운동
16145,최예린,34,청주 덕양구 123-45,010-3230-3140,여행
16146,서하은,56,광주 장유동 123-45,010-8569-9665,자전거 타기
16147,윤예은,45,수원 중구 123-45,010-1436-5028,뜨개질
16148,강시우,37,화성 성동구 123-45,010-7195-3780,드로잉
16149,이시우,28,부산 성북구 123-45,010-2553-1637,보드게임
16150,서지민,65,제주 달서구 123-45,010-1028-1044,여행
16151,한시우,76,고양 유성구 123-45,010-2444-1390,카페 투어
16152,정건우,38,화성 덕진구 123-45,010-6992-3225,웹서핑
16153,강지민,65,수원 기흥구 123-45,010-8216-2737,유튜브 보기
16154,오지원,66,화성 강남구 123-45,010-3732-4165,수영
16155,강태윤,25,수원 중구 123-45,010-2172-9087,등산
16156,조소율,57,전주 기흥구 123-45,010-6094-5408,사진촬영
16157,박지민,65,고양 일산동구 123-45,010-9820-1530,영화감상
16158,임지원,44,세종 일산동구 123-45,010-2067-5531,등산
16159,정건우,26,광주 유성구 123-45,010-4749-4537,웹서핑
16160,강하은,72,광주 북구 123-45,010-9263-1008,일기 쓰기
16161,윤현우,32,대구 송파구 123-45,010-2947-1454,자전거 타기
16162,최현우,42,남양주 중구 123-45,010-8631-2536,일기 쓰기
16163,강예린,65,천안 유성구 123-45,010-6213-5970,운동
16164,임시우,28,대구 북구 123-45,010-9938-6363,영화감상
16165,김지후,45,남양주 중구 123-45,010-1399-2070,운동
16166,신지안,78,천안 남구 123-45,010-3474-4154,카페 투어
16167,조예은,67,청주 송파구 123-45,010-5358-9739,드로잉
16168,오소율,49,제주 중구 123-45,010-4310-7623,일기 쓰기
16169,오서준,22,평택 일산동구 123-45,010-4422-2289,여행
16170,정소율,46,부산 동구 123-45,010-2163-5786,요리
16171,오소율,76,창원 송파구 123-45,010-7654-7619,드로잉
16172,서예린,59,광주 성동구 123-45,010-7485-7597,드로잉
16173,신시우,21,포항 유성구 123-45,010-2482-2913,카페 투어
16174,오건우,63,수원 서북구 123-45,010-9642-6112,자전거 타기
16175,서하은,31,부산 성동구 123-45,010-9791-9436,여행
16176,정하윤,57,창원 덕진구 123-45,010-1318-5212,수영
16177,오하은,59,전주 덕진구 123-45,010-1026-9860,수영
16178,한하은,65,안산 강남구 123-45,010-3375-1771,자전거 타기
16179,한지후,25,창원 해운대구 123-45,010-5440-5668,카페 투어
16180,윤하윤,53,안산 유성구 123-45,010-3881-1982,여행
16181,정예은,40,제주 성북구 123-45,010-9645-1404,뜨개질
16182,최예은,20,김해 흥덕구 123-45,010-3506-7453,영화감상
16183,윤수빈,39,안양 중구 123-45,010-9720-4148,영화감상
16184,이시우,77,남양주 분당구 123-45,010-7158-1305,유튜브 보기
16185,최건우,27,창원 성동구 123-45,010-7221-2703,보드게임
16186,최소율,32,대구 장유동 123-45,010-5931-9500,요리
16187,조예은,67,대전 장유동 123-45,010-5201-8828,게임
16188,강은우,66,세종 흥덕구 123-45,010-5885-2702,보드게임
16189,정도윤,26,용인 흥덕구 123-45,010-6313-5502,보드게임
16190,최서연,48,전주 기흥구 123-45,010-7458-2609,카페 투어
16191,박민수,78,안산 분당구 123-45,010-4898-7548,카페 투어
16192,최지원,32,창원 서북구 123-45,010-1479-5045,음악감상
16193,한하윤,71,세종 성동구 123-45,010-8161-9200,독서
16194,오예린,69,전주 유성구 123-45,010-1879-4596,카페 투어
16195,윤유진,55,제주 기흥구 123-45,010-3347-8731,독서
16196,서은우,62,고양 동구 123-45,010-3874-5862,음악감상
16197,장하윤,27,남양주 남구 123-45,010-4525-1015,여행
16198,김태윤,39,김해 성동구 123-45,010-1203-5629,자전거 타기
16199,박지후,44,창원 강서구 123-45,010-4996-4691,음악감상
16200,강건우,30,서울 송파구 123-45,010-3383-2729,뜨개질
16201,서하윤,22,용인 성동구 123-45,010-6077-5353,여행
16202,서유진,50,서울 덕양구 123-45,010-2884-9299,드로잉
16203,정도윤,75,세종 서구 123-45,010-2277-5090,운동
16204,장서준,46,제주 장유동 123-45,010-4607-3413,영화감상
16205,임도윤,28,안양 유성구 123-45,010-8241-1671,자전거 타기
16206,신서준,78,김해 팔달구 123-45,010-1363-4479,웹서핑
16207,서지원,61,용인 성북구 123-45,010-6534-3481,여행
16208,한소율,31,울산 기흥구 123-45,010-4056-3499,게임
16209,조지후,24,천안 성북구 123-45,010-7354-7313,드로잉
16210,조태윤,30,화성 동구 123-45,010-9993-8233,웹서핑
16211,김건우,50,청주 남구 123-45,010-7400-1768,일기 쓰기
16212,박건우,33,안양 남구 123-45,010-9995-6227,일기 쓰기
16213,장서준,75,수원 신제주 123-45,010-2502-5511,카페 투어
16214,한건우,71,포항 해운대구 123-45,010-5644-4209,여행
16215,장지원,62,평택 덕진구 123-45,010-4417-6974,요리
16216,정시우,39,서울 진해구 123-45,010-7833-2653,유튜브 보기
16217,서현우,30,청주 송파구 123-45,010-8454-5848,영화감상
16218,박현우,53,성남 달서구 123-45,010-7870-2407,유튜브 보기
16219,조예은,64,전주 성동구 123-45,010-6346-4245,수영
16220,김서연,79,대전 성북구 123-45,010-6265-9489,사진촬영
16221,서시우,42,김해 성북구 123-45,010-6731-8262,보드게임
16222,오지원,52,부산 성북구 123-45,010-9438-2483,사진촬영
16223,박서준,49,세종 분당구 123-45,010-4164-1843,카페 투어
16224,오은우,67,서울 남구 123-45,010-2666-3566,운동
16225,김하윤,62,창원 수성구 123-45,010-3531-2343,운동
16226,오지원,64,안산 서구 123-45,010-6563-6676,여행
16227,조하윤,34,남양주 성북구 123-45,010-7061-7385,카페 투어
16228,한예린,20,인천 흥덕구 123-45,010-1094-6069,보드게임
16229,신수빈,37,창원 성북구 123-45,010-5271-1500,사진촬영
16230,조시우,41,부산 유성구 123-45,010-1447-6883,등산
16231,조지원,33,부산 수성구 123-45,010-9679-3375,뜨개질
16232,최지안,58,화성 팔달구 123-45,010-8356-1534,사진촬영
16233,강지원,66,부산 중구 123-45,010-3816-8796,뜨개질
16234,이예린,54,대구 분당구 123-45,010-8737-9816,수영
16235,장소율,42,평택 달서구 123-45,010-3640-7669,일기 쓰기
16236,오민수,49,세종 강서구 123-45,010-7708-9153,유튜브 보기
16237,신하윤,34,안양 덕진구 123-45,010-2781-8649,일기 쓰기
16238,오도윤,52,울산 달서구 123-45,010-1529-6075,카페 투어
16239,한건우,67,창원 서북구 123-45,010-5250-7242,여행
16240,한시우,40,서울 서북구 123-45,010-3854-2470,웹서핑
16241,임하윤,73,서울 송파구 123-45,010-6693-5361,요리
16242,이도윤,79,화성 일산동구 123-45,010-9671-2916,요리
16243,조하윤,74,안양 덕양구 123-45,010-9796-3192,요리
16244,박유진,53,서울 팔달구 123-45,010-4250-2613,자전거 타기
16245,조소율,31,대전 성북구 123-45,010-8066-9054,운동
16246,오민수,55,수원 성동구 123-45,010-9923-7642,일기 쓰기
16247,오유진,41,대전 덕진구 123-45,010-7014-1733,여행
16248,신지후,54,서울 해운대구 123-45,010-8264-2365,자전거 타기
16249,박수빈,28,광주 동구 123-45,010-8627-4038,요리
16250,윤시우,79,제주 중구 123-45,010-8797-4982,보드게임
16251,장예은,34,안산 강남구 123-45,010-4855-5202,자전거 타기
16252,서현우,36,전주 중구 123-45,010-3248-5399,여행
16253,임민수,71,인천 장유동 123-45,010-1320-1674,일기 쓰기
16254,최도윤,21,수원 분당구 123-45,010-1485-6016,수영
16255,박태윤,69,울산 송파구 123-45,010-2489-9518,일기 쓰기
16256,윤민수,75,안양 남구 123-45,010-7002-9667,여행
16257,박하윤,21,천안 장유동 123-45,010-3769-2977,수영
16258,장서준,35,대전 신제주 123-45,010-1395-6408,독서
16259,강서연,76,세종 동구 123-45,010-8299-6027,요리
16260,오예린,22,성남 덕진구 123-45,010-4078-2081,수영
16261,강도윤,30,포항 서구 123-45,010-3582-8317,영화감상
16262,서유진,38,천안 덕양구 123-45,010-6688-6246,드로잉
16263,강도윤,42,대전 해운대구 123-45,010-7117-6655,카페 투어
16264,김예은,39,제주 서북구 123-45,010-1173-8136,뜨개질
16265,최은우,50,안산 달서구 123-45,010-3351-5180,운동
16266,신시우,74,서울 북구 123-45,010-1666-5665,요리
16267,임건우,46,김해 서구 123-45,010-5223-4684,음악감상
16268,윤건우,68,용인 강남구 123-45,010-7733-1914,음악감상
16269,임하윤,57,수원 서구 123-45,010-6580-9943,보드게임
16270,임유진,54,세종 분당구 123-45,010-9386-2763,유튜브 보기
16271,박예린,73,평택 기흥구 123-45,010-5882-1048,뜨개질
16272,김예은,26,전주 강남구 123-45,010-3191-6917,뜨개질
16273,박지후,35,울산 북구 123-45,010-7989-5566,음악감상
16274,한예은,64,고양 달서구 123-45,010-2353-2146,일기 쓰기
16275,조서준,47,서울 해운대구 123-45,010-3572-8267,일기 쓰기
16276,윤건우,69,부산 해운대구 123-45,010-3892-4234,게임
16277,서하윤,43,전주 달서구 123-45,010-1818-7129,일기 쓰기
16278,장수빈,46,울산 중구 123-45,010-4053-6383,카페 투어
16279,김현우,52,인천 달서구 123-45,010-8454-4751,독서
16280,오유진,24,안산 기흥구 123-45,010-8394-1305,보드게임
16281,최예린,38,제주 남구 123-45,010-4452-4599,독서
16282,임유진,65,제주 서구 123-45,010-8656-9089,음악감상
16283,김지후,51,안양 팔달구 123-45,010-6440-4258,영화감상
16284,임서준,29,청주 해운대구 123-45,010-5779-4225,드로잉
16285,이태윤,68,평택 장유동 123-45,010-2257-2066,영화감상
16286,오지원,29,안산 강남구 123-45,010-7313-2538,요리
16287,서하윤,33,대구 수성구 123-45,010-8123-4438,일기 쓰기
16288,최도윤,70,남양주 성동구 123-45,010-1502-9444,일기 쓰기
16289,장하윤,77,대전 덕양구 123-45,010-5587-6200,일기 쓰기
16290,서시우,66,대구 팔달구 123-45,010-3623-2120,뜨개질
16291,강예은,79,대전 북구 123-45,010-6309-5521,보드게임
16292,한건우,24,청주 팔달구 123-45,010-9538-3760,등산
16293,조서준,24,대구 성동구 123-45,010-7704-4330,드로잉
16294,조서연,47,천안 서구 123-45,010-4636-2044,유튜브 보기
16295,이도윤,26,울산 덕양구 123-45,010-6256-9628,등산
16296,박하윤,31,청주 신제주 123-45,010-5545-2862,영화감상
16297,김소율,59,부산 덕양구 123-45,010-1394-1135,수영
16298,박은우,57,용인 강남구 123-45,010-5383-3478,뜨개질
16299,이현우,49,청주 덕양구 123-45,010-3739-2766,영화감상
16300,신태윤,67,성남 강서구 123-45,010-3930-9558,유튜브 보기
16301,이수빈,60,창원 팔달구 123-45,010-7351-9649,여행
16302,한서연,41,안양 분당구 123-45,010-1112-5102,일기 쓰기
16303,장유진,35,제주 흥덕구 123-45,010-1909-3761,드로잉
16304,윤건우,64,수원 기흥구 123-45,010-2013-5472,음악감상
16305,강서준,52,김해 해운대구 123-45,010-1489-3022,음악감상
16306,김수빈,53,창원 유성구 123-45,010-8519-6788,자전거 타기
16307,장시우,59,서울 장유동 123-45,010-9208-8859,음악감상
16308,서지민,37,남양주 서북구 123-45,010-3098-6187,영화감상
16309,윤하은,51,안산 성북구 123-45,010-4239-7064,등산
16310,이수빈,53,서울 신제주 123-45,010-2748-1991,영화감상
16311,신시우,50,화성 분당구 123-45,010-7987-2125,사진촬영
16312,김지민,79,성남 일산동구 123-45,010-1705-6801,보드게임
16313,장태윤,68,제주 진해구 123-45,010-1641-8397,보드게임
16314,정건우,27,용인 중구 123-45,010-6695-4056,사진촬영
16315,최시우,64,부산 덕진구 123-45,010-7814-8047,웹서핑
16316,신도윤,66,화성 덕진구 123-45,010-1570-9368,유튜브 보기
16317,조시우,49,광주 덕진구 123-45,010-8791-4534,보드게임
16318,오건우,33,대구 북구 123-45,010-2400-1912,여행
16319,한서준,77,김해 덕진구 123-45,010-6240-6161,사진촬영
16320,최예린,70,고양 송파구 123-45,010-7341-6993,등산
16321,임지안,20,평택 덕양구 123-45,010-5696-3874,독서
16322,이현우,36,안산 팔달구 123-45,010-7423-1140,게임
16323,임지민,57,제주 해운대구 123-45,010-4267-1658,일기 쓰기
16324,정서연,50,인천 흥덕구 123-45,010-5187-6204,요리
16325,조예은,34,대구 신제주 123-45,010-5350-8403,일기 쓰기
16326,이시우,76,김해 덕양구 123-45,010-1005-6679,웹서핑
16327,박지안,71,성남 강서구 123-45,010-6343-1620,등산
16328,조서준,60,천안 기흥구 123-45,010-2722-4576,보드게임
16329,최하은,31,평택 강남구 123-45,010-9425-7223,여행
16330,이서연,29,김해 유성구 123-45,010-1136-8048,수영
16331,장지후,61,안산 중구 123-45,010-4898-6709,영화감상
16332,정은우,54,전주 강남구 123-45,010-2011-6646,유튜브 보기
16333,김수빈,50,안양 성동구 123-45,010-7575-6095,자전거 타기
16334,강지민,27,대전 신제주 123-45,010-8721-4958,일기 쓰기
16335,한소율,73,고양 분당구 123-45,010-4813-4710,등산
16336,조민수,49,전주 성동구 123-45,010-8567-2231,요리
16337,강태윤,65,서울 강서구 123-45,010-1905-7595,유튜브 보기
16338,서유진,53,광주 덕양구 123-45,010-3649-6170,보드게임
16339,박서연,44,광주 수성구 123-45,010-2184-3295,웹서핑
16340,김태윤,25,화성 강서구 123-45,010-6884-6801,자전거 타기
16341,조태윤,26,대전 장유동 123-45,010-6271-3955,일기 쓰기
16342,신예은,33,울산 성동구 123-45,010-5254-4332,일기 쓰기
16343,김민수,45,청주 장유동 123-45,010-5555-3719,음악감상
16344,윤소율,62,천안 중구 123-45,010-8676-4949,유튜브 보기
16345,신하윤,22,인천 분당구 123-45,010-2673-4758,음악감상
16346,서예은,33,청주 동구 123-45,010-6090-6212,여행
16347,오은우,46,대구 달서구 123-45,010-2455-9128,독서
16348,신현우,43,용인 달서구 123-45,010-2101-7618,여행
16349,조하은,21,평택 진해구 123-45,010-8632-4174,음악감상
16350,임지원,42,대전 강남구 123-45,010-4692-2465,보드게임
16351,김건우,37,대전 기흥구 123-45,010-1858-6552,운동
16352,오서준,21,고양 강남구 123-45,010-5769-6410,카페 투어
16353,윤현우,31,인천 흥덕구 123-45,010-3346-6561,사진촬영
16354,신서준,39,고양 북구 123-45,010-6275-4333,자전거 타기
16355,신태윤,35,대전 팔달구 123-45,010-1422-6840,등산
16356,신건우,48,울산 덕양구 123-45,010-8271-1971,유튜브 보기
16357,김하은,68,대전 진해구 123-45,010-5465-4096,등산
16358,김수빈,38,창원 달서구 123-45,010-4041-1174,요리
16359,윤하은,56,안산 덕진구 123-45,010-4089-1496,보드게임
16360,강도윤,28,평택 동구 123-45,010-1647-8374,수영
16361,임서연,51,창원 해운대구 123-45,010-6155-6306,뜨개질
16362,윤태윤,57,안산 일산동구 123-45,010-3637-8005,사진촬영
16363,김하윤,36,울산 해운대구 123-45,010-7949-5144,요리
16364,장서준,53,남양주 신제주 123-45,010-1921-3043,여행
16365,서예린,37,남양주 서북구 123-45,010-3962-9145,자전거 타기
16366,박서연,37,부산 중구 123-45,010-5159-6425,웹서핑
16367,서현우,39,화성 신제주 123-45,010-2304-4759,요리
16368,윤지안,59,수원 분당구 123-45,010-4796-7754,등산
16369,윤소율,46,안산 강남구 123-45,010-2717-5379,독서
16370,임현우,22,용인 덕진구 123-45,010-5687-7620,드로잉
16371,이지원,32,광주 북구 123-45,010-6212-4671,수영
16372,신지후,65,성남 진해구 123-45,010-6194-1170,카페 투어
16373,김지원,46,성남 장유동 123-45,010-7163-7666,유튜브 보기
16374,박서연,60,서울 덕양구 123-45,010-5749-2733,요리
16375,신도윤,60,화성 중구 123-45,010-9408-2094,뜨개질
16376,장유진,40,광주 성동구 123-45,010-2251-3076,등산
16377,오지민,29,평택 기흥구 123-45,010-1030-1012,유튜브 보기
16378,윤하윤,55,수원 장유동 123-45,010-6089-7419,카페 투어
16379,서유진,55,포항 흥덕구 123-45,010-5076-5133,드로잉
16380,정서준,36,남양주 남구 123-45,010-4085-5609,웹서핑
16381,정도윤,62,청주 유성구 123-45,010-4261-1850,보드게임
16382,윤지원,78,용인 성북구 123-45,010-4435-8295,웹서핑
16383,강하윤,49,안양 팔달구 123-45,010-7152-3939,웹서핑
16384,오건우,61,천안 달서구 123-45,010-5729-6023,여행
16385,윤민수,74,포항 진해구 123-45,010-7480-2891,보드게임
16386,오서연,22,평택 서북구 123-45,010-8427-1025,수영
16387,박예은,74,포항 달서구 123-45,010-9252-4626,영화감상
16388,강건우,35,광주 팔달구 123-45,010-9735-9926,뜨개질
16389,윤서준,29,청주 덕진구 123-45,010-7295-1273,수영
16390,오민수,51,청주 진해구 123-45,010-4689-6928,뜨개질
16391,서지안,65,세종 유성구 123-45,010-5208-4352,드로잉
16392,조지민,49,안산 북구 123-45,010-1567-6816,유튜브 보기
16393,김예은,75,평택 서구 123-45,010-6298-2482,사진촬영
16394,정민수,37,성남 강서구 123-45,010-3830-1678,사진촬영
16395,이예린,52,남양주 신제주 123-45,010-7068-2167,독서
16396,장민수,72,고양 송파구 123-45,010-2906-6075,사진촬영
16397,서도윤,52,김해 흥덕구 123-45,010-2225-8127,보드게임
16398,김유진,72,대구 기흥구 123-45,010-5136-7833,일기 쓰기
16399,김건우,69,제주 덕진구 123-45,010-9096-5469,영화감상
16400,최소율,48,울산 성동구 123-45,010-2182-4904,자전거 타기
16401,조지원,63,김해 분당구 123-45,010-7101-3704,게임
16402,신하윤,43,울산 남구 123-45,010-2345-8770,운동
16403,조현우,41,창원 분당구 123-45,010-9004-8082,운동
16404,정지안,29,용인 송파구 123-45,010-6741-4927,등산
16405,임도윤,50,안산 송파구 123-45,010-6860-1757,음악감상
16406,조현우,31,울산 팔달구 123-45,010-3479-1289,등산
16407,김지민,43,천안 흥덕구 123-45,010-4720-7112,자전거 타기
16408,이하윤,31,제주 해운대구 123-45,010-2909-7816,사진촬영
16409,박은우,43,화성 서북구 123-45,010-5655-3789,사진촬영
16410,박도윤,32,서울 팔달구 123-45,010-9172-2774,요리
16411,서소율,57,창원 북구 123-45,010-3389-6621,음악감상
16412,장은우,53,대구 송파구 123-45,010-1000-1667,일기 쓰기
16413,박서준,75,안산 신제주 123-45,010-4623-8122,보드게임
16414,오지후,22,화성 남구 123-45,010-1574-5496,카페 투어
16415,강지민,61,서울 팔달구 123-45,010-3369-4955,유튜브 보기
16416,장예은,32,대전 일산동구 123-45,010-6469-9927,뜨개질
16417,윤하은,37,서울 장유동 123-45,010-5810-3426,보드게임
16418,김현우,61,수원 수성구 123-45,010-8055-1081,드로잉
16419,김지민,68,남양주 진해구 123-45,010-9702-4880,뜨개질
16420,강지원,77,세종 덕진구 123-45,010-3059-1398,드로잉
16421,박도윤,55,세종 서구 123-45,010-7553-7262,드로잉
16422,정건우,20,광주 송파구 123-45,010-5430-4271,운동
16423,이수빈,62,수원 남구 123-45,010-3178-2749,일기 쓰기
16424,정건우,41,서울 북구 123-45,010-5660-6534,드로잉
16425,최지민,59,수원 분당구 123-45,010-3333-3077,자전거 타기
16426,한민수,53,안양 덕양구 123-45,010-4195-7931,일기 쓰기
16427,오현우,71,창원 유성구 123-45,010-1503-8337,뜨개질
16428,신태윤,67,부산 남구 123-45,010-1679-7608,게임
16429,서서연,34,김해 해운대구 123-45,010-1613-3905,게임
16430,김서연,26,제주 동구 123-45,010-5366-4277,독서
16431,한태윤,43,남양주 수성구 123-45,010-9668-4470,게임
16432,오지후,34,고양 동구 123-45,010-6436-3547,독서
16433,오유진,64,광주 분당구 123-45,010-2072-6664,수영
16434,정서연,72,전주 장유동 123-45,010-7639-2180,웹서핑
16435,박소율,69,수원 해운대구 123-45,010-4040-2858,웹서핑
16436,강예린,77,창원 진해구 123-45,010-2003-4865,유튜브 보기
16437,장지후,61,창원 흥덕구 123-45,010-7840-1860,요리
16438,김소율,23,서울 덕진구 123-45,010-7390-4098,사진촬영
16439,임지원,70,세종 중구 123-45,010-5509-4870,게임
16440,정민수,41,울산 서북구 123-45,010-4132-2728,게임
16441,윤도윤,21,전주 흥덕구 123-45,010-1028-2419,수영
16442,박유진,50,남양주 서북구 123-45,010-6283-5373,음악감상
16443,윤소율,50,대전 중구 123-45,010-5642-8690,일기 쓰기
16444,신민수,58,안양 성북구 123-45,010-1791-8889,등산
16445,박하윤,67,대전 장유동 123-45,010-3196-5854,게임
16446,한시우,27,남양주 북구 123-45,010-4358-7166,유튜브 보기
16447,정지원,29,제주 강남구 123-45,010-5223-5390,뜨개질
16448,서수빈,64,고양 일산동구 123-45,010-7932-9988,드로잉
16449,서지안,57,남양주 송파구 123-45,010-6584-3260,요리
16450,정은우,44,김해 동구 123-45,010-4407-2829,독서
16451,신현우,51,포항 서구 123-45,010-5252-9161,요리
16452,이지안,27,천안 진해구 123-45,010-6187-1017,뜨개질
16453,최유진,33,화성 신제주 123-45,010-2952-4927,보드게임
16454,조지후,66,창원 진해구 123-45,010-2974-9530,요리
16455,강소율,39,안양 동구 123-45,010-6945-3317,보드게임
16456,이현우,58,부산 분당구 123-45,010-4173-5856,자전거 타기
16457,장지안,71,부산 해운대구 123-45,010-2972-3189,자전거 타기
16458,윤유진,45,평택 덕진구 123-45,010-3980-1324,영화감상
16459,오예은,26,포항 강서구 123-45,010-2734-6520,드로잉
16460,이건우,54,청주 성북구 123-45,010-3952-5968,독서
16461,이하윤,69,대전 장유동 123-45,010-2068-3807,자전거 타기
16462,서서준,44,수원 신제주 123-45,010-5095-5620,게임
16463,김예은,45,화성 팔달구 123-45,010-9731-3323,음악감상
16464,이도윤,23,제주 중구 123-45,010-2038-5242,운동
16465,오건우,22,용인 진해구 123-45,010-5576-3589,사진촬영
16466,강서연,49,부산 성북구 123-45,010-6745-3482,음악감상
16467,이예은,29,안산 수성구 123-45,010-6032-4630,음악감상
16468,최하윤,21,창원 진해구 123-45,010-3461-1846,등산
16469,장예린,45,평택 송파구 123-45,010-3584-6303,수영
16470,오예은,50,남양주 강남구 123-45,010-7728-3022,유튜브 보기
16471,박은우,45,울산 장유동 123-45,010-5950-2696,유튜브 보기
16472,윤하윤,44,김해 덕양구 123-45,010-2631-9908,게임
16473,최현우,39,평택 수성구 123-45,010-7629-9996,게임
16474,최하은,56,천안 유성구 123-45,010-3134-7776,자전거 타기
16475,임서준,76,울산 신제주 123-45,010-6011-3203,여행
16476,오유진,59,성남 서구 123-45,010-2474-7604,카페 투어
16477,장서연,56,용인 해운대구 123-45,010-5693-2374,자전거 타기
16478,한예린,39,수원 해운대구 123-45,010-6961-8400,여행
16479,조현우,37,인천 중구 123-45,010-3656-2877,보드게임
16480,김서연,52,부산 수성구 123-45,010-3600-4533,게임
16481,정지민,28,화성 서북구 123-45,010-9746-3259,유튜브 보기
16482,이도윤,55,화성 서북구 123-45,010-3195-1365,여행
16483,임도윤,21,천안 분당구 123-45,010-1614-6103,음악감상
16484,서하은,65,창원 강서구 123-45,010-6136-1344,요리
16485,윤지후,46,대구 흥덕구 123-45,010-8202-1596,사진촬영
16486,정지민,47,창원 수성구 123-45,010-3035-5568,드로잉
16487,조수빈,36,남양주 남구 123-45,010-6755-4385,드로잉
16488,임은우,71,전주 장유동 123-45,010-2817-3109,여행
16489,강도윤,68,포항 동구 123-45,010-7695-3680,독서
16490,박서준,36,대전 유성구 123-45,010-6361-9721,독서
16491,서태윤,78,성남 송파구 123-45,010-4937-6579,음악감상
16492,서예은,49,광주 덕진구 123-45,010-6437-2020,게임
16493,윤민수,44,화성 유성구 123-45,010-9303-6161,게임
16494,서태윤,23,천안 동구 123-45,010-1037-1192,요리
16495,장수빈,31,광주 북구 123-45,010-5999-2892,영화감상
16496,조서연,41,김해 분당구 123-45,010-9467-5085,게임
16497,장수빈,47,화성 서북구 123-45,010-5324-1109,웹서핑
16498,장은우,65,수원 분당구 123-45,010-2143-8469,카페 투어
16499,조태윤,42,안산 유성구 123-45,010-2692-5958,드로잉
16500,조도윤,65,천안 흥덕구 123-45,010-2059-5736,독서
16501,이유진,53,포항 덕진구 123-45,010-3037-4414,운동
16502,박지원,69,포항 북구 123-45,010-1207-8623,사진촬영
16503,최현우,28,서울 기흥구 123-45,010-5290-1455,수영
16504,임태윤,46,수원 서구 123-45,010-7349-3220,드로잉
16505,강지민,53,고양 분당구 123-45,010-7402-6850,뜨개질
16506,최예은,66,부산 팔달구 123-45,010-7973-7615,운동
16507,장소율,65,용인 진해구 123-45,010-3744-6488,보드게임
16508,조예은,20,인천 서구 123-45,010-6225-4442,드로잉
16509,한지민,57,대전 덕진구 123-45,010-5595-7546,카페 투어
16510,장예은,75,제주 해운대구 123-45,010-5401-7525,유튜브 보기
16511,조서준,41,성남 남구 123-45,010-3686-4744,음악감상
16512,정예은,71,천안 기흥구 123-45,010-4952-6658,등산
16513,박지민,35,평택 성동구 123-45,010-8775-1749,음악감상
16514,윤현우,41,서울 장유동 123-45,010-6899-9785,보드게임
16515,김지후,56,제주 분당구 123-45,010-1268-3033,웹서핑
16516,한하은,35,제주 남구 123-45,010-6080-6476,영화감상
16517,김하은,36,고양 송파구 123-45,010-4552-1365,자전거 타기
16518,조지안,76,청주 동구 123-45,010-8091-2947,영화감상
16519,김예린,53,부산 달서구 123-45,010-2554-4281,여행
16520,박하은,27,세종 성북구 123-45,010-4074-4927,여행
16521,신예은,72,김해 성북구 123-45,010-5214-6112,등산
16522,서시우,44,인천 서구 123-45,010-4818-1218,일기 쓰기
16523,김소율,45,고양 달서구 123-45,010-7360-4306,일기 쓰기
16524,장소율,60,제주 유성구 123-45,010-8383-3093,독서
16525,오소율,43,성남 강서구 123-45,010-7799-8599,게임
16526,서소율,29,전주 해운대구 123-45,010-2134-9856,음악감상
16527,정지민,76,대전 진해구 123-45,010-9950-7274,독서
16528,장하은,34,세종 송파구 123-45,010-4901-3940,요리
16529,서건우,60,안양 해운대구 123-45,010-9564-6554,게임
16530,최예은,62,광주 중구 123-45,010-5312-5771,웹서핑
16531,장현우,70,포항 장유동 123-45,010-2268-1937,일기 쓰기
16532,서지민,53,대전 분당구 123-45,010-9278-9093,유튜브 보기
16533,서수빈,64,창원 동구 123-45,010-5445-6057,자전거 타기
16534,오현우,29,천안 서북구 123-45,010-2537-3764,운동
16535,정예린,51,제주 동구 123-45,010-9243-8473,뜨개질
16536,서태윤,57,인천 강서구 123-45,010-5304-2224,유튜브 보기
16537,이도윤,79,천안 성동구 123-45,010-2826-6075,뜨개질
16538,강민수,44,성남 서구 123-45,010-2744-3218,드로잉
16539,박소율,43,광주 달서구 123-45,010-7785-4640,뜨개질
16540,강도윤,69,김해 송파구 123-45,010-6525-4196,보드게임
16541,신하은,25,안산 기흥구 123-45,010-5380-1698,자전거 타기
16542,장예은,24,평택 진해구 123-45,010-2852-5407,보드게임
16543,임건우,41,전주 신제주 123-45,010-8488-6088,일기 쓰기
16544,장수빈,71,남양주 팔달구 123-45,010-2931-5691,유튜브 보기
16545,오유진,78,인천 성북구 123-45,010-6153-8596,영화감상
16546,윤지후,28,대전 일산동구 123-45,010-6463-5185,게임
16547,한지민,50,남양주 덕양구 123-45,010-4158-4047,독서
16548,이지안,65,고양 덕양구 123-45,010-8500-8275,카페 투어
16549,조지민,26,광주 북구 123-45,010-4179-5098,운동
16550,서건우,58,인천 강서구 123-45,010-5856-5065,여행
16551,오은우,46,평택 진해구 123-45,010-2589-9638,사진촬영
16552,조서준,72,남양주 달서구 123-45,010-7887-3869,뜨개질
16553,김지후,24,전주 덕진구 123-45,010-1240-2347,일기 쓰기
16554,신예린,76,천안 신제주 123-45,010-7599-1143,음악감상
16555,오태윤,65,청주 중구 123-45,010-3483-3100,일기 쓰기
16556,김하윤,51,세종 성동구 123-45,010-3964-7513,드로잉
16557,조은우,73,대구 중구 123-45,010-9034-3681,보드게임
16558,박도윤,79,안산 중구 123-45,010-7635-6171,뜨개질
16559,강하은,70,용인 성북구 123-45,010-9298-5795,등산
16560,정유진,20,고양 달서구 123-45,010-2355-5903,등산
16561,김지민,53,세종 일산동구 123-45,010-9240-9250,자전거 타기
16562,윤지민,71,안산 진해구 123-45,010-7198-8485,뜨개질
16563,정민수,71,제주 서북구 123-45,010-7937-2433,카페 투어
16564,조태윤,45,대구 달서구 123-45,010-3828-3782,드로잉
16565,임서준,72,대전 강서구 123-45,010-4985-6328,드로잉
16566,장유진,64,세종 기흥구 123-45,010-8431-1540,드로잉
16567,임지민,54,부산 강남구 123-45,010-5519-6615,보드게임
16568,이서연,32,인천 수성구 123-45,010-8671-4552,유튜브 보기
16569,강하은,66,대전 흥덕구 123-45,010-5383-8537,일기 쓰기
16570,임지원,49,전주 강서구 123-45,010-4695-4450,게임
16571,이수빈,24,고양 서구 123-45,010-8382-7525,뜨개질
16572,김하윤,43,성남 서북구 123-45,010-9084-1267,일기 쓰기
16573,이은우,30,울산 유성구 123-45,010-4993-6926,일기 쓰기
16574,김은우,28,서울 달서구 123-45,010-4332-9373,등산
16575,신민수,61,천안 북구 123-45,010-8309-2003,자전거 타기
16576,박민수,22,고양 남구 123-45,010-9019-8264,음악감상
16577,신지민,61,수원 기흥구 123-45,010-5055-4126,운동
16578,김건우,23,전주 서북구 123-45,010-4367-3893,사진촬영
16579,오태윤,21,포항 진해구 123-45,010-6300-7472,영화감상
16580,장지민,59,수원 팔달구 123-45,010-1108-5071,자전거 타기
16581,강도윤,39,용인 성동구 123-45,010-6329-5355,여행
16582,최지후,67,제주 동구 123-45,010-7808-7716,음악감상
16583,김지후,31,전주 신제주 123-45,010-1035-4014,웹서핑
16584,정건우,24,화성 서북구 123-45,010-7736-4031,사진촬영
16585,장유진,76,수원 수성구 123-45,010-7255-2251,영화감상
16586,최서연,36,광주 북구 123-45,010-8880-1361,독서
16587,오서준,40,인천 중구 123-45,010-5482-4523,자전거 타기
16588,조태윤,39,인천 기흥구 123-45,010-7197-3914,음악감상
16589,서예린,32,화성 송파구 123-45,010-3953-1271,일기 쓰기
16590,윤서준,77,안산 성동구 123-45,010-5253-9003,수영
16591,정태윤,28,청주 해운대구 123-45,010-9753-2552,드로잉
16592,김서준,22,포항 강서구 123-45,010-1772-3534,게임
16593,강도윤,58,화성 강서구 123-45,010-6832-1063,운동
16594,조수빈,32,전주 수성구 123-45,010-7048-9171,드로잉
16595,윤지민,51,안산 덕양구 123-45,010-9945-5773,웹서핑
16596,임서준,65,안산 서구 123-45,010-6190-6132,운동
16597,정하윤,56,울산 중구 123-45,010-6674-6787,영화감상
16598,오예은,79,남양주 성북구 123-45,010-3370-6049,유튜브 보기
16599,김건우,61,창원 유성구 123-45,010-5600-6441,영화감상
16600,김도윤,54,전주 분당구 123-45,010-1929-8532,여행
16601,강소율,28,창원 신제주 123-45,010-2784-3562,음악감상
16602,조소율,55,울산 덕진구 123-45,010-4770-3869,뜨개질
16603,조민수,25,대구 중구 123-45,010-2247-7702,사진촬영
16604,한시우,76,창원 유성구 123-45,010-7383-9445,드로잉
16605,신소율,35,광주 기흥구 123-45,010-6915-6094,보드게임
16606,한시우,44,안산 강서구 123-45,010-4015-5518,카페 투어
16607,최소율,57,김해 달서구 123-45,010-3095-8818,독서
16608,정지후,38,대구 강서구 123-45,010-1927-6937,뜨개질
16609,조수빈,61,고양 강서구 123-45,010-1497-4669,요리
16610,장수빈,42,광주 팔달구 123-45,010-6323-3542,등산
16611,신은우,51,남양주 분당구 123-45,010-5102-5174,웹서핑
16612,장소율,77,성남 해운대구 123-45,010-1153-9958,보드게임
16613,강민수,77,제주 남구 123-45,010-4483-3000,뜨개질
16614,박수빈,60,포항 수성구 123-45,010-1661-2763,영화감상
16615,신건우,24,세종 분당구 123-45,010-2910-9506,보드게임
16616,임소율,21,인천 동구 123-45,010-6100-6277,뜨개질
16617,최하윤,56,울산 기흥구 123-45,010-1970-1614,사진촬영
16618,김건우,52,전주 성북구 123-45,010-7909-9198,등산
16619,장지원,40,대전 서구 123-45,010-9373-3670,드로잉
16620,최서연,30,성남 동구 123-45,010-3258-2854,운동
16621,정지원,55,울산 송파구 123-45,010-9805-5465,보드게임
16622,조태윤,24,창원 분당구 123-45,010-3930-7679,영화감상
16623,한건우,34,성남 서북구 123-45,010-1565-7409,드로잉
16624,김예린,39,고양 유성구 123-45,010-8866-3465,여행
16625,신수빈,24,창원 진해구 123-45,010-8051-7319,독서
16626,장하윤,21,전주 유성구 123-45,010-4806-5461,자전거 타기
16627,조지후,36,용인 진해구 123-45,010-5005-7053,수영
16628,박서연,62,제주 북구 123-45,010-9844-8005,뜨개질
16629,장하은,67,청주 장유동 123-45,010-1454-5066,사진촬영
16630,임도윤,22,세종 일산동구 123-45,010-2064-9850,유튜브 보기
16631,오수빈,20,성남 남구 123-45,010-6197-8816,뜨개질
16632,이예은,73,남양주 장유동 123-45,010-5560-9259,영화감상
16633,임지후,50,창원 기흥구 123-45,010-9741-1016,웹서핑
16634,장민수,61,인천 북구 123-45,010-8680-5572,운동
16635,장현우,55,전주 유성구 123-45,010-4092-6035,요리
16636,조서연,57,대구 진해구 123-45,010-3902-8364,자전거 타기
16637,오현우,47,화성 강서구 123-45,010-7856-9762,일기 쓰기
16638,김예은,20,대구 성북구 123-45,010-4383-3708,수영
16639,임도윤,45,창원 서북구 123-45,010-1092-6165,요리
16640,신서준,37,전주 남구 123-45,010-7902-2574,독서
16641,이소율,24,천안 달서구 123-45,010-4423-2087,음악감상
16642,최지후,41,대전 남구 123-45,010-2579-8922,사진촬영
16643,강지민,21,포항 덕진구 123-45,010-5580-1248,여행
16644,신수빈,31,김해 북구 123-45,010-8577-3265,수영
16645,조은우,43,화성 진해구 123-45,010-1818-2129,여행
16646,강현우,46,안산 달서구 123-45,010-2125-3301,자전거 타기
16647,서지원,49,안산 서북구 123-45,010-8156-8978,웹서핑
16648,한서연,33,안양 성북구 123-45,010-2925-5703,카페 투어
16649,강태윤,33,수원 남구 123-45,010-9097-3838,수영
16650,이하윤,27,광주 덕진구 123-45,010-1397-1751,게임
16651,박유진,79,안양 팔달구 123-45,010-6100-1405,웹서핑
16652,임예은,49,전주 장유동 123-45,010-9395-5198,여행
16653,강지원,29,인천 수성구 123-45,010-8532-5591,여행
16654,신유진,62,고양 기흥구 123-45,010-2916-3062,독서
16655,장예린,36,용인 달서구 123-45,010-5909-3927,일기 쓰기
16656,김서연,37,포항 북구 123-45,010-8116-4023,독서
16657,임하윤,25,세종 남구 123-45,010-9611-5116,요리
16658,서하은,62,김해 강서구 123-45,010-2952-7915,일기 쓰기
16659,정서연,24,포항 남구 123-45,010-7829-1368,운동
16660,최시우,58,수원 장유동 123-45,010-5734-7730,여행
16661,신서연,71,천안 달서구 123-45,010-4038-5261,음악감상
16662,한지안,30,안양 성동구 123-45,010-1227-1574,수영
16663,정하윤,67,부산 장유동 123-45,010-4021-8834,수영
16664,김예은,43,창원 송파구 123-45,010-4043-5063,카페 투어
16665,장도윤,20,광주 동구 123-45,010-1734-2457,요리
16666,강예린,31,인천 강남구 123-45,010-6675-7191,여행
16667,정하은,76,세종 동구 123-45,010-1629-6619,카페 투어
16668,신현우,78,세종 수성구 123-45,010-7586-5350,독서
16669,강예린,24,광주 팔달구 123-45,010-1297-6562,음악감상
16670,한예린,33,남양주 흥덕구 123-45,010-7914-5501,사진촬영
16671,최하은,33,인천 덕양구 123-45,010-2246-7837,웹서핑
16672,최지안,73,화성 팔달구 123-45,010-3122-2502,카페 투어
16673,정서준,35,화성 덕진구 123-45,010-7313-6246,자전거 타기
16674,이하윤,35,평택 강남구 123-45,010-5311-8666,보드게임
16675,장현우,76,남양주 강서구 123-45,010-4446-3022,카페 투어
16676,강소율,41,광주 동구 123-45,010-7861-9625,보드게임
16677,김민수,64,부산 일산동구 123-45,010-3348-1070,요리
16678,윤서연,47,인천 강서구 123-45,010-2682-4428,게임
16679,최도윤,46,인천 유성구 123-45,010-4487-9759,수영
16680,조현우,62,김해 일산동구 123-45,010-6458-3869,일기 쓰기
16681,조예린,29,남양주 서구 123-45,010-4116-1481,카페 투어
16682,조현우,23,제주 중구 123-45,010-4058-1116,사진촬영
16683,임예린,55,제주 기흥구 123-45,010-1376-8287,사진촬영
16684,김소율,36,천안 수성구 123-45,010-4321-6043,운동
16685,김하윤,48,안산 성동구 123-45,010-2615-5745,게임
16686,이건우,20,화성 강남구 123-45,010-7921-8250,게임
16687,장소율,50,부산 강남구 123-45,010-9800-7736,보드게임
16688,강현우,38,김해 진해구 123-45,010-2002-3538,게임
16689,이시우,78,평택 서북구 123-45,010-1759-4316,자전거 타기
16690,최서연,42,수원 진해구 123-45,010-3966-5165,웹서핑
16691,장민수,49,포항 북구 123-45,010-2897-5048,등산
16692,신하은,62,청주 덕양구 123-45,010-8573-6172,자전거 타기
16693,장태윤,23,성남 동구 123-45,010-4675-8932,유튜브 보기
16694,임수빈,49,전주 진해구 123-45,010-9105-6551,수영
16695,오예은,46,인천 신제주 123-45,010-1554-1592,요리
16696,임예은,42,세종 팔달구 123-45,010-9554-5807,드로잉
16697,윤지안,74,청주 팔달구 123-45,010-2475-8751,게임
16698,신서준,33,제주 일산동구 123-45,010-1930-1286,일기 쓰기
16699,이민수,38,안양 성북구 123-45,010-6339-7784,수영
16700,이서준,71,부산 성북구 123-45,010-2913-4500,음악감상
16701,한서준,49,제주 수성구 123-45,010-1951-1286,수영
16702,박시우,37,광주 달서구 123-45,010-2322-8531,자전거 타기
16703,윤지민,45,안산 중구 123-45,010-9035-2464,드로잉
16704,이지후,57,성남 남구 123-45,010-4834-7587,드로잉
16705,한서준,42,용인 덕양구 123-45,010-6878-3936,유튜브 보기
16706,이소율,42,광주 흥덕구 123-45,010-4767-1102,음악감상
16707,오지원,42,포항 성동구 123-45,010-1644-5592,웹서핑
16708,서지민,79,평택 중구 123-45,010-4717-3596,일기 쓰기
16709,윤유진,38,서울 북구 123-45,010-3250-9687,자전거 타기
16710,장은우,72,제주 달서구 123-45,010-5810-4471,게임
16711,한하은,39,창원 성동구 123-45,010-9149-6943,일기 쓰기
16712,신시우,63,평택 북구 123-45,010-4410-1639,수영
16713,이유진,53,포항 팔달구 123-45,010-1739-7641,사진촬영
16714,장하은,63,남양주 북구 123-45,010-9371-2389,요리
16715,임하윤,42,전주 남구 123-45,010-3447-3950,음악감상
16716,정지안,23,고양 강남구 123-45,010-5978-6947,영화감상
16717,서유진,51,제주 성북구 123-45,010-6767-6791,수영
16718,이유진,43,제주 성동구 123-45,010-6659-3569,사진촬영
16719,장서준,32,대구 수성구 123-45,010-7416-2397,수영
16720,김하윤,36,세종 덕양구 123-45,010-8467-2873,보드게임
16721,강하은,71,고양 중구 123-45,010-5671-6481,영화감상
16722,오은우,47,광주 덕진구 123-45,010-4560-2004,요리
16723,이소율,57,안산 기흥구 123-45,010-4921-6724,음악감상
16724,강은우,38,대전 중구 123-45,010-8607-4889,게임
16725,조지원,58,인천 진해구 123-45,010-3307-7943,음악감상
16726,한지후,52,청주 강서구 123-45,010-1876-1875,카페 투어
16727,박하은,25,대구 기흥구 123-45,010-4506-3419,뜨개질
16728,신지민,24,대구 중구 123-45,010-9108-6587,사진촬영
16729,최소율,49,세종 진해구 123-45,010-8675-5992,영화감상
16730,장도윤,23,수원 덕진구 123-45,010-8461-9953,유튜브 보기
16731,신민수,75,천안 송파구 123-45,010-5932-1393,영화감상
16732,장은우,76,전주 해운대구 123-45,010-1364-4143,드로잉
16733,김건우,70,대전 서북구 123-45,010-6528-6334,영화감상
16734,장시우,57,포항 기흥구 123-45,010-2317-5357,운동
16735,윤건우,29,화성 강서구 123-45,010-9173-3143,자전거 타기
16736,오유진,56,평택 동구 123-45,010-9750-7156,사진촬영
16737,정수빈,61,용인 동구 123-45,010-5600-1791,독서
16738,박도윤,69,부산 덕양구 123-45,010-6659-5094,요리
16739,오예린,65,천안 일산동구 123-45,010-5423-4053,음악감상
16740,이시우,25,남양주 북구 123-45,010-4857-4043,수영
16741,오도윤,48,용인 서북구 123-45,010-9773-8308,운동
16742,이유진,78,포항 분당구 123-45,010-5686-4293,영화감상
16743,최현우,36,수원 동구 123-45,010-7320-4627,뜨개질
16744,장지안,59,제주 진해구 123-45,010-5727-3109,웹서핑
16745,박민수,69,대전 성동구 123-45,010-4445-8413,운동
16746,윤수빈,51,세종 덕양구 123-45,010-5048-6434,일기 쓰기
16747,박지후,49,고양 남구 123-45,010-6490-7953,카페 투어
16748,장하윤,70,김해 해운대구 123-45,010-1383-5543,드로잉
16749,오소율,53,제주 달서구 123-45,010-5466-1289,게임
16750,오서연,25,광주 덕진구 123-45,010-1608-2117,일기 쓰기
16751,강하은,50,수원 수성구 123-45,010-7003-3542,일기 쓰기
16752,최수빈,61,부산 달서구 123-45,010-8761-6124,운동
16753,장예린,28,인천 분당구 123-45,010-8363-3474,사진촬영
16754,신지후,76,안산 분당구 123-45,010-4678-1830,운동
16755,신서준,65,인천 수성구 123-45,010-1613-7956,드로잉
16756,오현우,54,평택 송파구 123-45,010-2549-1515,카페 투어
16757,윤예은,74,부산 분당구 123-45,010-5647-6390,사진촬영
16758,조지원,40,화성 동구 123-45,010-2554-6412,자전거 타기
16759,임서연,20,광주 성동구 123-45,010-9591-6177,자전거 타기
16760,강수빈,59,부산 중구 123-45,010-5883-5731,웹서핑
16761,김예은,71,세종 서북구 123-45,010-4816-1510,운동
16762,한예은,24,광주 남구 123-45,010-8212-1288,수영
16763,김현우,33,성남 달서구 123-45,010-6121-3774,영화감상
16764,강하윤,25,수원 강남구 123-45,010-2883-5141,음악감상
16765,김예은,34,제주 북구 123-45,010-5277-5266,일기 쓰기
16766,최시우,34,화성 해운대구 123-45,010-1380-5842,자전거 타기
16767,윤하윤,61,전주 서북구 123-45,010-8371-2434,카페 투어
16768,임민수,28,화성 서구 123-45,010-5581-5305,여행
16769,정소율,48,서울 서구 123-45,010-3422-3905,영화감상
16770,정하윤,20,대구 덕진구 123-45,010-7699-4202,뜨개질
16771,김현우,31,제주 일산동구 123-45,010-6725-2503,운동
16772,오지후,75,용인 분당구 123-45,010-1762-9295,드로잉
16773,한하은,42,인천 덕양구 123-45,010-1627-1029,보드게임
16774,박민수,79,대구 흥덕구 123-45,010-1559-2224,보드게임
16775,김민수,61,남양주 중구 123-45,010-4015-6907,보드게임
16776,오유진,52,창원 덕양구 123-45,010-9656-3374,운동
16777,신서연,25,울산 진해구 123-45,010-8948-7892,영화감상
16778,이소율,39,전주 중구 123-45,010-5801-9043,사진촬영
16779,한민수,41,서울 진해구 123-45,010-6521-3160,자전거 타기
16780,최건우,21,안양 달서구 123-45,010-2712-5928,유튜브 보기
16781,최은우,20,광주 기흥구 123-45,010-4425-4871,수영
16782,신서준,35,안양 해운대구 123-45,010-1714-7989,독서
16783,서태윤,68,고양 성동구 123-45,010-8507-6964,카페 투어
16784,임시우,71,서울 흥덕구 123-45,010-2827-8387,수영
16785,정하윤,78,대구 신제주 123-45,010-4011-5158,운동
16786,장서준,33,제주 팔달구 123-45,010-3568-6204,일기 쓰기
16787,박시우,30,포항 동구 123-45,010-4453-3839,음악감상
16788,오시우,58,대구 일산동구 123-45,010-5111-6608,일기 쓰기
16789,김지후,78,대구 강남구 123-45,010-1944-2601,음악감상
16790,정하윤,35,광주 덕진구 123-45,010-5317-6953,보드게임
16791,장소율,47,용인 팔달구 123-45,010-1287-2427,운동
16792,이유진,50,광주 서북구 123-45,010-4894-1567,일기 쓰기
16793,임태윤,53,인천 덕진구 123-45,010-5609-5167,사진촬영
16794,윤현우,46,청주 남구 123-45,010-3663-3155,보드게임
16795,정건우,30,인천 해운대구 123-45,010-6154-1022,운동
16796,서서준,70,화성 흥덕구 123-45,010-9950-2591,수영
16797,이민수,27,남양주 동구 123-45,010-1374-2178,보드게임
16798,임예은,50,창원 팔달구 123-45,010-5224-8316,웹서핑
16799,최서준,36,고양 수성구 123-45,010-5876-6970,일기 쓰기
16800,윤도윤,39,화성 해운대구 123-45,010-3809-9362,보드게임
16801,이지민,20,부산 흥덕구 123-45,010-8592-2840,영화감상
16802,임은우,23,서울 흥덕구 123-45,010-1367-8290,요리
16803,장태윤,78,남양주 흥덕구 123-45,010-8031-1805,등산
16804,김예린,73,울산 강서구 123-45,010-1142-5446,유튜브 보기
16805,이예은,35,울산 송파구 123-45,010-2525-9946,유튜브 보기
16806,최태윤,40,대구 달서구 123-45,010-4907-2359,드로잉
16807,신수빈,62,대전 서북구 123-45,010-2409-3112,요리
16808,정서연,72,대전 신제주 123-45,010-3909-6532,게임
16809,정시우,58,광주 남구 123-45,010-2959-1176,카페 투어
16810,김지후,67,수원 기흥구 123-45,010-5110-4616,뜨개질
16811,신시우,24,인천 서구 123-45,010-6716-2666,보드게임
16812,임예린,72,안양 기흥구 123-45,010-3445-9660,보드게임
16813,오시우,79,청주 기흥구 123-45,010-9357-1097,자전거 타기
16814,신건우,30,김해 서구 123-45,010-6223-7280,게임
16815,한도윤,42,포항 덕양구 123-45,010-2175-1293,운동
16816,최예은,73,대구 북구 123-45,010-5376-2222,게임
16817,서예은,63,남양주 신제주 123-45,010-9862-7327,일기 쓰기
16818,서지민,54,울산 장유동 123-45,010-6942-1222,일기 쓰기
16819,강도윤,78,포항 덕양구 123-45,010-6921-4239,카페 투어
16820,강유진,22,포항 팔달구 123-45,010-4005-3033,보드게임
16821,윤소율,34,세종 달서구 123-45,010-1140-6440,사진촬영
16822,조서준,46,화성 흥덕구 123-45,010-9411-6897,음악감상
16823,오건우,54,천안 성북구 123-45,010-9076-4569,수영
16824,한수빈,72,용인 강남구 123-45,010-9316-6495,음악감상
16825,이하윤,55,인천 분당구 123-45,010-7766-6293,음악감상
16826,서지원,44,고양 기흥구 123-45,010-3758-4883,웹서핑
16827,조서연,40,서울 신제주 123-45,010-9207-6235,요리
16828,임예린,39,포항 성북구 123-45,010-7046-3822,운동
16829,윤태윤,64,포항 덕진구 123-45,010-3068-6934,여행
16830,윤예은,54,세종 북구 123-45,010-7327-7874,카페 투어
16831,이도윤,40,김해 남구 123-45,010-1634-6077,게임
16832,임소율,55,평택 강남구 123-45,010-1145-7959,독서
16833,조지민,43,화성 동구 123-45,010-3054-5226,등산
16834,최서연,34,고양 서구 123-45,010-2375-3454,카페 투어
16835,신예은,48,제주 중구 123-45,010-2821-3519,여행
16836,신예린,27,대전 강서구 123-45,010-5478-2362,사진촬영
16837,장하은,45,남양주 성동구 123-45,010-5948-3155,수영
16838,박예린,22,울산 흥덕구 123-45,010-6676-8793,요리
16839,정지민,54,대구 성동구 123-45,010-1752-8872,사진촬영
16840,조지민,69,화성 강남구 123-45,010-3197-1910,여행
16841,박유진,62,화성 흥덕구 123-45,010-6958-1359,운동
16842,박예은,74,화성 흥덕구 123-45,010-5455-6946,음악감상
16843,조하윤,24,성남 기흥구 123-45,010-6323-4801,사진촬영
16844,임유진,51,제주 덕진구 123-45,010-2831-8605,드로잉
16845,윤건우,65,서울 강서구 123-45,010-4740-3063,자전거 타기
16846,윤수빈,24,평택 중구 123-45,010-2849-4088,뜨개질
16847,서지후,40,창원 흥덕구 123-45,010-5950-8626,운동
16848,오도윤,74,수원 서북구 123-45,010-6658-3261,드로잉
16849,최하윤,52,안산 강서구 123-45,010-4630-4379,여행
16850,최지안,34,고양 성동구 123-45,010-2512-8980,일기 쓰기
16851,최민수,55,안산 서구 123-45,010-8961-7483,웹서핑
16852,신태윤,66,제주 달서구 123-45,010-4944-3887,게임
16853,강수빈,69,서울 동구 123-45,010-5716-7235,수영
16854,서예은,38,광주 해운대구 123-45,010-2550-7806,음악감상
16855,장시우,64,광주 달서구 123-45,010-5901-8396,자전거 타기
16856,임하은,75,전주 흥덕구 123-45,010-3631-1539,등산
16857,장서준,33,화성 덕양구 123-45,010-4767-5750,보드게임
16858,박소율,34,고양 팔달구 123-45,010-7745-4798,게임
16859,조태윤,61,김해 동구 123-45,010-2296-5508,운동
16860,이건우,68,남양주 동구 123-45,010-8881-9696,음악감상
16861,최예린,40,전주 덕양구 123-45,010-7069-8862,영화감상
16862,임예린,71,성남 덕양구 123-45,010-7635-5379,요리
16863,조하윤,72,광주 강서구 123-45,010-1355-7084,웹서핑
16864,강민수,30,대구 신제주 123-45,010-3300-2656,여행
16865,윤예린,30,전주 서북구 123-45,010-7288-3625,등산
16866,이서준,76,화성 신제주 123-45,010-4203-2791,보드게임
16867,강소율,62,대전 서북구 123-45,010-9039-2740,사진촬영
16868,오태윤,22,포항 덕양구 123-45,010-2482-1601,요리
16869,임지민,79,창원 일산동구 123-45,010-8606-2752,등산
16870,이유진,47,전주 일산동구 123-45,010-6112-4392,드로잉
16871,오서준,55,성남 달서구 123-45,010-1986-1980,보드게임
16872,서건우,49,안산 서북구 123-45,010-4234-8372,자전거 타기
16873,이하윤,54,안양 서구 123-45,010-8657-3539,웹서핑
16874,오서연,78,고양 서북구 123-45,010-1012-4663,수영
16875,장지후,39,천안 분당구 123-45,010-2054-1428,사진촬영
16876,강하윤,42,제주 흥덕구 123-45,010-4044-1089,보드게임
16877,강도윤,56,서울 흥덕구 123-45,010-5287-8401,여행
16878,윤은우,34,세종 해운대구 123-45,010-6302-5740,영화감상
16879,장소율,26,울산 송파구 123-45,010-4314-9291,사진촬영
16880,이현우,48,대구 서구 123-45,010-3384-6600,자전거 타기
16881,이은우,61,화성 진해구 123-45,010-6258-1108,드로잉
16882,조현우,43,김해 진해구 123-45,010-1758-3342,뜨개질
16883,임서준,27,인천 일산동구 123-45,010-4053-8667,영화감상
16884,윤수빈,26,안양 신제주 123-45,010-7174-7496,요리
16885,강민수,21,대전 팔달구 123-45,010-3385-5850,유튜브 보기
16886,임서연,69,남양주 분당구 123-45,010-8444-4775,수영
16887,최하윤,35,울산 북구 123-45,010-3241-5770,뜨개질
16888,장지안,73,화성 팔달구 123-45,010-8318-8098,드로잉
16889,오서연,72,전주 기흥구 123-45,010-8092-5100,사진촬영
16890,윤민수,32,화성 송파구 123-45,010-3336-9533,게임
16891,조지원,50,화성 중구 123-45,010-6597-2937,운동
16892,김유진,53,울산 일산동구 123-45,010-3168-9543,유튜브 보기
16893,신하윤,25,수원 중구 123-45,010-1090-6290,일기 쓰기
16894,조예은,55,부산 북구 123-45,010-5394-8161,독서
16895,오지후,36,안양 서구 123-45,010-4289-1855,뜨개질
16896,박건우,34,울산 남구 123-45,010-3756-3317,음악감상
16897,강지후,41,안산 성북구 123-45,010-5773-4667,음악감상
16898,강예은,31,서울 일산동구 123-45,010-6795-4627,등산
16899,박지안,25,제주 덕양구 123-45,010-7933-9334,수영
16900,장지원,56,화성 남구 123-45,010-6866-9796,독서
16901,윤태윤,40,서울 중구 123-45,010-3980-3833,여행
16902,김민수,64,대구 서구 123-45,010-6393-8714,사진촬영
16903,강예은,20,포항 남구 123-45,010-2361-3836,등산
16904,임지안,38,천안 송파구 123-45,010-9499-6246,웹서핑
16905,김현우,42,남양주 기흥구 123-45,010-1536-6042,수영
16906,한태윤,34,세종 북구 123-45,010-5797-1864,사진촬영
16907,장도윤,43,청주 서북구 123-45,010-8621-8875,사진촬영
16908,강현우,53,용인 강서구 123-45,010-6333-2745,드로잉
16909,박하윤,67,청주 달서구 123-45,010-7711-3903,자전거 타기
16910,한하윤,77,창원 흥덕구 123-45,010-4296-4099,영화감상
16911,박유진,60,제주 남구 123-45,010-2977-1617,독서
16912,신소율,61,수원 유성구 123-45,010-4497-4799,음악감상
16913,최현우,46,천안 덕진구 123-45,010-1762-4144,운동
16914,임지원,44,광주 동구 123-45,010-1392-3868,독서
16915,박지후,72,포항 북구 123-45,010-6909-2886,영화감상
16916,한서연,54,대전 진해구 123-45,010-7408-5726,요리
16917,윤지안,33,세종 송파구 123-45,010-8857-3845,자전거 타기
16918,김지안,52,용인 성북구 123-45,010-5807-7667,음악감상
16919,장예은,34,남양주 서북구 123-45,010-6810-9788,일기 쓰기
16920,윤현우,24,고양 서북구 123-45,010-2089-6502,유튜브 보기
16921,정민수,50,평택 진해구 123-45,010-8684-1973,웹서핑
16922,신예린,45,화성 덕양구 123-45,010-5243-2648,드로잉
16923,박서연,32,세종 장유동 123-45,010-3358-5849,수영
16924,정예은,62,광주 송파구 123-45,010-4619-1689,여행
16925,신지원,34,전주 달서구 123-45,010-5612-5850,음악감상
16926,윤시우,67,광주 흥덕구 123-45,010-6318-2314,영화감상
16927,오건우,60,포항 송파구 123-45,010-1379-6719,유튜브 보기
16928,김예린,30,세종 남구 123-45,010-8224-8269,독서
16929,한예린,32,청주 북구 123-45,010-7455-9914,영화감상
16930,장현우,42,대전 일산동구 123-45,010-3630-4059,사진촬영
16931,최태윤,71,대전 강서구 123-45,010-8447-9396,카페 투어
16932,신태윤,34,창원 북구 123-45,010-3111-1508,운동
16933,장하은,66,용인 팔달구 123-45,010-1015-4726,웹서핑
16934,김서연,38,대구 수성구 123-45,010-6765-4625,운동
16935,조예은,25,포항 신제주 123-45,010-2820-1233,보드게임
16936,이시우,51,대구 달서구 123-45,010-6703-2860,독서
16937,오태윤,50,용인 달서구 123-45,010-3538-9734,음악감상
16938,강지안,26,대구 동구 123-45,010-1754-9109,게임
16939,이수빈,42,제주 일산동구 123-45,010-1504-4237,유튜브 보기
16940,오서연,40,대구 수성구 123-45,010-9642-6134,자전거 타기
16941,정유진,54,천안 진해구 123-45,010-5490-5201,음악감상
16942,김예은,47,대전 팔달구 123-45,010-2541-3263,유튜브 보기
16943,서지안,54,안양 신제주 123-45,010-4421-1234,영화감상
16944,임지민,63,성남 강남구 123-45,010-9247-1953,웹서핑
16945,윤시우,76,수원 유성구 123-45,010-3318-2817,게임
16946,김건우,45,인천 팔달구 123-45,010-7126-2422,일기 쓰기
16947,강건우,32,포항 흥덕구 123-45,010-2010-6470,등산
16948,장시우,22,부산 송파구 123-45,010-5590-5903,웹서핑
16949,서하윤,44,안양 진해구 123-45,010-3381-7852,사진촬영
16950,박유진,48,대전 신제주 123-45,010-6117-5812,뜨개질
16951,신수빈,77,세종 일산동구 123-45,010-1086-9778,사진촬영
16952,임건우,62,수원 중구 123-45,010-5423-4078,영화감상
16953,한서준,60,고양 장유동 123-45,010-5793-6931,영화감상
16954,장하윤,39,대구 달서구 123-45,010-1178-6239,요리
16955,박서연,21,안양 성북구 123-45,010-1523-6110,게임
16956,한도윤,59,화성 강서구 123-45,010-3482-1767,독서
16957,김서준,22,수원 신제주 123-45,010-8345-9102,영화감상
16958,조예린,20,용인 동구 123-45,010-1349-9936,요리
16959,임하윤,48,포항 동구 123-45,010-4104-4538,독서
16960,강지안,77,용인 진해구 123-45,010-1184-3610,카페 투어
16961,서예린,20,서울 강남구 123-45,010-5813-2228,웹서핑
16962,조지민,65,전주 분당구 123-45,010-6190-5183,운동
16963,임수빈,30,제주 성동구 123-45,010-4061-4486,운동
16964,최태윤,32,세종 기흥구 123-45,010-5927-4599,드로잉
16965,이시우,44,평택 덕양구 123-45,010-2189-6295,영화감상
16966,임은우,35,천안 성동구 123-45,010-9710-8452,등산
16967,김시우,26,안양 장유동 123-45,010-5842-4033,등산
16968,정민수,27,인천 달서구 123-45,010-7328-4846,등산
16969,최예린,35,대전 송파구 123-45,010-8145-3941,드로잉
16970,신현우,54,수원 성북구 123-45,010-3595-9262,여행
16971,신건우,46,전주 장유동 123-45,010-4415-3844,영화감상
16972,윤예린,79,울산 일산동구 123-45,010-4219-6350,요리
16973,정서준,24,고양 동구 123-45,010-1105-1623,영화감상
16974,한지안,73,화성 중구 123-45,010-6054-1558,일기 쓰기
16975,박태윤,68,화성 성동구 123-45,010-5356-6471,보드게임
16976,박예은,76,수원 진해구 123-45,010-5345-4696,드로잉
16977,정현우,61,화성 강남구 123-45,010-4406-1221,게임
16978,김은우,62,포항 성북구 123-45,010-3440-3101,카페 투어
16979,윤지원,29,인천 중구 123-45,010-4066-8050,카페 투어
16980,임민수,22,성남 서북구 123-45,010-9968-6356,독서
16981,조도윤,20,천안 서북구 123-45,010-4902-1431,수영
16982,윤시우,79,인천 성동구 123-45,010-2855-6536,운동
16983,박건우,68,천안 동구 123-45,010-6551-6605,독서
16984,정지원,25,용인 중구 123-45,010-6034-4922,보드게임
16985,신예린,50,남양주 성북구 123-45,010-2594-2836,게임
16986,조태윤,21,인천 강남구 123-45,010-2621-3170,수영
16987,임예린,79,대전 덕양구 123-45,010-9340-2047,음악감상
16988,이하은,52,안산 남구 123-45,010-2934-8106,게임
16989,박하은,75,제주 달서구 123-45,010-6002-7910,보드게임
16990,임시우,40,전주 서북구 123-45,010-7737-2354,일기 쓰기
16991,임지후,68,성남 동구 123-45,010-9178-2641,음악감상
16992,한지원,29,용인 팔달구 123-45,010-9579-8203,보드게임
16993,장시우,27,김해 북구 123-45,010-3327-6939,뜨개질
16994,윤은우,56,청주 성북구 123-45,010-2186-8863,수영
16995,장현우,44,남양주 덕진구 123-45,010-9487-1235,일기 쓰기
16996,서도윤,66,평택 덕양구 123-45,010-3027-5166,일기 쓰기
16997,서민수,49,천안 덕진구 123-45,010-9983-6868,뜨개질
16998,박서준,20,천안 진해구 123-45,010-6170-3058,요리
16999,임도윤,31,광주 수성구 123-45,010-4909-4101,사진촬영
17000,임지민,68,수원 강서구 123-45,010-8085-1532,보드게임
17001,장소율,63,안산 북구 123-45,010-8836-1761,뜨개질
17002,오수빈,21,평택 기흥구 123-45,010-1568-6419,뜨개질
17003,강지민,77,부산 유성구 123-45,010-5066-5327,수영
17004,조소율,66,남양주 송파구 123-45,010-8009-4258,영화감상
17005,오시우,63,고양 서북구 123-45,010-3501-3033,수영
17006,장은우,52,평택 팔달구 123-45,010-3244-3082,사진촬영
17007,한태윤,74,안산 북구 123-45,010-8264-6656,게임
17008,장서연,58,성남 분당구 123-45,010-1735-5587,게임
17009,서시우,62,부산 팔달구 123-45,010-4273-3454,독서
17010,최은우,51,전주 분당구 123-45,010-5046-4231,게임
17011,신하은,33,인천 중구 123-45,010-9790-9186,사진촬영
17012,박예은,62,전주 동구 123-45,010-2487-4718,독서
17013,정건우,36,대구 유성구 123-45,010-1130-3446,사진촬영
17014,강서연,42,남양주 강서구 123-45,010-4966-7473,독서
17015,윤서준,67,창원 덕진구 123-45,010-5148-4363,수영
17016,오태윤,47,성남 덕양구 123-45,010-3865-9898,게임
17017,한서연,36,대전 중구 123-45,010-4103-2786,등산
17018,이수빈,75,포항 진해구 123-45,010-6284-9769,요리
17019,윤은우,56,대구 남구 123-45,010-5521-3524,카페 투어
17020,임수빈,65,남양주 강서구 123-45,010-7989-1032,영화감상
17021,김지원,72,김해 분당구 123-45,010-1064-9602,카페 투어
17022,조예은,76,안양 수성구 123-45,010-7424-7431,유튜브 보기
17023,임건우,24,평택 유성구 123-45,010-1079-5124,영화감상
17024,박지후,64,제주 신제주 123-45,010-5659-5608,요리
17025,오예은,62,화성 해운대구 123-45,010-5709-1141,카페 투어
17026,신지안,22,천안 서북구 123-45,010-6330-4427,카페 투어
17027,김지원,63,포항 서북구 123-45,010-3437-6973,사진촬영
17028,이현우,24,창원 강서구 123-45,010-2659-4770,보드게임
17029,한지민,47,청주 달서구 123-45,010-6342-1541,여행
17030,오현우,53,고양 성동구 123-45,010-1859-4773,유튜브 보기
17031,김서연,64,김해 수성구 123-45,010-8963-2997,카페 투어
17032,김도윤,44,김해 동구 123-45,010-2454-6013,보드게임
17033,임현우,31,청주 해운대구 123-45,010-2323-7288,음악감상
17034,한유진,65,고양 강남구 123-45,010-4617-4676,유튜브 보기
17035,서지원,32,창원 중구 123-45,010-9169-1246,게임
17036,김서준,69,김해 북구 123-45,010-5490-1419,영화감상
17037,오지후,58,남양주 송파구 123-45,010-6156-1991,영화감상
17038,서현우,66,인천 수성구 123-45,010-8125-2930,수영
17039,서예은,64,남양주 북구 123-45,010-4088-2654,카페 투어
17040,서하윤,76,서울 덕진구 123-45,010-3432-5490,등산
17041,강유진,35,수원 진해구 123-45,010-6097-4610,사진촬영
17042,오지민,27,고양 성북구 123-45,010-8656-6677,유튜브 보기
17043,한수빈,45,제주 성동구 123-45,010-3662-4973,사진촬영
17044,서지안,38,포항 장유동 123-45,010-3625-8315,뜨개질
17045,서은우,39,광주 유성구 123-45,010-9314-8993,일기 쓰기
17046,임현우,74,안산 장유동 123-45,010-5928-1182,독서
17047,정민수,38,화성 진해구 123-45,010-2588-1381,유튜브 보기
17048,서서연,78,남양주 성동구 123-45,010-7163-8334,운동
17049,신현우,27,고양 분당구 123-45,010-4496-5107,웹서핑
17050,김민수,21,세종 남구 123-45,010-5647-3132,드로잉
17051,서예은,22,용인 신제주 123-45,010-8010-8868,유튜브 보기
17052,조서연,47,평택 장유동 123-45,010-9592-8411,운동
17053,강소율,36,제주 덕양구 123-45,010-5009-6042,여행
17054,박은우,41,제주 송파구 123-45,010-8660-2265,보드게임
17055,조민수,36,남양주 일산동구 123-45,010-6753-7084,음악감상
17056,장하은,36,포항 덕양구 123-45,010-4135-2457,보드게임
17057,임지후,73,제주 동구 123-45,010-3903-3700,여행
17058,김소율,41,성남 덕진구 123-45,010-3102-8203,운동
17059,신예린,49,청주 일산동구 123-45,010-3159-7795,등산
17060,이하윤,50,용인 팔달구 123-45,010-7999-1041,카페 투어
17061,윤서연,37,수원 기흥구 123-45,010-8512-3410,등산
17062,강건우,47,부산 해운대구 123-45,010-5023-5460,운동
17063,이서연,73,김해 분당구 123-45,010-2486-1586,운동
17064,최지민,41,화성 흥덕구 123-45,010-8378-7619,음악감상
17065,조태윤,23,평택 신제주 123-45,010-3318-6620,여행
17066,신지후,21,인천 유성구 123-45,010-9454-2362,보드게임
17067,이서준,40,용인 서북구 123-45,010-6972-1464,카페 투어
17068,김하은,61,부산 남구 123-45,010-2375-4463,독서
17069,윤지원,24,화성 흥덕구 123-45,010-2551-2593,보드게임
17070,김예린,64,서울 해운대구 123-45,010-2643-5197,운동
17071,김서준,77,평택 서북구 123-45,010-4307-1791,드로잉
17072,정민수,25,성남 북구 123-45,010-4614-2733,독서
17073,강지원,64,용인 팔달구 123-45,010-3357-3019,자전거 타기
17074,윤수빈,68,부산 송파구 123-45,010-7750-2999,등산
17075,장예린,30,포항 북구 123-45,010-6162-5277,수영
17076,이예린,78,안양 강서구 123-45,010-6863-6476,운동
17077,임시우,55,고양 기흥구 123-45,010-2399-4168,유튜브 보기
17078,김서준,61,청주 덕진구 123-45,010-8223-3294,웹서핑
17079,조예은,57,고양 달서구 123-45,010-7121-1755,일기 쓰기
17080,신시우,21,청주 중구 123-45,010-3642-4326,요리
17081,신서준,45,서울 신제주 123-45,010-3021-1665,게임
17082,김지후,70,안양 강서구 123-45,010-9654-5356,수영
17083,한은우,43,서울 서북구 123-45,010-1288-4177,웹서핑
17084,서하은,72,광주 성동구 123-45,010-4455-1569,수영
17085,최하은,45,김해 동구 123-45,010-3014-7790,카페 투어
17086,강예린,45,화성 유성구 123-45,010-2387-3183,웹서핑
17087,최예은,76,천안 흥덕구 123-45,010-7446-3615,게임
17088,조태윤,63,인천 기흥구 123-45,010-4950-9310,자전거 타기
17089,이지후,24,용인 분당구 123-45,010-2924-3942,뜨개질
17090,서서연,76,안양 성동구 123-45,010-7214-3055,웹서핑
17091,윤유진,64,전주 서북구 123-45,010-8597-2029,수영
17092,서하윤,32,김해 송파구 123-45,010-9296-7077,보드게임
17093,김하은,42,세종 성동구 123-45,010-4206-4339,카페 투어
17094,조시우,60,남양주 덕양구 123-45,010-3376-6678,카페 투어
17095,이민수,74,화성 해운대구 123-45,010-5956-3962,자전거 타기
17096,김서연,21,포항 송파구 123-45,010-1339-7213,드로잉
17097,서시우,39,청주 일산동구 123-45,010-5301-3851,웹서핑
17098,윤지후,77,부산 일산동구 123-45,010-6327-9339,운동
17099,신지후,55,평택 성북구 123-45,010-7420-1079,독서
17100,강도윤,32,청주 덕양구 123-45,010-1144-5952,여행
17101,오민수,47,대구 서북구 123-45,010-1631-2471,음악감상
17102,정현우,63,김해 성북구 123-45,010-1508-8213,영화감상
17103,강유진,55,안양 남구 123-45,010-2403-4932,독서
17104,박수빈,43,김해 흥덕구 123-45,010-7760-1412,수영
17105,최서준,37,김해 덕진구 123-45,010-4301-8543,자전거 타기
17106,서지안,69,청주 수성구 123-45,010-4808-5597,게임
17107,조서연,54,용인 덕진구 123-45,010-2466-8425,등산
17108,한소율,35,광주 덕양구 123-45,010-3145-9066,여행
17109,한예린,31,대구 진해구 123-45,010-6631-8531,자전거 타기
17110,조지후,20,대구 달서구 123-45,010-2793-9603,독서
17111,임하윤,72,세종 수성구 123-45,010-6457-9582,음악감상
17112,정은우,63,제주 기흥구 123-45,010-4781-1970,드로잉
17113,서지후,39,청주 유성구 123-45,010-5389-8786,보드게임
17114,오수빈,44,안양 유성구 123-45,010-8553-2535,보드게임
17115,오시우,33,김해 성동구 123-45,010-5833-2546,웹서핑
17116,장유진,29,성남 동구 123-45,010-4058-2603,운동
17117,최예은,46,포항 북구 123-45,010-9096-3478,여행
17118,강은우,69,부산 일산동구 123-45,010-9086-5280,일기 쓰기
17119,신건우,24,수원 일산동구 123-45,010-8872-7814,자전거 타기
17120,임은우,43,안산 중구 123-45,010-7354-9031,유튜브 보기
17121,조지후,52,광주 장유동 123-45,010-5950-9197,사진촬영
17122,신하윤,67,부산 성북구 123-45,010-6378-2080,운동
17123,정하은,70,안양 팔달구 123-45,010-4232-8538,사진촬영
17124,임지안,46,청주 해운대구 123-45,010-3260-6436,음악감상
17125,윤은우,20,성남 달서구 123-45,010-2369-5888,뜨개질
17126,서소율,57,천안 덕진구 123-45,010-5860-6061,음악감상
17127,한현우,23,울산 중구 123-45,010-1319-8454,게임
17128,오현우,46,광주 북구 123-45,010-1816-3123,독서
17129,이지민,44,고양 신제주 123-45,010-4983-6311,유튜브 보기
17130,강건우,69,청주 팔달구 123-45,010-4180-5936,웹서핑
17131,장민수,43,대전 신제주 123-45,010-3991-7418,웹서핑
17132,최은우,75,안양 신제주 123-45,010-7510-3516,유튜브 보기
17133,조민수,66,평택 덕진구 123-45,010-2642-3185,자전거 타기
17134,김지후,77,화성 남구 123-45,010-3970-9609,뜨개질
17135,서하윤,73,고양 달서구 123-45,010-4086-1405,웹서핑
17136,한지후,24,안산 동구 123-45,010-6349-2391,사진촬영
17137,신지원,31,안양 강서구 123-45,010-3105-1512,사진촬영
17138,김지안,38,인천 팔달구 123-45,010-8774-1263,여행
17139,조하윤,23,인천 서구 123-45,010-6590-9513,영화감상
17140,김지원,27,김해 강남구 123-45,010-9719-5411,보드게임
17141,윤소율,42,제주 강남구 123-45,010-7187-1714,사진촬영
17142,강지원,28,안양 흥덕구 123-45,010-6888-8740,유튜브 보기
17143,박서연,47,성남 동구 123-45,010-9542-1956,뜨개질
17144,오지후,42,전주 동구 123-45,010-1523-5362,보드게임
17145,임건우,25,청주 성북구 123-45,010-8314-3568,뜨개질
17146,정도윤,34,서울 달서구 123-45,010-8056-7766,운동
17147,윤예린,42,화성 해운대구 123-45,010-6126-2303,수영
17148,서은우,70,안산 기흥구 123-45,010-5114-3378,자전거 타기
17149,오소율,55,평택 해운대구 123-45,010-5197-9434,보드게임
17150,장은우,54,서울 해운대구 123-45,010-4238-3654,사진촬영
17151,신하은,24,수원 강남구 123-45,010-7742-5778,웹서핑
17152,조지민,59,포항 분당구 123-45,010-8058-5716,웹서핑
17153,강시우,51,김해 덕양구 123-45,010-3228-8095,게임
17154,윤지후,46,인천 강서구 123-45,010-3074-3604,수영
17155,서예린,32,전주 일산동구 123-45,010-4774-4420,자전거 타기
17156,최민수,48,안산 장유동 123-45,010-4604-8983,게임
17157,오태윤,46,부산 해운대구 123-45,010-2247-3153,영화감상
17158,오하은,55,부산 덕양구 123-45,010-2724-5167,여행
17159,윤민수,56,안산 기흥구 123-45,010-5822-1158,뜨개질
17160,오은우,71,천안 유성구 123-45,010-9752-8445,카페 투어
17161,정민수,52,용인 수성구 123-45,010-4846-5862,여행
17162,서도윤,73,성남 분당구 123-45,010-2261-2017,카페 투어
17163,김지후,62,청주 흥덕구 123-45,010-8166-6577,요리
17164,최서준,26,제주 동구 123-45,010-5951-1948,카페 투어
17165,장소율,44,전주 서북구 123-45,010-5529-8831,카페 투어
17166,서현우,63,세종 흥덕구 123-45,010-9971-1944,카페 투어
17167,박건우,27,용인 분당구 123-45,010-6070-4307,요리
17168,강시우,46,부산 송파구 123-45,010-9327-7230,웹서핑
17169,윤지민,60,안산 진해구 123-45,010-4785-9788,드로잉
17170,조도윤,51,제주 덕양구 123-45,010-4128-8861,수영
17171,강현우,55,세종 동구 123-45,010-6246-3636,보드게임
17172,오유진,71,김해 흥덕구 123-45,010-8530-5377,여행
17173,최유진,46,서울 동구 123-45,010-3316-9045,자전거 타기
17174,윤현우,39,대구 수성구 123-45,010-2450-4800,요리
17175,조지민,58,수원 성동구 123-45,010-6622-4206,보드게임
17176,임서준,32,고양 중구 123-45,010-5350-9597,영화감상
17177,최지안,27,제주 덕양구 123-45,010-5275-2337,사진촬영
17178,서은우,32,고양 강서구 123-45,010-4875-7145,보드게임
17179,강지민,51,제주 성동구 123-45,010-5343-4312,영화감상
17180,조건우,75,부산 수성구 123-45,010-1101-2220,유튜브 보기
17181,임지안,35,서울 달서구 123-45,010-2798-2754,게임
17182,박시우,74,용인 수성구 123-45,010-5785-8168,유튜브 보기
17183,신예은,32,안산 장유동 123-45,010-9767-4833,등산
17184,조서연,66,세종 중구 123-45,010-3774-6692,보드게임
17185,서시우,22,성남 분당구 123-45,010-9470-2198,자전거 타기
17186,조태윤,73,수원 성북구 123-45,010-3014-8492,카페 투어
17187,최지민,63,광주 장유동 123-45,010-3704-6002,음악감상
17188,김수빈,54,남양주 달서구 123-45,010-6808-9815,자전거 타기
17189,서서준,68,남양주 팔달구 123-45,010-9553-5998,사진촬영
17190,강도윤,60,수원 일산동구 123-45,010-2913-4862,음악감상
17191,장유진,69,안산 성동구 123-45,010-1408-9939,여행
17192,서민수,59,성남 강서구 123-45,010-6397-6043,일기 쓰기
17193,강서연,20,부산 강남구 123-45,010-4833-6602,보드게임
17194,오서연,52,청주 팔달구 123-45,010-3746-8142,음악감상
17195,신하은,78,세종 달서구 123-45,010-1889-2651,등산
17196,최소율,65,제주 덕진구 123-45,010-5412-4649,독서
17197,서지민,59,전주 기흥구 123-45,010-7005-2273,음악감상
17198,오지후,29,청주 진해구 123-45,010-3993-7316,보드게임
17199,박건우,53,서울 일산동구 123-45,010-5065-2964,카페 투어
17200,이도윤,63,인천 강남구 123-45,010-6941-4560,일기 쓰기
17201,한태윤,21,남양주 성동구 123-45,010-3516-7933,음악감상
17202,이예은,71,전주 팔달구 123-45,010-2350-5487,운동
17203,정유진,64,제주 성북구 123-45,010-4610-7124,독서
17204,서태윤,71,울산 송파구 123-45,010-2056-7290,게임
17205,정현우,58,전주 신제주 123-45,010-3960-7620,사진촬영
17206,김현우,70,광주 중구 123-45,010-9961-8345,등산
17207,박건우,45,안산 강서구 123-45,010-6643-4964,등산
17208,한소율,51,김해 흥덕구 123-45,010-9741-4005,등산
17209,박유진,45,세종 성동구 123-45,010-1984-2727,게임
17210,이하은,78,대전 일산동구 123-45,010-4722-8000,수영
17211,한수빈,53,광주 남구 123-45,010-2732-3668,일기 쓰기
17212,윤서준,68,성남 유성구 123-45,010-6732-3226,자전거 타기
17213,장은우,56,대구 북구 123-45,010-7612-8766,음악감상
17214,서은우,26,부산 유성구 123-45,010-1441-2381,영화감상
17215,최도윤,56,인천 덕양구 123-45,010-8429-9076,유튜브 보기
17216,조예은,66,안산 성북구 123-45,010-9213-7057,요리
17217,박태윤,57,전주 덕진구 123-45,010-6620-1368,웹서핑
17218,서소율,59,고양 송파구 123-45,010-8678-6072,여행
17219,윤현우,21,화성 강서구 123-45,010-9966-8380,사진촬영
17220,한서준,20,안양 북구 123-45,010-6584-4026,사진촬영
17221,조지원,41,안양 수성구 123-45,010-3000-9519,게임
17222,임유진,29,청주 진해구 123-45,010-5673-3473,보드게임
17223,오서준,70,수원 수성구 123-45,010-8559-6123,유튜브 보기
17224,최수빈,28,안양 강서구 123-45,010-6462-6477,영화감상
17225,이은우,76,안산 남구 123-45,010-4192-1089,등산
17226,박지안,68,안산 일산동구 123-45,010-7883-7175,요리
17227,최시우,53,울산 해운대구 123-45,010-5640-8738,자전거 타기
17228,서하윤,44,안산 달서구 123-45,010-5141-4177,영화감상
17229,강은우,58,안산 강서구 123-45,010-6316-8839,요리
17230,임하은,60,광주 일산동구 123-45,010-9746-8587,드로잉
17231,박시우,47,평택 덕진구 123-45,010-9321-4009,자전거 타기
17232,오현우,33,부산 흥덕구 123-45,010-4903-4943,독서
17233,강서준,42,안양 신제주 123-45,010-1780-2577,수영
17234,이시우,48,부산 덕진구 123-45,010-3384-7470,뜨개질
17235,신은우,64,안산 장유동 123-45,010-6698-8608,카페 투어
17236,김지민,35,세종 강남구 123-45,010-5010-6247,수영
17237,윤하윤,34,제주 남구 123-45,010-5136-1535,일기 쓰기
17238,박유진,78,대구 성북구 123-45,010-4899-2237,게임
17239,최예은,40,고양 팔달구 123-45,010-8852-5791,음악감상
17240,오지민,53,광주 일산동구 123-45,010-5640-7449,독서
17241,조서연,52,인천 달서구 123-45,010-4153-3064,수영
17242,윤서연,52,남양주 유성구 123-45,010-1077-5427,유튜브 보기
17243,조지민,78,천안 팔달구 123-45,010-9773-7701,게임
17244,임예은,65,수원 수성구 123-45,010-9719-4725,요리
17245,김지민,73,창원 유성구 123-45,010-7349-1334,수영
17246,박지후,46,청주 북구 123-45,010-5220-5159,웹서핑
17247,최지안,52,울산 남구 123-45,010-9438-1371,등산
17248,최소율,29,청주 팔달구 123-45,010-8857-1906,뜨개질
17249,김서연,52,제주 동구 123-45,010-2926-3935,사진촬영
17250,정지후,66,세종 수성구 123-45,010-7778-3672,요리
17251,한태윤,28,안양 달서구 123-45,010-4808-6649,여행
17252,최서준,74,전주 기흥구 123-45,010-6413-7945,사진촬영
17253,장하은,51,제주 강서구 123-45,010-3066-3044,사진촬영
17254,임하윤,47,안양 북구 123-45,010-1950-1863,자전거 타기
17255,장서준,23,수원 해운대구 123-45,010-5985-2807,운동
17256,정태윤,44,부산 강남구 123-45,010-9890-7379,등산
17257,한시우,56,서울 장유동 123-45,010-2867-4957,요리
17258,서하윤,24,천안 남구 123-45,010-2384-3212,게임
17259,최현우,49,부산 분당구 123-45,010-7131-1933,수영
17260,한태윤,23,평택 서북구 123-45,010-5082-4629,카페 투어
17261,장도윤,64,용인 해운대구 123-45,010-9175-5625,독서
17262,임은우,50,김해 강서구 123-45,010-2712-4087,자전거 타기
17263,김수빈,25,제주 서구 123-45,010-9781-5770,카페 투어
17264,이유진,74,인천 달서구 123-45,010-8924-3474,사진촬영
17265,서도윤,27,세종 남구 123-45,010-2056-4282,웹서핑
17266,정서준,57,김해 기흥구 123-45,010-9710-6672,수영
17267,김도윤,48,용인 송파구 123-45,010-9222-9648,사진촬영
17268,임하은,39,인천 중구 123-45,010-1872-6345,게임
17269,박현우,49,청주 중구 123-45,010-4253-3886,운동
17270,조예은,77,안양 송파구 123-45,010-5210-5342,게임
17271,강하윤,51,안양 남구 123-45,010-4192-1781,자전거 타기
17272,한지민,56,용인 진해구 123-45,010-1294-9257,운동
17273,한지안,46,인천 달서구 123-45,010-5262-1678,뜨개질
17274,정지민,29,성남 기흥구 123-45,010-5420-9290,일기 쓰기
17275,조유진,76,대구 서구 123-45,010-8410-8274,사진촬영
17276,김태윤,66,김해 일산동구 123-45,010-3542-7579,등산
17277,한건우,41,용인 덕양구 123-45,010-4490-5786,일기 쓰기
17278,한예린,31,인천 수성구 123-45,010-2300-5828,수영
17279,최은우,44,남양주 진해구 123-45,010-6276-7047,보드게임
17280,최건우,77,창원 강서구 123-45,010-5185-1103,여행
17281,조지원,68,광주 흥덕구 123-45,010-4099-4993,보드게임
17282,강하윤,49,서울 기흥구 123-45,010-6026-7924,유튜브 보기
17283,강예린,38,전주 해운대구 123-45,010-6174-1675,수영
17284,정지민,60,천안 북구 123-45,010-6237-4437,운동
17285,신지후,45,울산 기흥구 123-45,010-9696-8669,게임
17286,정서연,60,수원 강남구 123-45,010-3222-4130,영화감상
17287,이예은,64,청주 진해구 123-45,010-5168-4087,여행
17288,조수빈,65,성남 성북구 123-45,010-6931-1308,요리
17289,이소율,44,대구 팔달구 123-45,010-3338-7532,영화감상
17290,임서준,56,인천 동구 123-45,010-7729-9349,카페 투어
17291,장소율,20,서울 서구 123-45,010-8842-4332,보드게임
17292,강예린,26,화성 남구 123-45,010-1948-1102,독서
17293,임도윤,27,포항 해운대구 123-45,010-3295-8959,사진촬영
17294,임민수,68,대구 기흥구 123-45,010-9833-1143,웹서핑
17295,윤유진,55,김해 강남구 123-45,010-3156-6576,음악감상
17296,임소율,48,부산 덕양구 123-45,010-6718-1017,영화감상
17297,서유진,53,전주 남구 123-45,010-1056-1678,웹서핑
17298,정유진,54,청주 진해구 123-45,010-5807-1422,음악감상
17299,정민수,57,제주 동구 123-45,010-3126-5339,웹서핑
17300,김은우,39,안양 진해구 123-45,010-1586-2678,카페 투어
17301,김도윤,53,대전 장유동 123-45,010-6325-4001,수영
17302,서태윤,76,김해 신제주 123-45,010-4372-1219,자전거 타기
17303,임지후,26,성남 장유동 123-45,010-4145-2799,요리
17304,오하윤,75,전주 동구 123-45,010-5649-4525,영화감상
17305,김수빈,52,전주 진해구 123-45,010-2022-2663,게임
17306,오지안,27,평택 성북구 123-45,010-2927-3149,여행
17307,강소율,61,인천 유성구 123-45,010-1123-6947,유튜브 보기
17308,강하윤,43,세종 해운대구 123-45,010-2914-6886,일기 쓰기
17309,김지후,38,김해 성북구 123-45,010-1516-4986,게임
17310,김소율,55,전주 신제주 123-45,010-4159-5254,유튜브 보기
17311,신도윤,32,고양 달서구 123-45,010-4654-3198,음악감상
17312,정은우,52,서울 달서구 123-45,010-7140-6208,사진촬영
17313,신건우,67,청주 일산동구 123-45,010-3621-5408,여행
17314,최소율,32,남양주 강서구 123-45,010-5902-8156,음악감상
17315,임소율,69,청주 동구 123-45,010-7544-4017,웹서핑
17316,한예은,46,수원 강남구 123-45,010-8537-4060,웹서핑
17317,임도윤,38,고양 유성구 123-45,010-4139-3490,독서
17318,윤예린,25,수원 장유동 123-45,010-6203-2833,음악감상
17319,한은우,21,대전 송파구 123-45,010-2819-8292,독서
17320,정서연,45,포항 신제주 123-45,010-6528-7130,드로잉
17321,이지안,41,서울 덕진구 123-45,010-2316-3912,음악감상
17322,오수빈,60,화성 팔달구 123-45,010-5862-2683,뜨개질
17323,한도윤,51,인천 달서구 123-45,010-7485-5262,자전거 타기
17324,조지민,69,남양주 흥덕구 123-45,010-9753-6690,영화감상
17325,신민수,30,세종 동구 123-45,010-3386-7473,유튜브 보기
17326,윤예은,71,포항 기흥구 123-45,010-3358-6386,수영
17327,조민수,41,전주 기흥구 123-45,010-6696-1521,독서
17328,신시우,66,용인 서북구 123-45,010-6532-1668,카페 투어
17329,오건우,66,서울 달서구 123-45,010-4492-5327,일기 쓰기
17330,임하윤,55,안산 진해구 123-45,010-6389-1584,카페 투어
17331,최서준,29,제주 송파구 123-45,010-8891-5547,수영
17332,서하윤,51,서울 팔달구 123-45,010-9169-2575,게임
17333,신도윤,69,용인 덕양구 123-45,010-8065-2744,드로잉
17334,이하은,31,용인 진해구 123-45,010-8098-8731,여행
17335,장소율,57,남양주 덕양구 123-45,010-5421-7173,자전거 타기
17336,정하윤,49,천안 기흥구 123-45,010-3184-6349,게임
17337,신예은,26,전주 서북구 123-45,010-5915-6885,게임
17338,신은우,61,화성 기흥구 123-45,010-7614-2637,등산
17339,김유진,51,창원 덕양구 123-45,010-2624-1351,뜨개질
17340,한지후,64,김해 진해구 123-45,010-4545-9972,뜨개질
17341,박지민,79,용인 서북구 123-45,010-1601-6262,음악감상
17342,한수빈,67,남양주 동구 123-45,010-4279-7532,게임
17343,오하은,47,창원 성북구 123-45,010-1283-6153,보드게임
17344,장소율,32,광주 북구 123-45,010-8204-5853,뜨개질
17345,윤서연,66,부산 흥덕구 123-45,010-4667-3506,일기 쓰기
17346,오도윤,75,제주 팔달구 123-45,010-4118-2697,자전거 타기
17347,이민수,23,전주 덕양구 123-45,010-2398-5539,자전거 타기
17348,신은우,57,화성 기흥구 123-45,010-6793-4448,독서
17349,장지민,40,김해 장유동 123-45,010-4337-9603,게임
17350,강유진,71,안양 강남구 123-45,010-4371-4603,수영
17351,오지후,30,고양 해운대구 123-45,010-1417-7284,자전거 타기
17352,오현우,54,서울 분당구 123-45,010-7929-5172,카페 투어
17353,서지원,77,김해 팔달구 123-45,010-2283-7191,독서
17354,박지후,43,광주 팔달구 123-45,010-5031-2772,자전거 타기
17355,신수빈,31,평택 기흥구 123-45,010-8772-5589,요리
17356,조소율,40,김해 흥덕구 123-45,010-4674-7491,등산
17357,오민수,73,안양 기흥구 123-45,010-6161-2727,요리
17358,신하윤,73,서울 중구 123-45,010-7000-9146,웹서핑
17359,윤태윤,59,창원 북구 123-45,010-8111-9470,웹서핑
17360,이태윤,39,김해 성동구 123-45,010-2541-6987,웹서핑
17361,신수빈,23,세종 유성구 123-45,010-2612-1323,카페 투어
17362,조현우,68,포항 송파구 123-45,010-8167-5486,독서
17363,이수빈,50,용인 일산동구 123-45,010-1995-8599,독서
17364,임시우,31,김해 성동구 123-45,010-9795-3669,운동
17365,정시우,44,안양 일산동구 123-45,010-9418-7443,자전거 타기
17366,박서준,27,부산 유성구 123-45,010-9869-8208,수영
17367,이지원,24,안산 성동구 123-45,010-1502-1000,독서
17368,임하윤,72,서울 서북구 123-45,010-8610-9825,자전거 타기
17369,강도윤,36,평택 서북구 123-45,010-7884-3670,사진촬영
17370,서지민,27,포항 달서구 123-45,010-1424-6080,독서
17371,최수빈,60,부산 북구 123-45,010-6393-2048,요리
17372,최태윤,25,화성 덕진구 123-45,010-7684-8702,수영
17373,윤태윤,43,김해 일산동구 123-45,010-9762-4710,여행
17374,이서준,32,서울 강서구 123-45,010-2602-5221,웹서핑
17375,윤시우,31,광주 기흥구 123-45,010-7645-4544,보드게임
17376,강하윤,31,청주 분당구 123-45,010-1856-4830,보드게임
17377,장지원,73,성남 북구 123-45,010-3253-3385,뜨개질
17378,박현우,29,광주 서북구 123-45,010-6386-1409,수영
17379,박지후,22,광주 성동구 123-45,010-8680-4568,드로잉
17380,장지후,39,부산 진해구 123-45,010-6717-3927,드로잉
17381,이서연,22,광주 일산동구 123-45,010-3771-4104,등산
17382,윤하은,40,광주 남구 123-45,010-3440-7770,사진촬영
17383,장건우,46,대구 수성구 123-45,010-9908-5160,게임
17384,오지후,62,천안 흥덕구 123-45,010-2077-5298,음악감상
17385,조지후,41,제주 신제주 123-45,010-8950-6699,요리
17386,신은우,23,화성 송파구 123-45,010-5179-4017,게임
17387,임건우,34,천안 장유동 123-45,010-2951-3640,등산
17388,박하윤,23,김해 덕진구 123-45,010-1423-1831,음악감상
17389,윤수빈,67,광주 중구 123-45,010-1869-4585,사진촬영
17390,오예은,23,남양주 서구 123-45,010-2701-7750,음악감상
17391,임건우,57,대전 덕양구 123-45,010-7347-1751,등산
17392,윤건우,29,안산 분당구 123-45,010-2995-5606,보드게임
17393,윤민수,60,대구 덕양구 123-45,010-7591-8532,유튜브 보기
17394,윤태윤,56,화성 강남구 123-45,010-7853-8224,웹서핑
17395,박지후,66,안산 해운대구 123-45,010-6151-9591,보드게임
17396,박서준,47,울산 성동구 123-45,010-5945-1750,운동
17397,오시우,56,김해 동구 123-45,010-3862-4194,요리
17398,윤시우,70,안산 서북구 123-45,010-3163-9513,여행
17399,김수빈,62,울산 팔달구 123-45,010-7099-6374,독서
17400,이지원,38,세종 남구 123-45,010-6409-1049,운동
17401,오하윤,39,성남 중구 123-45,010-7177-6116,독서
17402,김서연,61,인천 일산동구 123-45,010-4839-2807,음악감상
17403,이현우,37,화성 유성구 123-45,010-9142-6669,음악감상
17404,최하은,54,수원 달서구 123-45,010-6507-4637,웹서핑
17405,조은우,32,안산 서북구 123-45,010-7944-4426,보드게임
17406,임소율,76,세종 해운대구 123-45,010-7378-4955,영화감상
17407,윤건우,75,용인 남구 123-45,010-2450-8932,요리
17408,정지후,59,서울 분당구 123-45,010-6039-6539,등산
17409,박도윤,52,포항 해운대구 123-45,010-8323-3371,유튜브 보기
17410,강유진,24,대전 서북구 123-45,010-6186-8389,등산
17411,장수빈,28,화성 성동구 123-45,010-1870-1970,웹서핑
17412,장예은,69,포항 북구 123-45,010-1790-6594,독서
17413,강지안,43,인천 북구 123-45,010-4922-9089,보드게임
17414,김건우,69,포항 달서구 123-45,010-9120-1660,운동
17415,신지원,27,전주 성동구 123-45,010-9538-3480,운동
17416,강현우,71,화성 수성구 123-45,010-9454-5836,영화감상
17417,신유진,61,김해 수성구 123-45,010-1029-3298,여행
17418,최건우,23,남양주 송파구 123-45,010-8788-2210,웹서핑
17419,강소율,78,광주 일산동구 123-45,010-2198-3511,유튜브 보기
17420,박태윤,26,광주 수성구 123-45,010-5016-5343,드로잉
17421,정서준,74,창원 달서구 123-45,010-5220-2375,웹서핑
17422,조하은,74,대전 흥덕구 123-45,010-4479-3061,요리
17423,최시우,43,제주 장유동 123-45,010-3651-9461,독서
17424,장현우,66,성남 중구 123-45,010-4605-4853,수영
17425,윤예은,73,서울 송파구 123-45,010-9679-7280,유튜브 보기
17426,정건우,29,부산 서북구 123-45,010-4695-4894,웹서핑
17427,한태윤,43,포항 덕진구 123-45,010-9071-3618,게임
17428,김태윤,55,전주 서구 123-45,010-3331-3452,독서
17429,정예은,60,성남 성동구 123-45,010-2878-2861,영화감상
17430,강도윤,57,부산 달서구 123-45,010-5926-1973,카페 투어
17431,이지안,77,청주 서북구 123-45,010-9923-3624,카페 투어
17432,서태윤,69,대구 서북구 123-45,010-2292-2116,뜨개질
17433,조지민,57,대전 장유동 123-45,010-3738-6085,카페 투어
17434,이소율,50,용인 장유동 123-45,010-5570-2682,웹서핑
17435,정현우,59,제주 분당구 123-45,010-7583-7774,보드게임
17436,강수빈,63,대전 강서구 123-45,010-6030-4407,게임
17437,이하윤,37,성남 서구 123-45,010-7625-9506,자전거 타기
17438,임지민,36,부산 북구 123-45,010-6317-5061,운동
17439,윤하은,51,세종 송파구 123-45,010-9412-2179,요리
17440,정소율,71,서울 유성구 123-45,010-2003-3540,웹서핑
17441,정도윤,79,세종 팔달구 123-45,010-4357-4330,영화감상
17442,김지원,75,용인 북구 123-45,010-9230-3965,등산
17443,최하윤,58,광주 덕양구 123-45,010-2448-1840,음악감상
17444,최예은,35,평택 기흥구 123-45,010-9954-7546,독서
17445,서지후,61,울산 북구 123-45,010-7732-4886,독서
17446,최지후,47,포항 진해구 123-45,010-5893-5139,운동
17447,박건우,48,세종 북구 123-45,010-9253-5645,음악감상
17448,최수빈,44,인천 해운대구 123-45,010-5539-1882,드로잉
17449,한하은,41,세종 팔달구 123-45,010-4768-4318,보드게임
17450,김도윤,43,제주 강서구 123-45,010-3569-7215,독서
17451,서도윤,57,세종 서구 123-45,010-5761-9297,게임
17452,박예은,65,안양 덕진구 123-45,010-9630-1588,음악감상
17453,박예린,57,수원 일산동구 123-45,010-7159-9193,뜨개질
17454,윤지후,52,대구 강남구 123-45,010-6508-2409,일기 쓰기
17455,윤수빈,49,청주 중구 123-45,010-5966-9694,사진촬영
17456,김소율,32,청주 유성구 123-45,010-4083-3055,사진촬영
17457,박지안,79,용인 해운대구 123-45,010-5587-1665,음악감상
17458,김예린,70,김해 강서구 123-45,010-7637-2824,일기 쓰기
17459,최하윤,39,포항 해운대구 123-45,010-4235-7010,독서
17460,최서준,79,인천 분당구 123-45,010-1202-7101,뜨개질
17461,김지민,71,제주 성동구 123-45,010-3179-5004,독서
17462,최현우,65,인천 서구 123-45,010-5868-7686,자전거 타기
17463,한예린,76,제주 팔달구 123-45,010-3456-2614,뜨개질
17464,조건우,67,김해 강남구 123-45,010-7739-2356,웹서핑
17465,정예린,31,대전 남구 123-45,010-5815-5139,영화감상
17466,강민수,20,창원 달서구 123-45,010-6097-9801,유튜브 보기
17467,한지안,28,안양 기흥구 123-45,010-4197-9458,수영
17468,강지후,44,제주 해운대구 123-45,010-9430-6341,뜨개질
17469,조도윤,29,청주 팔달구 123-45,010-5518-6046,카페 투어
17470,오수빈,57,서울 동구 123-45,010-8365-3866,드로잉
17471,오예린,51,울산 해운대구 123-45,010-4009-9614,웹서핑
17472,서하은,22,광주 수성구 123-45,010-7691-8928,보드게임
17473,한건우,35,광주 북구 123-45,010-6066-1356,영화감상
17474,오민수,78,청주 동구 123-45,010-8998-1233,여행
17475,오도윤,61,울산 진해구 123-45,010-7126-2506,뜨개질
17476,서태윤,29,김해 북구 123-45,010-6690-5109,수영
17477,오지원,39,전주 팔달구 123-45,010-2450-4591,수영
17478,강수빈,56,용인 흥덕구 123-45,010-8469-4302,유튜브 보기
17479,윤하윤,57,용인 신제주 123-45,010-2531-7445,웹서핑
17480,정건우,48,안양 덕양구 123-45,010-2507-6532,드로잉
17481,임건우,50,서울 동구 123-45,010-5343-1621,등산
17482,정지안,55,천안 진해구 123-45,010-1002-1896,수영
17483,윤하윤,49,전주 팔달구 123-45,010-1353-3864,음악감상
17484,오예은,36,제주 강남구 123-45,010-8743-3660,카페 투어
17485,정도윤,31,광주 신제주 123-45,010-1167-2135,드로잉
17486,윤하은,26,용인 서구 123-45,010-2270-6656,영화감상
17487,최수빈,23,전주 성북구 123-45,010-7774-6547,일기 쓰기
17488,장예은,69,성남 중구 123-45,010-3908-6846,카페 투어
17489,한지후,32,성남 서북구 123-45,010-1027-4781,영화감상
17490,이예린,59,안양 성북구 123-45,010-4391-8647,영화감상
17491,오유진,28,인천 유성구 123-45,010-6355-8398,수영
17492,윤서연,75,안산 신제주 123-45,010-8500-4562,운동
17493,신수빈,47,고양 일산동구 123-45,010-7243-8255,카페 투어
17494,한소율,40,서울 해운대구 123-45,010-2239-3747,운동
17495,임수빈,75,남양주 분당구 123-45,010-2408-7441,여행
17496,서도윤,58,안양 분당구 123-45,010-4693-2632,영화감상
17497,이서연,53,고양 진해구 123-45,010-4351-7372,운동
17498,강은우,38,수원 진해구 123-45,010-6364-4492,여행
17499,윤현우,22,대전 강서구 123-45,010-1462-3587,수영
17500,정지안,37,천안 해운대구 123-45,010-1185-8768,웹서핑
17501,장소율,78,대구 덕진구 123-45,010-7336-1374,보드게임
17502,신수빈,25,용인 달서구 123-45,010-3768-8004,음악감상
17503,오도윤,31,평택 일산동구 123-45,010-6723-8333,운동
17504,정은우,58,청주 신제주 123-45,010-7583-8801,영화감상
17505,오도윤,70,대전 흥덕구 123-45,010-1164-1779,등산
17506,신시우,41,부산 강남구 123-45,010-5434-4289,여행
17507,정시우,59,청주 서구 123-45,010-3616-2295,여행
17508,한지원,51,안산 유성구 123-45,010-6710-9149,수영
17509,장서준,44,부산 장유동 123-45,010-7021-9068,사진촬영
17510,윤지안,45,용인 성동구 123-45,010-4561-6476,유튜브 보기
17511,서지안,78,광주 남구 123-45,010-4086-9745,웹서핑
17512,이서준,49,김해 덕진구 123-45,010-5376-5882,카페 투어
17513,장예은,50,전주 서구 123-45,010-2001-5769,운동
17514,오지안,59,수원 동구 123-45,010-1031-5813,운동
17515,신은우,68,고양 흥덕구 123-45,010-9452-6771,영화감상
17516,임소율,67,포항 중구 123-45,010-4836-6656,등산
17517,장건우,66,천안 성동구 123-45,010-7722-9065,드로잉
17518,박은우,73,창원 강서구 123-45,010-6475-5132,독서
17519,오민수,41,용인 해운대구 123-45,010-2553-7348,여행
17520,박지후,67,안양 분당구 123-45,010-9794-8785,게임
17521,김하윤,61,대전 진해구 123-45,010-7479-2726,뜨개질
17522,최유진,28,안양 중구 123-45,010-3205-5921,드로잉
17523,강시우,68,인천 달서구 123-45,010-3143-9342,웹서핑
17524,정서준,43,창원 동구 123-45,010-3938-6396,독서
17525,정하은,63,전주 흥덕구 123-45,010-6015-5174,운동
17526,최예린,75,평택 덕양구 123-45,010-9749-3251,유튜브 보기
17527,정지원,30,세종 신제주 123-45,010-9261-4199,카페 투어
17528,오은우,33,용인 흥덕구 123-45,010-1404-1272,보드게임
17529,서민수,63,창원 성동구 123-45,010-5060-1418,웹서핑
17530,조서준,68,광주 유성구 123-45,010-5619-8851,여행
17531,최민수,39,성남 강서구 123-45,010-2555-6488,요리
17532,조수빈,35,화성 기흥구 123-45,010-1776-3550,카페 투어
17533,박지안,79,광주 서북구 123-45,010-6557-8586,카페 투어
17534,윤수빈,69,성남 흥덕구 123-45,010-7239-1033,유튜브 보기
17535,오현우,59,김해 강남구 123-45,010-2729-2433,자전거 타기
17536,신유진,57,서울 강남구 123-45,010-7390-7254,독서
17537,최서연,73,부산 달서구 123-45,010-6898-6461,등산
17538,서건우,48,안산 신제주 123-45,010-6786-8229,여행
17539,서지민,62,화성 장유동 123-45,010-3399-7841,자전거 타기
17540,임건우,65,대구 분당구 123-45,010-9263-5760,자전거 타기
17541,조서연,42,창원 신제주 123-45,010-5923-7645,일기 쓰기
17542,임건우,31,세종 서구 123-45,010-5650-3527,사진촬영
17543,윤수빈,59,서울 신제주 123-45,010-7397-7641,보드게임
17544,서도윤,45,안산 강서구 123-45,010-1857-4027,수영
17545,정유진,50,창원 기흥구 123-45,010-6224-5392,카페 투어
17546,강서준,78,울산 성북구 123-45,010-8672-1830,운동
17547,한하은,63,창원 서북구 123-45,010-3003-9882,수영
17548,신지안,71,인천 기흥구 123-45,010-3621-2441,보드게임
17549,한현우,57,고양 팔달구 123-45,010-5537-4543,등산
17550,정하윤,35,부산 흥덕구 123-45,010-9373-1932,보드게임
17551,윤서연,51,광주 일산동구 123-45,010-8249-3962,음악감상
17552,장건우,41,평택 신제주 123-45,010-6220-3968,요리
17553,윤시우,62,안산 덕양구 123-45,010-3655-8594,운동
17554,최유진,44,세종 기흥구 123-45,010-4023-7743,등산
17555,정은우,64,세종 기흥구 123-45,010-2847-4937,등산
17556,오현우,67,부산 수성구 123-45,010-4764-4465,독서
17557,신민수,66,세종 진해구 123-45,010-1976-5625,사진촬영
17558,신지원,43,창원 성동구 123-45,010-7112-1296,웹서핑
17559,오서준,77,화성 덕양구 123-45,010-5957-3449,드로잉
17560,정은우,31,포항 일산동구 123-45,010-6815-2372,운동
17561,한서준,26,안양 성북구 123-45,010-7189-1067,자전거 타기
17562,윤건우,50,대전 해운대구 123-45,010-3806-8975,요리
17563,김현우,45,용인 기흥구 123-45,010-3492-1025,요리
17564,이은우,68,청주 송파구 123-45,010-4683-3785,유튜브 보기
17565,정태윤,40,용인 달서구 123-45,010-8894-1546,일기 쓰기
17566,임지민,34,대전 신제주 123-45,010-6491-5051,영화감상
17567,윤예은,31,남양주 성동구 123-45,010-6042-1776,음악감상
17568,윤민수,45,서울 분당구 123-45,010-9594-5151,게임
17569,신하윤,52,대구 분당구 123-45,010-8444-4732,영화감상
17570,정서준,46,창원 성동구 123-45,010-9766-8149,뜨개질
17571,신건우,32,광주 신제주 123-45,010-3185-8471,웹서핑
17572,김지원,79,광주 달서구 123-45,010-8523-5503,카페 투어
17573,윤민수,32,인천 덕양구 123-45,010-4869-4418,여행
17574,서예은,28,제주 북구 123-45,010-5214-2782,독서
17575,정지민,24,고양 서북구 123-45,010-9175-5230,등산
17576,신현우,70,창원 서구 123-45,010-9894-8297,여행
17577,윤하은,66,전주 서구 123-45,010-3187-7820,여행
17578,강지민,70,수원 일산동구 123-45,010-9101-6276,음악감상
17579,정예린,59,인천 북구 123-45,010-2486-2524,등산
17580,서태윤,46,성남 서북구 123-45,010-1810-1573,드로잉
17581,이하윤,27,고양 덕진구 123-45,010-6093-4201,뜨개질
17582,정시우,33,울산 남구 123-45,010-1906-4383,요리
17583,이건우,69,대구 송파구 123-45,010-6108-9483,보드게임
17584,박현우,74,광주 남구 123-45,010-2129-2259,수영
17585,오지안,59,울산 흥덕구 123-45,010-4266-2715,게임
17586,김민수,57,전주 강남구 123-45,010-6093-9209,사진촬영
17587,오지원,33,제주 해운대구 123-45,010-8643-5049,영화감상
17588,오은우,44,천안 팔달구 123-45,010-5154-2866,일기 쓰기
17589,윤서연,74,광주 달서구 123-45,010-6604-7936,영화감상
17590,강현우,42,평택 강서구 123-45,010-9038-5208,독서
17591,박민수,52,창원 남구 123-45,010-9746-2823,영화감상
17592,최시우,54,화성 덕진구 123-45,010-5405-1028,요리
17593,최건우,68,청주 기흥구 123-45,010-1682-9721,카페 투어
17594,한예은,76,부산 강남구 123-45,010-3405-8958,여행
17595,한서연,54,창원 북구 123-45,010-4217-6757,요리
17596,임지원,25,남양주 남구 123-45,010-9851-7799,자전거 타기
17597,정지민,44,천안 남구 123-45,010-7828-5582,보드게임
17598,오유진,54,안양 덕진구 123-45,010-7234-2921,사진촬영
17599,조도윤,75,청주 분당구 123-45,010-4376-7923,영화감상
17600,조건우,36,천안 진해구 123-45,010-1906-4052,수영
17601,임민수,39,포항 강남구 123-45,010-5050-9686,카페 투어
17602,장시우,53,김해 북구 123-45,010-2086-8146,등산
17603,임예린,31,울산 서구 123-45,010-8687-2513,카페 투어
17604,김서연,49,인천 흥덕구 123-45,010-3739-6011,수영
17605,강지후,38,대구 덕양구 123-45,010-6340-3483,운동
17606,신유진,45,평택 서구 123-45,010-3199-2568,독서
17607,윤서준,41,남양주 남구 123-45,010-6134-9838,게임
17608,최시우,62,부산 중구 123-45,010-4966-1555,요리
17609,장현우,54,세종 덕진구 123-45,010-1138-2379,드로잉
17610,임지후,42,세종 동구 123-45,010-4798-2013,게임
17611,신하은,62,대구 중구 123-45,010-1381-3563,웹서핑
17612,서예린,77,화성 유성구 123-45,010-1884-1686,자전거 타기
17613,윤수빈,46,남양주 장유동 123-45,010-9332-3831,웹서핑
17614,서현우,40,세종 분당구 123-45,010-4556-1119,보드게임
17615,윤은우,58,안산 서북구 123-45,010-5076-4240,요리
17616,박지안,56,성남 팔달구 123-45,010-5771-1986,일기 쓰기
17617,오예린,61,대전 흥덕구 123-45,010-2794-3951,음악감상
17618,한하은,30,대구 수성구 123-45,010-3591-2183,게임
17619,임민수,41,안산 성북구 123-45,010-1779-8005,독서
17620,박하윤,48,울산 수성구 123-45,010-1125-8928,수영
17621,김도윤,50,전주 서구 123-45,010-1844-7203,웹서핑
17622,오서준,65,수원 덕양구 123-45,010-9009-6853,사진촬영
17623,윤시우,23,제주 진해구 123-45,010-2571-9650,요리
17624,이지민,56,부산 흥덕구 123-45,010-2888-7104,사진촬영
17625,한현우,34,서울 남구 123-45,010-9019-5170,드로잉
17626,최하윤,33,성남 강남구 123-45,010-1128-3897,여행
17627,임지원,24,부산 진해구 123-45,010-7210-6550,독서
17628,서하윤,42,인천 북구 123-45,010-4990-7457,등산
17629,신현우,49,안산 유성구 123-45,010-9069-3558,수영
17630,임서준,78,울산 덕양구 123-45,010-2950-1970,여행
17631,이하윤,43,수원 서북구 123-45,010-6673-3738,수영
17632,조지민,40,천안 서구 123-45,010-4805-8053,드로잉
17633,서현우,35,수원 진해구 123-45,010-2428-1653,독서
17634,임지안,24,포항 강남구 123-45,010-7458-6546,드로잉
17635,김지민,29,안양 기흥구 123-45,010-4385-5598,드로잉
17636,임지안,59,화성 신제주 123-45,010-6391-5610,자전거 타기
17637,신태윤,75,전주 진해구 123-45,010-7046-8936,수영
17638,김하은,54,평택 송파구 123-45,010-2083-9519,자전거 타기
17639,강예린,66,전주 덕양구 123-45,010-9752-4330,유튜브 보기
17640,서하윤,47,전주 남구 123-45,010-1787-5897,등산
17641,조건우,31,대전 유성구 123-45,010-5789-7935,독서
17642,조예은,70,고양 서구 123-45,010-1475-5370,사진촬영
17643,이지후,30,대전 진해구 123-45,010-5400-2326,독서
17644,한예린,52,대전 성동구 123-45,010-3785-4338,요리
17645,오지후,69,전주 수성구 123-45,010-8735-6833,드로잉
17646,강예린,62,인천 서구 123-45,010-8265-2699,뜨개질
17647,신서준,36,고양 해운대구 123-45,010-1864-1329,독서
17648,신서준,61,안양 서북구 123-45,010-8089-7245,등산
17649,조하윤,30,서울 덕양구 123-45,010-4950-7400,요리
17650,조서연,39,김해 덕진구 123-45,010-4765-2993,일기 쓰기
17651,서소율,54,평택 달서구 123-45,010-5967-8901,운동
17652,오은우,36,성남 서북구 123-45,010-1619-5513,자전거 타기
17653,최태윤,62,용인 달서구 123-45,010-4945-4290,일기 쓰기
17654,강예린,25,평택 동구 123-45,010-3735-4558,요리
17655,정현우,74,고양 신제주 123-45,010-4911-4256,독서
17656,강유진,55,수원 일산동구 123-45,010-1743-4160,자전거 타기
17657,박유진,52,세종 신제주 123-45,010-7912-3048,요리
17658,신지원,51,전주 남구 123-45,010-8455-6888,운동
17659,최건우,21,전주 송파구 123-45,010-3415-4499,일기 쓰기
17660,박예은,67,대전 덕진구 123-45,010-7349-4320,자전거 타기
17661,임지후,62,남양주 덕진구 123-45,010-9330-6034,음악감상
17662,장유진,71,남양주 수성구 123-45,010-8349-6296,요리
17663,윤예린,55,제주 덕양구 123-45,010-6415-2318,뜨개질
17664,최현우,20,김해 팔달구 123-45,010-9237-5786,자전거 타기
17665,박하윤,62,청주 강서구 123-45,010-3057-5263,등산
17666,임지민,35,수원 해운대구 123-45,010-1361-4214,자전거 타기
17667,오지안,28,전주 기흥구 123-45,010-4991-4520,운동
17668,신하윤,49,안양 기흥구 123-45,010-1655-2629,음악감상
17669,한소율,41,대전 강남구 123-45,010-9468-6873,사진촬영
17670,윤서연,56,화성 성동구 123-45,010-7580-3961,일기 쓰기
17671,조지후,55,평택 장유동 123-45,010-4511-5035,요리
17672,최수빈,40,포항 신제주 123-45,010-8604-4883,웹서핑
17673,임예린,63,세종 남구 123-45,010-1619-1582,영화감상
17674,강예은,50,창원 북구 123-45,010-7380-2443,자전거 타기
17675,정하윤,37,광주 강남구 123-45,010-2255-8677,운동
17676,임유진,47,부산 해운대구 123-45,010-3530-1394,게임
17677,오예린,43,대구 수성구 123-45,010-6783-5767,뜨개질
17678,박하은,56,광주 남구 123-45,010-3282-9986,카페 투어
17679,최유진,62,대구 진해구 123-45,010-1487-4847,요리
17680,오예은,47,대구 흥덕구 123-45,010-2562-4132,드로잉
17681,정지후,27,울산 분당구 123-45,010-4214-5620,드로잉
17682,임예은,32,광주 강서구 123-45,010-6327-9967,운동
17683,김지후,78,울산 달서구 123-45,010-8919-2833,게임
17684,오하윤,76,용인 일산동구 123-45,010-3349-8951,일기 쓰기
17685,강지후,73,광주 덕진구 123-45,010-6849-6525,뜨개질
17686,임건우,40,수원 덕진구 123-45,010-4697-8186,독서
17687,오도윤,33,창원 송파구 123-45,010-1248-2274,자전거 타기
17688,임지민,73,안산 중구 123-45,010-4450-2059,게임
17689,임은우,78,용인 덕양구 123-45,010-9840-4913,음악감상
17690,박지민,33,울산 팔달구 123-45,010-4098-4027,등산
17691,임지원,70,포항 서구 123-45,010-1080-4700,게임
17692,한태윤,72,성남 기흥구 123-45,010-4640-5018,사진촬영
17693,최수빈,38,안산 신제주 123-45,010-5324-4874,수영
17694,강수빈,39,서울 북구 123-45,010-7913-1994,카페 투어
17695,윤태윤,75,인천 팔달구 123-45,010-9313-1989,독서
17696,조도윤,43,고양 분당구 123-45,010-8681-2043,여행
17697,서민수,61,남양주 유성구 123-45,010-6883-4078,자전거 타기
17698,장건우,42,천안 덕진구 123-45,010-7509-8478,여행
17699,최태윤,50,광주 장유동 123-45,010-7217-5910,일기 쓰기
17700,김하윤,51,세종 성북구 123-45,010-6780-3701,드로잉
17701,임태윤,63,창원 흥덕구 123-45,010-4551-4622,음악감상
17702,정시우,65,울산 성북구 123-45,010-4168-2224,게임
17703,한은우,76,인천 북구 123-45,010-2586-3815,영화감상
17704,박건우,56,안양 동구 123-45,010-7360-5145,음악감상
17705,정소율,55,안양 장유동 123-45,010-6574-8650,일기 쓰기
17706,이건우,65,평택 분당구 123-45,010-4457-3096,영화감상
17707,박지민,41,포항 유성구 123-45,010-6658-2943,수영
17708,임지안,26,부산 강서구 123-45,010-4295-9183,웹서핑
17709,박도윤,54,대구 북구 123-45,010-9186-4729,뜨개질
17710,김지후,31,김해 팔달구 123-45,010-4320-3310,뜨개질
17711,최하은,48,창원 남구 123-45,010-1355-9888,드로잉
17712,윤서연,20,안양 유성구 123-45,010-9672-5742,수영
17713,정하은,76,김해 덕진구 123-45,010-6298-5245,게임
17714,조지후,32,청주 강서구 123-45,010-4989-2738,웹서핑
17715,윤지원,71,전주 일산동구 123-45,010-4116-6128,뜨개질
17716,박지원,64,창원 신제주 123-45,010-8795-5336,보드게임
17717,강은우,25,고양 서구 123-45,010-1037-9004,카페 투어
17718,한현우,23,고양 해운대구 123-45,010-8608-7067,등산
17719,정유진,36,성남 유성구 123-45,010-9524-5264,요리
17720,장유진,52,평택 신제주 123-45,010-5184-8131,영화감상
17721,박도윤,77,안산 해운대구 123-45,010-2517-2631,자전거 타기
17722,박민수,47,용인 일산동구 123-45,010-8537-2642,자전거 타기
17723,박서연,68,광주 서구 123-45,010-5917-5480,게임
17724,조하윤,57,안양 신제주 123-45,010-5807-7880,독서
17725,조하은,55,화성 성동구 123-45,010-5297-4174,여행
17726,김서준,59,제주 덕진구 123-45,010-7352-2159,사진촬영
17727,조현우,51,성남 동구 123-45,010-8846-3616,운동
17728,윤유진,67,대전 강남구 123-45,010-5617-3455,유튜브 보기
17729,윤지안,72,성남 분당구 123-45,010-7385-7960,수영
17730,김현우,60,포항 남구 123-45,010-4613-2202,유튜브 보기
17731,박예은,44,화성 동구 123-45,010-1311-8096,드로잉
17732,이지안,65,천안 달서구 123-45,010-9476-1384,사진촬영
17733,윤현우,36,세종 서구 123-45,010-3773-6279,뜨개질
17734,윤소율,46,성남 덕양구 123-45,010-3329-5171,보드게임
17735,최서연,41,제주 북구 123-45,010-8992-2231,운동
17736,신소율,37,대전 일산동구 123-45,010-3769-5011,보드게임
17737,윤지안,23,전주 덕진구 123-45,010-1901-6233,운동
17738,최서연,65,창원 해운대구 123-45,010-7418-8889,요리
17739,오태윤,48,울산 기흥구 123-45,010-3089-1454,보드게임
17740,신지원,49,안양 송파구 123-45,010-8560-1567,뜨개질
17741,서도윤,57,전주 분당구 123-45,010-3657-7815,뜨개질
17742,박지안,69,대구 분당구 123-45,010-4857-1534,요리
17743,최민수,54,고양 유성구 123-45,010-6482-2549,수영
17744,신도윤,74,안산 장유동 123-45,010-2362-7173,독서
17745,한건우,65,수원 강남구 123-45,010-2145-4601,음악감상
17746,서유진,41,제주 덕진구 123-45,010-3231-9864,웹서핑
17747,임민수,47,평택 북구 123-45,010-6268-7420,영화감상
17748,임소율,76,서울 해운대구 123-45,010-5669-4533,음악감상
17749,이지민,53,평택 팔달구 123-45,010-2222-6823,드로잉
17750,윤유진,35,세종 흥덕구 123-45,010-3178-5296,사진촬영
17751,이서연,47,고양 기흥구 123-45,010-5221-5091,자전거 타기
17752,이지안,23,남양주 성동구 123-45,010-3195-5239,요리
17753,신민수,47,전주 일산동구 123-45,010-6422-6064,등산
17754,최예은,57,용인 달서구 123-45,010-3716-6829,요리
17755,한지원,73,대전 덕진구 123-45,010-5638-7705,요리
17756,윤소율,38,고양 중구 123-45,010-1099-2235,게임
17757,윤예은,76,청주 강남구 123-45,010-9194-2262,카페 투어
17758,박소율,28,평택 남구 123-45,010-9148-1889,요리
17759,조시우,67,전주 장유동 123-45,010-7496-5527,드로잉
17760,장현우,46,남양주 신제주 123-45,010-5756-8352,자전거 타기
17761,최현우,27,용인 수성구 123-45,010-7043-3007,요리
17762,서은우,47,광주 강서구 123-45,010-9921-4946,요리
17763,서민수,35,광주 덕양구 123-45,010-8449-2941,여행
17764,오소율,55,창원 일산동구 123-45,010-3224-8776,드로잉
17765,한예린,46,인천 강서구 123-45,010-9615-3708,영화감상
17766,박하윤,68,대구 유성구 123-45,010-8237-2129,카페 투어
17767,박태윤,70,수원 분당구 123-45,010-5675-6915,보드게임
17768,강지원,73,평택 서북구 123-45,010-6078-2809,수영
17769,박건우,35,안양 서북구 123-45,010-5544-4197,드로잉
17770,장하은,57,용인 팔달구 123-45,010-6511-2686,수영
17771,이소율,32,고양 유성구 123-45,010-3028-1841,보드게임
17772,한시우,28,안양 서북구 123-45,010-4038-3876,보드게임
17773,한현우,68,울산 덕양구 123-45,010-4909-1121,사진촬영
17774,김소율,59,세종 강남구 123-45,010-8071-6217,게임
17775,윤지원,44,세종 분당구 123-45,010-4582-4926,영화감상
17776,오현우,20,남양주 달서구 123-45,010-1112-6752,운동
17777,강수빈,27,대구 기흥구 123-45,010-5773-2018,독서
17778,강소율,30,울산 성동구 123-45,010-6765-8442,카페 투어
17779,서하윤,24,성남 성북구 123-45,010-3088-8268,음악감상
17780,윤지원,76,천안 중구 123-45,010-5452-8103,카페 투어
17781,박서준,68,서울 덕진구 123-45,010-9650-7310,일기 쓰기
17782,서예린,38,부산 분당구 123-45,010-3121-1200,보드게임
17783,장지후,66,인천 서북구 123-45,010-8817-9081,자전거 타기
17784,강민수,45,안양 서구 123-45,010-9962-9711,사진촬영
17785,조소율,73,전주 기흥구 123-45,010-3499-2006,독서
17786,한서준,70,세종 성북구 123-45,010-6883-8452,유튜브 보기
17787,이예은,51,고양 진해구 123-45,010-2723-9702,유튜브 보기
17788,신건우,31,안산 북구 123-45,010-5226-6945,운동
17789,정유진,40,화성 성동구 123-45,010-1496-9002,일기 쓰기
17790,장유진,20,부산 흥덕구 123-45,010-4243-8510,여행
17791,오건우,71,남양주 강서구 123-45,010-5205-2819,드로잉
17792,한태윤,66,고양 흥덕구 123-45,010-5812-2829,여행
17793,오하윤,71,제주 달서구 123-45,010-2569-8777,운동
17794,윤태윤,70,남양주 동구 123-45,010-5377-5342,드로잉
17795,오서연,29,화성 해운대구 123-45,010-6647-1007,카페 투어
17796,박유진,37,세종 팔달구 123-45,010-5968-8739,등산
17797,윤서연,32,대구 서북구 123-45,010-9790-4237,요리
17798,신지원,25,전주 덕양구 123-45,010-5910-2964,카페 투어
17799,신건우,59,안양 기흥구 123-45,010-4113-1428,카페 투어
17800,신하윤,54,안산 수성구 123-45,010-8462-5171,사진촬영
17801,박은우,48,화성 강남구 123-45,010-1983-4100,영화감상
17802,박하은,65,고양 팔달구 123-45,010-1680-6583,보드게임
17803,정지원,51,제주 강남구 123-45,010-3187-5664,카페 투어
17804,김예린,23,제주 신제주 123-45,010-7975-2204,웹서핑
17805,김유진,26,안산 남구 123-45,010-3188-6743,드로잉
17806,오지원,26,서울 서구 123-45,010-9976-5993,드로잉
17807,신예린,34,서울 서구 123-45,010-4598-6348,음악감상
17808,이서준,69,인천 분당구 123-45,010-8401-5343,영화감상
17809,조서연,72,부산 달서구 123-45,010-8125-4126,유튜브 보기
17810,강하은,59,대구 서북구 123-45,010-9071-8336,카페 투어
17811,정유진,76,화성 강남구 123-45,010-6056-3768,등산
17812,박수빈,64,천안 일산동구 123-45,010-4854-4676,뜨개질
17813,신소율,72,고양 동구 123-45,010-8498-2329,뜨개질
17814,신건우,41,제주 성북구 123-45,010-7683-1413,음악감상
17815,윤현우,57,대구 송파구 123-45,010-8026-3331,사진촬영
17816,강하윤,76,포항 서북구 123-45,010-7428-7643,드로잉
17817,박시우,43,대구 장유동 123-45,010-5228-6087,수영
17818,김건우,52,서울 분당구 123-45,010-8982-5840,영화감상
17819,이은우,24,대구 덕양구 123-45,010-6116-6567,드로잉
17820,서하윤,60,고양 서구 123-45,010-5901-8108,보드게임
17821,정건우,33,광주 진해구 123-45,010-5913-4722,여행
17822,박지민,44,광주 장유동 123-45,010-4119-4888,웹서핑
17823,윤하윤,79,수원 남구 123-45,010-4455-8586,카페 투어
17824,서시우,57,김해 팔달구 123-45,010-2496-5750,운동
17825,임하은,46,서울 남구 123-45,010-2907-4904,영화감상
17826,최지민,25,용인 분당구 123-45,010-5693-4950,보드게임
17827,이예은,52,광주 북구 123-45,010-8081-3157,사진촬영
17828,조수빈,72,김해 수성구 123-45,010-7956-5370,운동
17829,한소율,25,남양주 중구 123-45,010-1008-2962,일기 쓰기
17830,한지후,54,천안 성동구 123-45,010-5290-6003,수영
17831,서민수,32,안양 서구 123-45,010-1020-1400,사진촬영
17832,오지후,62,창원 유성구 123-45,010-6939-4656,등산
17833,임유진,24,안산 진해구 123-45,010-5930-3576,음악감상
17834,신지민,45,용인 분당구 123-45,010-7637-6677,운동
17835,서서준,62,성남 강남구 123-45,010-3510-4786,드로잉
17836,김서준,50,포항 서북구 123-45,010-2316-9648,보드게임
17837,신지민,25,안산 진해구 123-45,010-1671-1777,유튜브 보기
17838,신서준,36,광주 분당구 123-45,010-1518-8188,일기 쓰기
17839,오예린,32,화성 덕진구 123-45,010-9009-1909,여행
17840,신소율,51,천안 흥덕구 123-45,010-2943-1274,요리
17841,이서준,53,안양 성동구 123-45,010-5913-3487,여행
17842,최민수,32,부산 덕진구 123-45,010-1093-4642,보드게임
17843,조예린,32,울산 유성구 123-45,010-8652-3783,보드게임
17844,오하윤,72,대구 진해구 123-45,010-6356-4814,요리
17845,서현우,28,울산 신제주 123-45,010-7015-4976,보드게임
17846,임지안,69,부산 송파구 123-45,010-7810-7493,보드게임
17847,박시우,44,안양 덕진구 123-45,010-8559-6705,카페 투어
17848,조태윤,78,울산 팔달구 123-45,010-7075-8899,카페 투어
17849,임서연,49,성남 장유동 123-45,010-5089-4405,카페 투어
17850,오수빈,62,청주 중구 123-45,010-3493-3087,독서
17851,강지후,54,세종 송파구 123-45,010-6066-2395,웹서핑
17852,한유진,73,평택 분당구 123-45,010-8836-4050,독서
17853,박시우,70,세종 성북구 123-45,010-6926-2518,영화감상
17854,한서준,64,평택 달서구 123-45,010-2254-7350,음악감상
17855,조지후,47,수원 장유동 123-45,010-1956-8925,영화감상
17856,정현우,61,남양주 성동구 123-45,010-4055-3907,운동
17857,박민수,73,남양주 일산동구 123-45,010-4072-7714,여행
17858,서은우,48,청주 성북구 123-45,010-1117-4635,영화감상
17859,한지민,42,울산 강남구 123-45,010-6231-4487,게임
17860,오유진,70,창원 달서구 123-45,010-9133-9230,유튜브 보기
17861,김예린,35,광주 팔달구 123-45,010-6982-3979,사진촬영
17862,한소율,52,부산 진해구 123-45,010-3090-6341,음악감상
17863,임하윤,49,고양 흥덕구 123-45,010-2106-2624,게임
17864,박하윤,39,평택 기흥구 123-45,010-4684-5362,보드게임
17865,김현우,24,천안 분당구 123-45,010-1864-4183,웹서핑
17866,김수빈,64,대구 성북구 123-45,010-5630-1294,뜨개질
17867,신지원,30,김해 신제주 123-45,010-3246-6537,뜨개질
17868,신민수,21,안산 신제주 123-45,010-1773-3305,운동
17869,신예은,72,포항 강남구 123-45,010-5375-2551,드로잉
17870,최지원,46,대전 성동구 123-45,010-3175-2132,요리
17871,신지민,62,포항 달서구 123-45,010-5529-1474,운동
17872,서지후,48,인천 해운대구 123-45,010-2681-7641,등산
17873,신서연,46,안산 남구 123-45,010-1617-4195,보드게임
17874,신건우,25,청주 팔달구 123-45,010-9079-7920,요리
17875,오도윤,37,평택 서북구 123-45,010-1820-6643,뜨개질
17876,오지후,40,용인 동구 123-45,010-9902-3611,뜨개질
17877,김민수,63,세종 수성구 123-45,010-5143-4579,웹서핑
17878,정유진,68,포항 장유동 123-45,010-5980-5538,보드게임
17879,신수빈,79,용인 동구 123-45,010-3895-8532,웹서핑
17880,장서연,69,성남 남구 123-45,010-5614-6039,영화감상
17881,한하윤,24,대전 신제주 123-45,010-3025-4286,뜨개질
17882,윤하윤,64,광주 수성구 123-45,010-1896-7522,등산
17883,장예은,43,수원 성북구 123-45,010-2515-1284,여행
17884,임예린,26,서울 서북구 123-45,010-7511-4636,보드게임
17885,한서준,46,남양주 신제주 123-45,010-1248-3254,수영
17886,김지민,37,남양주 장유동 123-45,010-4361-7759,뜨개질
17887,이지원,42,안산 유성구 123-45,010-9190-7932,음악감상
17888,서건우,77,천안 기흥구 123-45,010-1435-9700,수영
17889,서지안,48,천안 분당구 123-45,010-9242-3305,유튜브 보기
17890,장지원,42,성남 장유동 123-45,010-9593-2723,사진촬영
17891,서현우,33,안양 남구 123-45,010-9345-9092,요리
17892,한서준,48,평택 해운대구 123-45,010-2977-3181,사진촬영
17893,신민수,69,세종 분당구 123-45,010-8961-2384,음악감상
17894,조현우,25,고양 서북구 123-45,010-1791-8076,음악감상
17895,한현우,22,고양 해운대구 123-45,010-9853-8500,유튜브 보기
17896,윤시우,68,제주 중구 123-45,010-6713-8152,보드게임
17897,장도윤,72,용인 동구 123-45,010-1267-6787,뜨개질
17898,장예린,20,안양 흥덕구 123-45,010-4603-3531,음악감상
17899,윤지안,73,광주 흥덕구 123-45,010-8105-6012,뜨개질
17900,오건우,48,성남 동구 123-45,010-5594-5269,자전거 타기
17901,조시우,62,세종 유성구 123-45,010-5242-6697,독서
17902,조소율,64,평택 기흥구 123-45,010-5893-6688,게임
17903,임민수,72,대전 강남구 123-45,010-2404-9139,뜨개질
17904,강도윤,62,대전 송파구 123-45,010-3630-7308,수영
17905,강유진,51,남양주 덕양구 123-45,010-9949-7116,독서
17906,장태윤,53,청주 서북구 123-45,010-2741-1034,요리
17907,김하은,37,대구 달서구 123-45,010-6040-7443,운동
17908,김하은,52,세종 분당구 123-45,010-8972-1932,독서
17909,신건우,75,대전 성북구 123-45,010-2131-5234,자전거 타기
17910,최시우,63,고양 강남구 123-45,010-2139-5411,보드게임
17911,장건우,74,대전 송파구 123-45,010-2980-7138,카페 투어
17912,조건우,47,고양 진해구 123-45,010-5524-8927,독서
17913,박지민,58,남양주 송파구 123-45,010-7286-4060,유튜브 보기
17914,정시우,74,부산 송파구 123-45,010-4135-7777,게임
17915,오예은,69,남양주 중구 123-45,010-3712-7329,여행
17916,최태윤,47,부산 팔달구 123-45,010-7639-2427,유튜브 보기
17917,임도윤,23,세종 진해구 123-45,010-3589-8490,음악감상
17918,서유진,29,청주 기흥구 123-45,010-1385-7677,자전거 타기
17919,이하윤,38,안산 서북구 123-45,010-4868-3936,음악감상
17920,정지후,68,대구 서북구 123-45,010-6115-6689,운동
17921,정서준,55,성남 수성구 123-45,010-8664-4771,독서
17922,정소율,77,인천 신제주 123-45,010-6601-5847,등산
17923,신지원,23,전주 서구 123-45,010-2600-6302,사진촬영
17924,이예린,66,부산 강남구 123-45,010-9969-6088,음악감상
17925,한예린,30,제주 팔달구 123-45,010-6887-5505,웹서핑
17926,강건우,66,대전 강남구 123-45,010-3871-6303,웹서핑
17927,오서준,79,울산 동구 123-45,010-2972-5821,드로잉
17928,장건우,36,서울 북구 123-45,010-1433-2354,일기 쓰기
17929,임예은,64,청주 기흥구 123-45,010-7314-6482,영화감상
17930,신지후,56,성남 기흥구 123-45,010-3804-8484,등산
17931,박예은,45,용인 흥덕구 123-45,010-5800-4075,뜨개질
17932,정도윤,43,화성 신제주 123-45,010-4724-4869,요리
17933,신태윤,73,안양 기흥구 123-45,010-6985-1007,뜨개질
17934,오태윤,63,용인 성북구 123-45,010-5686-7951,독서
17935,임현우,78,전주 흥덕구 123-45,010-8580-8465,등산
17936,장민수,55,안산 달서구 123-45,010-8968-1835,운동
17937,한태윤,32,광주 기흥구 123-45,010-9620-1576,요리
17938,정은우,66,포항 해운대구 123-45,010-9023-2848,여행
17939,한지민,58,울산 덕진구 123-45,010-9024-1279,자전거 타기
17940,박예린,56,서울 강남구 123-45,010-6047-3874,드로잉
17941,서지원,79,전주 일산동구 123-45,010-3692-7805,사진촬영
17942,한건우,54,화성 동구 123-45,010-1301-2207,카페 투어
17943,신서준,44,청주 해운대구 123-45,010-5060-9156,영화감상
17944,장도윤,46,안양 서북구 123-45,010-3519-3658,등산
17945,최예은,40,김해 팔달구 123-45,010-5583-1357,영화감상
17946,이소율,40,김해 달서구 123-45,010-3690-5412,카페 투어
17947,조예린,78,전주 서구 123-45,010-9601-6626,자전거 타기
17948,이소율,48,세종 유성구 123-45,010-2698-4053,뜨개질
17949,이예린,32,대전 진해구 123-45,010-1662-1090,영화감상
17950,임지민,57,제주 남구 123-45,010-7340-4735,요리
17951,윤예은,34,전주 팔달구 123-45,010-9469-6799,드로잉
17952,김하은,44,성남 유성구 123-45,010-5806-4738,사진촬영
17953,한소율,51,용인 서구 123-45,010-2282-1442,보드게임
17954,신시우,40,서울 진해구 123-45,010-6853-9799,뜨개질
17955,임서준,37,광주 강서구 123-45,010-3242-9212,일기 쓰기
17956,신예은,28,청주 성동구 123-45,010-3053-1512,여행
17957,임건우,48,대구 분당구 123-45,010-3241-5206,보드게임
17958,최시우,48,대전 덕양구 123-45,010-9276-8349,운동
17959,한유진,47,울산 유성구 123-45,010-1942-1217,자전거 타기
17960,최소율,29,대전 성동구 123-45,010-8630-1064,뜨개질
17961,김은우,76,대구 덕양구 123-45,010-7021-4830,일기 쓰기
17962,김건우,52,남양주 성북구 123-45,010-6409-8017,등산
17963,강하은,72,울산 분당구 123-45,010-7811-8053,일기 쓰기
17964,정지후,74,대전 강서구 123-45,010-1641-2970,등산
17965,신지안,52,안양 일산동구 123-45,010-4085-1113,사진촬영
17966,오수빈,41,창원 동구 123-45,010-5732-4251,보드게임
17967,신도윤,36,안양 남구 123-45,010-2767-9314,요리
17968,장현우,45,천안 북구 123-45,010-8942-1086,드로잉
17969,박지민,66,세종 팔달구 123-45,010-8880-6441,보드게임
17970,김예린,79,울산 달서구 123-45,010-9173-5923,일기 쓰기
17971,오지민,38,울산 성동구 123-45,010-4252-4478,운동
17972,임지안,68,안양 덕양구 123-45,010-6837-1995,드로잉
17973,임도윤,30,안산 서구 123-45,010-9768-4852,보드게임
17974,임하은,66,창원 수성구 123-45,010-6644-6488,수영
17975,정하윤,59,전주 수성구 123-45,010-6849-7146,사진촬영
17976,신예은,64,인천 일산동구 123-45,010-2078-3330,사진촬영
17977,한현우,54,김해 서북구 123-45,010-6860-3507,게임
17978,최건우,45,천안 흥덕구 123-45,010-3041-4523,운동
17979,장지민,35,인천 남구 123-45,010-7894-6502,음악감상
17980,강은우,29,김해 덕진구 123-45,010-7401-2075,보드게임
17981,이하윤,21,세종 동구 123-45,010-3716-3150,음악감상
17982,임유진,26,울산 달서구 123-45,010-4172-9492,일기 쓰기
17983,조태윤,46,울산 장유동 123-45,010-4939-2618,사진촬영
17984,오건우,79,화성 송파구 123-45,010-6222-5406,일기 쓰기
17985,윤유진,42,서울 성동구 123-45,010-7344-3180,자전거 타기
17986,이지안,75,대구 신제주 123-45,010-7061-3211,카페 투어
17987,강하은,24,울산 해운대구 123-45,010-7984-9686,뜨개질
17988,정시우,70,대구 강서구 123-45,010-2709-8315,여행
17989,신수빈,26,김해 유성구 123-45,010-3736-5583,웹서핑
17990,김소율,61,김해 달서구 123-45,010-8252-6080,등산
17991,조수빈,20,안산 신제주 123-45,010-3477-2017,사진촬영
17992,한건우,53,울산 중구 123-45,010-4479-5146,뜨개질
17993,윤유진,57,안양 덕양구 123-45,010-3564-5229,뜨개질
17994,김도윤,40,안산 신제주 123-45,010-2666-3690,여행
17995,윤은우,44,대전 서북구 123-45,010-5082-4044,여행
17996,장서준,37,고양 흥덕구 123-45,010-2058-6898,여행
17997,한하은,22,서울 기흥구 123-45,010-2252-5343,운동
17998,임건우,23,김해 덕양구 123-45,010-8509-5451,유튜브 보기
17999,임은우,22,남양주 일산동구 123-45,010-2215-6783,보드게임
18000,서서준,39,용인 수성구 123-45,010-3496-5924,게임
18001,김태윤,47,남양주 일산동구 123-45,010-1904-5269,수영
18002,윤유진,48,대구 덕양구 123-45,010-3135-2121,게임
18003,윤예린,71,대구 성북구 123-45,010-6436-5674,보드게임
18004,정지원,52,남양주 수성구 123-45,010-8055-2928,요리
18005,신은우,66,안양 흥덕구 123-45,010-1608-6239,웹서핑
18006,한서준,53,화성 남구 123-45,010-8414-1117,수영
18007,윤지후,74,천안 달서구 123-45,010-5058-5205,게임
18008,서지후,75,화성 성북구 123-45,010-1145-6270,수영
18009,박수빈,40,안양 해운대구 123-45,010-1365-8836,운동
18010,서은우,47,울산 북구 123-45,010-2132-5974,영화감상
18011,서지민,61,안양 수성구 123-45,010-6839-2055,뜨개질
18012,서지원,67,울산 중구 123-45,010-9460-3126,운동
18013,이태윤,73,울산 강남구 123-45,010-9693-9766,영화감상
18014,임지민,54,고양 해운대구 123-45,010-6591-4814,웹서핑
18015,조민수,38,김해 북구 123-45,010-8524-1953,등산
18016,조예은,71,울산 덕양구 123-45,010-6610-6327,독서
18017,조유진,45,수원 해운대구 123-45,010-5794-8315,사진촬영
18018,한유진,78,세종 덕양구 123-45,010-6473-5643,영화감상
18019,강건우,66,청주 유성구 123-45,010-4538-6051,유튜브 보기
18020,윤지후,28,천안 수성구 123-45,010-2418-6827,자전거 타기
18021,장은우,31,광주 팔달구 123-45,010-5082-4964,영화감상
18022,임민수,54,창원 서구 123-45,010-9745-3590,운동
18023,강예은,49,인천 중구 123-45,010-4287-3317,음악감상
18024,조지안,74,안산 해운대구 123-45,010-3691-7160,요리
18025,이현우,21,성남 팔달구 123-45,010-1959-3473,게임
18026,최지안,20,남양주 장유동 123-45,010-7287-5367,게임
18027,최지안,43,창원 송파구 123-45,010-5861-5143,자전거 타기
18028,조하은,69,부산 중구 123-45,010-2687-2751,웹서핑
18029,박소율,61,수원 동구 123-45,010-3967-3025,유튜브 보기
18030,임유진,78,전주 동구 123-45,010-1731-4110,유튜브 보기
18031,최지후,52,안산 신제주 123-45,010-1099-4968,음악감상
18032,장지후,60,남양주 신제주 123-45,010-9877-3143,게임
18033,임소율,44,서울 강남구 123-45,010-2708-7926,보드게임
18034,이지민,57,김해 덕양구 123-45,010-8156-7771,독서
18035,정지원,35,대구 강서구 123-45,010-3288-6426,음악감상
18036,정서준,76,대구 동구 123-45,010-6413-5002,카페 투어
18037,한예린,74,부산 중구 123-45,010-6157-7062,음악감상
18038,오예은,32,창원 중구 123-45,010-6557-4957,일기 쓰기
18039,서민수,37,세종 성북구 123-45,010-5398-4195,웹서핑
18040,한은우,78,대전 장유동 123-45,010-8967-7574,보드게임
18041,윤시우,74,광주 강남구 123-45,010-3810-9210,사진촬영
18042,윤하윤,45,성남 동구 123-45,010-9211-4861,카페 투어
18043,조소율,66,김해 기흥구 123-45,010-6380-3148,운동
18044,장지안,56,수원 강남구 123-45,010-2355-8764,음악감상
18045,한소율,70,창원 강남구 123-45,010-4074-1266,수영
18046,윤수빈,46,포항 서구 123-45,010-2311-3796,요리
18047,오예린,78,김해 장유동 123-45,010-2170-2437,사진촬영
18048,이서준,34,대구 기흥구 123-45,010-1146-5828,드로잉
18049,이지민,76,천안 덕진구 123-45,010-9111-8709,뜨개질
18050,장서연,57,서울 성북구 123-45,010-5033-5727,게임
18051,임시우,53,울산 덕양구 123-45,010-4384-2405,게임
18052,임은우,30,인천 성북구 123-45,010-7890-6910,일기 쓰기
18053,조민수,21,청주 기흥구 123-45,010-6528-1677,웹서핑
18054,김태윤,44,안양 흥덕구 123-45,010-1465-8209,독서
18055,조지후,54,서울 달서구 123-45,010-1086-9214,여행
18056,임예은,38,안양 성동구 123-45,010-2284-7970,일기 쓰기
18057,한도윤,45,인천 서구 123-45,010-5381-9424,카페 투어
18058,이민수,75,안양 서북구 123-45,010-4752-8145,뜨개질
18059,서시우,27,포항 덕양구 123-45,010-6860-9678,음악감상
18060,임건우,56,청주 덕진구 123-45,010-2777-9391,자전거 타기
18061,김수빈,56,청주 동구 123-45,010-5943-9791,웹서핑
18062,임태윤,48,울산 서구 123-45,010-2644-6862,여행
18063,조지민,22,광주 수성구 123-45,010-4434-2198,음악감상
18064,최예린,66,인천 남구 123-45,010-1031-8374,독서
18065,조서연,21,제주 일산동구 123-45,010-5468-9506,등산
18066,장민수,45,안양 일산동구 123-45,010-6182-5737,드로잉
18067,오민수,76,울산 해운대구 123-45,010-6288-1830,독서
18068,이서연,37,대구 강서구 123-45,010-1159-6543,일기 쓰기
18069,최유진,78,용인 유성구 123-45,010-4661-2417,독서
18070,한지원,72,전주 분당구 123-45,010-9319-1570,드로잉
18071,임도윤,40,전주 진해구 123-45,010-1351-8213,웹서핑
18072,임지민,28,서울 송파구 123-45,010-7490-2338,보드게임
18073,서서연,69,수원 서구 123-45,010-5138-8723,영화감상
18074,조도윤,71,평택 중구 123-45,010-2990-2745,요리
18075,이유진,60,성남 달서구 123-45,010-5765-2341,웹서핑
18076,최소율,21,남양주 동구 123-45,010-9799-1855,요리
18077,김민수,35,화성 일산동구 123-45,010-1572-8746,카페 투어
18078,윤소율,79,대구 진해구 123-45,010-8578-4765,영화감상
18079,윤건우,62,청주 유성구 123-45,010-6355-2396,수영
18080,오지원,46,대구 서구 123-45,010-3845-8005,자전거 타기
18081,이소율,31,전주 흥덕구 123-45,010-5009-2692,일기 쓰기
18082,김하윤,35,전주 남구 123-45,010-8453-1791,독서
18083,오지민,67,청주 강서구 123-45,010-4234-6075,사진촬영
18084,정도윤,40,화성 중구 123-45,010-1070-6893,카페 투어
18085,김은우,79,제주 흥덕구 123-45,010-2251-2354,게임
18086,오은우,53,청주 덕진구 123-45,010-6430-6032,웹서핑
18087,서예은,27,서울 장유동 123-45,010-2121-5802,요리
18088,박하윤,23,고양 덕양구 123-45,010-3433-2671,게임
18089,윤시우,33,부산 기흥구 123-45,010-7312-5948,유튜브 보기
18090,정하은,43,울산 기흥구 123-45,010-4005-7118,게임
18091,서지원,62,성남 달서구 123-45,010-4791-9512,운동
18092,임지원,31,청주 북구 123-45,010-2270-1379,뜨개질
18093,장예린,22,남양주 강남구 123-45,010-1658-5969,뜨개질
18094,윤서준,54,인천 중구 123-45,010-2193-6265,사진촬영
18095,윤민수,60,대구 성동구 123-45,010-3166-8335,수영
18096,신지원,55,전주 서구 123-45,010-6437-7713,영화감상
18097,윤예린,46,대구 강서구 123-45,010-9432-5107,운동
18098,정도윤,38,광주 동구 123-45,010-8692-3347,게임
18099,조지민,28,울산 송파구 123-45,010-3149-1749,보드게임
18100,서지민,61,세종 진해구 123-45,010-1238-8417,게임
18101,서지민,33,서울 유성구 123-45,010-6065-8632,카페 투어
18102,최현우,67,창원 덕양구 123-45,010-1877-9818,운동
18103,한지민,31,창원 신제주 123-45,010-7627-9819,일기 쓰기
18104,김유진,79,제주 신제주 123-45,010-8193-9426,드로잉
18105,조현우,23,제주 수성구 123-45,010-1367-5705,여행
18106,한서준,73,제주 달서구 123-45,010-1413-9488,뜨개질
18107,장유진,57,세종 수성구 123-45,010-8170-6265,운동
18108,오서연,30,세종 동구 123-45,010-1502-7725,카페 투어
18109,한지원,35,수원 중구 123-45,010-4665-6070,자전거 타기
18110,신수빈,47,부산 동구 123-45,010-7338-8587,사진촬영
18111,강하은,66,안양 동구 123-45,010-5561-9159,수영
18112,조시우,54,화성 남구 123-45,010-8885-7954,사진촬영
18113,한서준,39,대구 분당구 123-45,010-4967-3358,음악감상
18114,조시우,74,세종 진해구 123-45,010-1213-1164,독서
18115,한현우,50,전주 송파구 123-45,010-9800-5693,음악감상
18116,임지원,66,남양주 서북구 123-45,010-4974-1873,카페 투어
18117,조건우,25,울산 진해구 123-45,010-6265-5323,드로잉
18118,강하윤,22,수원 흥덕구 123-45,010-4046-1154,운동
18119,오태윤,60,남양주 남구 123-45,010-7335-9410,보드게임
18120,최시우,36,성남 흥덕구 123-45,010-9618-7593,보드게임
18121,박수빈,53,안산 덕양구 123-45,010-1231-3603,요리
18122,임소율,51,청주 강서구 123-45,010-4293-9615,여행
18123,강서준,53,부산 장유동 123-45,010-5366-2975,요리
18124,박예린,46,제주 중구 123-45,010-6879-3348,보드게임
18125,임예은,37,고양 서구 123-45,010-9057-7887,등산
18126,서지원,69,안양 송파구 123-45,010-2859-8953,게임
18127,조하은,62,안산 서북구 123-45,010-3005-3708,카페 투어
18128,이하은,61,광주 덕양구 123-45,010-4806-2720,자전거 타기
18129,오현우,76,수원 분당구 123-45,010-2311-2055,영화감상
18130,김도윤,51,세종 기흥구 123-45,010-3398-4697,게임
18131,강예은,28,대구 진해구 123-45,010-5349-4513,운동
18132,김지원,53,제주 유성구 123-45,010-9128-5718,여행
18133,한지안,69,부산 강남구 123-45,010-7082-2803,유튜브 보기
18134,한지안,42,대전 강서구 123-45,010-7248-1031,요리
18135,오서연,78,울산 성북구 123-45,010-8708-6646,뜨개질
18136,임수빈,41,평택 남구 123-45,010-7787-3398,웹서핑
18137,윤수빈,21,용인 장유동 123-45,010-4672-4250,뜨개질
18138,장지안,66,세종 수성구 123-45,010-3727-2187,카페 투어
18139,강서준,67,서울 흥덕구 123-45,010-3843-4250,영화감상
18140,임하윤,39,천안 남구 123-45,010-3713-3471,사진촬영
18141,장유진,36,포항 달서구 123-45,010-4298-3798,자전거 타기
18142,최서준,79,광주 팔달구 123-45,010-1069-4588,자전거 타기
18143,박지후,46,포항 강서구 123-45,010-8731-2358,일기 쓰기
18144,신서준,21,울산 남구 123-45,010-6513-4003,웹서핑
18145,박소율,62,안산 덕진구 123-45,010-5697-5805,운동
18146,오서연,25,광주 성동구 123-45,010-3793-4708,음악감상
18147,박서연,32,광주 동구 123-45,010-5562-2818,게임
18148,신태윤,64,세종 유성구 123-45,010-4778-4944,영화감상
18149,최소율,54,김해 팔달구 123-45,010-3747-5680,수영
18150,김건우,28,수원 송파구 123-45,010-8331-6673,독서
18151,강지원,41,남양주 동구 123-45,010-1210-6134,요리
18152,한태윤,48,세종 덕양구 123-45,010-8550-8831,웹서핑
18153,김하은,54,부산 남구 123-45,010-7618-6487,여행
18154,임수빈,63,제주 흥덕구 123-45,010-5562-1732,사진촬영
18155,조도윤,61,안양 성북구 123-45,010-2065-8930,운동
18156,김유진,73,세종 분당구 123-45,010-1084-7856,사진촬영
18157,이도윤,56,김해 덕양구 123-45,010-3621-7409,등산
18158,한서준,39,고양 중구 123-45,010-1352-7485,운동
18159,오도윤,51,서울 장유동 123-45,010-6433-7181,운동
18160,윤수빈,22,전주 수성구 123-45,010-1852-9027,운동
18161,한지후,73,용인 강남구 123-45,010-7819-4448,수영
18162,이예은,32,전주 수성구 123-45,010-1780-1651,카페 투어
18163,박은우,77,대구 강남구 123-45,010-9601-5217,유튜브 보기
18164,조예은,29,안양 수성구 123-45,010-3542-5775,음악감상
18165,조현우,21,전주 성동구 123-45,010-6958-3794,음악감상
18166,서서준,66,제주 유성구 123-45,010-7374-3072,사진촬영
18167,서지후,77,부산 송파구 123-45,010-1304-9252,카페 투어
18168,서유진,68,김해 수성구 123-45,010-8754-3118,드로잉
18169,강지후,63,용인 진해구 123-45,010-8533-8456,웹서핑
18170,신예린,60,안산 기흥구 123-45,010-9878-2938,운동
18171,오유진,52,천안 기흥구 123-45,010-7496-9391,자전거 타기
18172,서지민,56,전주 신제주 123-45,010-1608-7958,여행
18173,김현우,53,고양 유성구 123-45,010-8720-8562,게임
18174,윤소율,20,용인 서구 123-45,010-1253-5866,운동
18175,장도윤,78,세종 송파구 123-45,010-9344-1554,자전거 타기
18176,장도윤,25,성남 수성구 123-45,010-2440-6016,보드게임
18177,한수빈,57,수원 장유동 123-45,010-3911-5127,드로잉
18178,정지민,76,화성 덕진구 123-45,010-3905-1752,수영
18179,윤수빈,75,울산 서구 123-45,010-6232-1548,뜨개질
18180,박도윤,50,전주 남구 123-45,010-8731-2203,뜨개질
18181,강예린,20,서울 송파구 123-45,010-2946-1753,유튜브 보기
18182,임시우,41,청주 서구 123-45,010-1227-8684,사진촬영
18183,임건우,38,성남 해운대구 123-45,010-7456-5839,웹서핑
18184,윤소율,61,서울 분당구 123-45,010-8479-7249,웹서핑
18185,조태윤,66,평택 분당구 123-45,010-2649-3230,일기 쓰기
18186,서은우,79,천안 팔달구 123-45,010-4523-5565,독서
18187,이지민,56,용인 신제주 123-45,010-6368-7705,카페 투어
18188,장지안,68,인천 장유동 123-45,010-5365-1000,웹서핑
18189,오민수,35,남양주 성북구 123-45,010-5828-2863,드로잉
18190,정서연,33,평택 분당구 123-45,010-3386-5956,카페 투어
18191,이시우,29,평택 성동구 123-45,010-6929-2315,요리
18192,신소율,32,광주 유성구 123-45,010-5822-6962,게임
18193,서하윤,38,성남 서구 123-45,010-4667-4148,사진촬영
18194,오예은,65,대구 진해구 123-45,010-3782-4769,드로잉
18195,신지원,25,전주 북구 123-45,010-3617-7957,여행
18196,한하윤,65,대전 남구 123-45,010-8192-9453,음악감상
18197,김하은,24,서울 서북구 123-45,010-2406-9933,웹서핑
18198,임예은,33,천안 유성구 123-45,010-7969-5268,드로잉
18199,이현우,52,제주 강서구 123-45,010-5897-6270,일기 쓰기
18200,윤지안,38,남양주 강서구 123-45,010-7805-3682,일기 쓰기
18201,윤서연,61,제주 덕양구 123-45,010-6430-4417,수영
18202,서수빈,78,광주 동구 123-45,010-4345-6837,드로잉
18203,이지안,22,화성 흥덕구 123-45,010-3609-2016,여행
18204,강지후,53,청주 중구 123-45,010-9203-4744,카페 투어
18205,임시우,25,세종 해운대구 123-45,010-5641-3922,음악감상
18206,최유진,48,화성 남구 123-45,010-7832-7516,일기 쓰기
18207,장민수,50,성남 달서구 123-45,010-9882-1841,뜨개질
18208,정시우,72,대구 분당구 123-45,010-5612-9089,수영
18209,조유진,32,부산 장유동 123-45,010-5321-8654,자전거 타기
18210,장시우,63,안산 덕양구 123-45,010-7261-2160,게임
18211,이하은,21,안양 강남구 123-45,010-8522-2746,일기 쓰기
18212,강지안,40,수원 장유동 123-45,010-7775-6747,등산
18213,오지안,42,광주 강남구 123-45,010-3804-3406,영화감상
18214,강소율,62,광주 남구 123-45,010-6448-2282,카페 투어
18215,한지안,23,대구 강남구 123-45,010-1555-3619,음악감상
18216,서도윤,29,울산 남구 123-45,010-3580-1175,음악감상
18217,김지후,22,수원 장유동 123-45,010-9340-7626,독서
18218,정예은,70,제주 서북구 123-45,010-6192-3978,게임
18219,한서연,40,울산 팔달구 123-45,010-3451-3396,보드게임
18220,윤태윤,31,대구 진해구 123-45,010-7435-7413,자전거 타기
18221,조현우,49,울산 서북구 123-45,010-6623-7345,사진촬영
18222,강지민,24,제주 유성구 123-45,010-2439-5232,독서
18223,이지후,27,제주 서북구 123-45,010-4436-4740,유튜브 보기
18224,조시우,29,화성 남구 123-45,010-7659-9621,자전거 타기
18225,한지후,55,천안 덕양구 123-45,010-4335-8485,사진촬영
18226,김서준,38,부산 수성구 123-45,010-5420-5916,유튜브 보기
18227,이민수,62,울산 장유동 123-45,010-7877-2060,유튜브 보기
18228,정지후,49,김해 장유동 123-45,010-7558-6078,영화감상
18229,윤서연,36,남양주 성북구 123-45,010-2371-7316,보드게임
18230,서서연,20,세종 서북구 123-45,010-2511-2717,등산
18231,정시우,71,대구 성북구 123-45,010-4430-2492,등산
18232,서민수,45,청주 기흥구 123-45,010-1652-9185,자전거 타기
18233,장하윤,24,울산 달서구 123-45,010-4075-5231,일기 쓰기
18234,장태윤,76,창원 동구 123-45,010-7608-3212,카페 투어
18235,김현우,59,인천 서구 123-45,010-1126-9988,영화감상
18236,한하윤,30,남양주 성북구 123-45,010-2675-9463,사진촬영
18237,윤유진,46,고양 팔달구 123-45,010-4006-8742,자전거 타기
18238,임현우,76,천안 수성구 123-45,010-5287-4633,요리
18239,강시우,46,성남 성동구 123-45,010-1287-4084,뜨개질
18240,장소율,60,세종 중구 123-45,010-3044-5781,운동
18241,최소율,71,대전 유성구 123-45,010-9174-8248,자전거 타기
18242,김현우,53,청주 동구 123-45,010-1573-4260,운동
18243,박태윤,59,남양주 성북구 123-45,010-5912-1508,드로잉
18244,최하윤,42,세종 진해구 123-45,010-4391-4670,웹서핑
18245,박예은,75,용인 덕양구 123-45,010-5570-5735,독서
18246,오현우,47,세종 성동구 123-45,010-5240-3797,보드게임
18247,신지안,56,세종 서북구 123-45,010-1449-1035,뜨개질
18248,이하윤,38,제주 중구 123-45,010-7868-3705,게임
18249,서수빈,22,대구 일산동구 123-45,010-9634-8305,드로잉
18250,임건우,46,화성 달서구 123-45,010-7977-7531,요리
18251,한소율,35,천안 성동구 123-45,010-7331-5866,카페 투어
18252,오태윤,54,전주 북구 123-45,010-4004-4885,운동
18253,한유진,48,대구 북구 123-45,010-5255-3719,웹서핑
18254,김서연,62,포항 송파구 123-45,010-4225-9408,보드게임
18255,이유진,53,김해 달서구 123-45,010-1436-7017,유튜브 보기
18256,조서연,39,광주 일산동구 123-45,010-9845-6331,독서
18257,강민수,20,용인 수성구 123-45,010-9303-3553,일기 쓰기
18258,김지민,26,천안 해운대구 123-45,010-4102-3418,자전거 타기
18259,강지민,22,성남 덕양구 123-45,010-1093-3160,뜨개질
18260,이하윤,49,평택 동구 123-45,010-4121-8747,자전거 타기
18261,장도윤,64,울산 송파구 123-45,010-6099-3271,요리
18262,최민수,36,천안 수성구 123-45,010-2482-8514,뜨개질
18263,조소율,38,수원 동구 123-45,010-8382-1319,보드게임
18264,서지안,36,세종 송파구 123-45,010-7542-8957,웹서핑
18265,강수빈,26,대구 서북구 123-45,010-3947-5992,등산
18266,조지후,54,서울 수성구 123-45,010-7379-1927,드로잉
18267,강하은,52,안양 해운대구 123-45,010-8296-4637,사진촬영
18268,오지민,63,용인 덕양구 123-45,010-2502-5673,게임
18269,오현우,63,포항 달서구 123-45,010-3064-9118,카페 투어
18270,김지안,53,제주 서구 123-45,010-5099-4547,수영
18271,서도윤,74,천안 송파구 123-45,010-9809-6611,운동
18272,한하윤,55,세종 일산동구 123-45,010-6912-2726,카페 투어
18273,최예린,54,울산 분당구 123-45,010-3184-2239,운동
18274,조수빈,72,평택 일산동구 123-45,010-4089-3148,드로잉
18275,강지후,34,인천 분당구 123-45,010-9882-8393,유튜브 보기
18276,정하은,28,평택 덕진구 123-45,010-1059-3302,요리
18277,한건우,25,울산 강남구 123-45,010-8189-1300,일기 쓰기
18278,김건우,73,제주 유성구 123-45,010-6548-5091,게임
18279,한현우,33,제주 신제주 123-45,010-6388-7951,게임
18280,윤시우,42,청주 분당구 123-45,010-6521-9935,보드게임
18281,이하은,58,포항 분당구 123-45,010-9245-3597,일기 쓰기
18282,한지원,74,수원 성동구 123-45,010-5894-4856,드로잉
18283,조지후,59,수원 분당구 123-45,010-5718-1909,여행
18284,최예린,77,천안 유성구 123-45,010-9785-9050,일기 쓰기
18285,정유진,55,대구 서북구 123-45,010-1666-2545,요리
18286,박유진,60,광주 동구 123-45,010-2222-2043,뜨개질
18287,조하윤,55,울산 진해구 123-45,010-3639-1011,자전거 타기
18288,김건우,69,전주 서구 123-45,010-3323-6958,일기 쓰기
18289,이시우,70,전주 분당구 123-45,010-1515-2450,영화감상
18290,김하은,47,청주 진해구 123-45,010-4844-3908,카페 투어
18291,박시우,43,성남 흥덕구 123-45,010-3745-3816,카페 투어
18292,한태윤,45,전주 강서구 123-45,010-6823-3557,유튜브 보기
18293,김지후,79,인천 기흥구 123-45,010-1303-4430,게임
18294,박유진,51,세종 성북구 123-45,010-7824-8754,독서
18295,장건우,73,인천 덕진구 123-45,010-5467-4309,유튜브 보기
18296,이태윤,78,울산 수성구 123-45,010-1653-7093,뜨개질
18297,조예은,24,평택 신제주 123-45,010-5992-5030,등산
18298,임지안,52,남양주 강서구 123-45,010-9370-4542,뜨개질
18299,임현우,78,김해 중구 123-45,010-7061-8058,뜨개질
18300,최은우,48,남양주 진해구 123-45,010-7933-3239,드로잉
18301,조은우,31,대구 성북구 123-45,010-8525-3378,음악감상
18302,정지안,53,전주 성북구 123-45,010-7210-8121,독서
18303,서민수,30,남양주 덕양구 123-45,010-5159-1287,등산
18304,장시우,31,안산 송파구 123-45,010-1695-7251,일기 쓰기
18305,이예은,74,용인 달서구 123-45,010-5294-9489,요리
18306,신시우,75,용인 덕양구 123-45,010-5753-2920,음악감상
18307,윤수빈,72,대전 수성구 123-45,010-2377-6267,카페 투어
18308,정하윤,59,창원 팔달구 123-45,010-3491-6737,드로잉
18309,신서준,71,남양주 장유동 123-45,010-5139-5733,드로잉
18310,신은우,42,용인 덕양구 123-45,010-3853-4494,음악감상
18311,최서준,46,안양 진해구 123-45,010-4083-1464,뜨개질
18312,서현우,43,대전 서북구 123-45,010-7786-9193,독서
18313,장하윤,43,고양 수성구 123-45,010-1652-3364,보드게임
18314,강현우,58,울산 중구 123-45,010-8887-6514,일기 쓰기
18315,윤지안,66,포항 장유동 123-45,010-1789-3924,드로잉
18316,강수빈,64,김해 북구 123-45,010-6026-9234,요리
18317,한시우,77,화성 성동구 123-45,010-4105-1455,요리
18318,서지원,35,천안 성북구 123-45,010-2144-7771,유튜브 보기
18319,오현우,57,서울 달서구 123-45,010-1295-3048,음악감상
18320,강하은,22,안양 남구 123-45,010-2109-6597,보드게임
18321,임민수,23,대전 동구 123-45,010-1450-3502,등산
18322,윤지안,56,세종 기흥구 123-45,010-4358-3178,수영
18323,최서연,79,화성 유성구 123-45,010-6777-8124,뜨개질
18324,장소율,29,제주 수성구 123-45,010-9145-6834,드로잉
18325,최은우,23,청주 수성구 123-45,010-2696-3353,유튜브 보기
18326,오시우,58,대전 서구 123-45,010-3019-1767,독서
18327,최수빈,20,고양 동구 123-45,010-3931-6559,등산
18328,강건우,77,고양 수성구 123-45,010-1232-4457,뜨개질
18329,한하윤,26,전주 강남구 123-45,010-3689-3207,음악감상
18330,장지후,61,남양주 송파구 123-45,010-1293-8690,여행
18331,윤민수,31,대구 송파구 123-45,010-8902-3115,등산
18332,박도윤,69,대구 신제주 123-45,010-4144-6258,카페 투어
18333,강소율,20,창원 분당구 123-45,010-8102-1386,음악감상
18334,한하윤,25,고양 진해구 123-45,010-5102-1450,유튜브 보기
18335,장은우,50,서울 분당구 123-45,010-5280-7670,수영
18336,서지민,54,용인 동구 123-45,010-7875-5452,등산
18337,서예린,69,안양 흥덕구 123-45,010-8984-1328,일기 쓰기
18338,박하윤,70,창원 수성구 123-45,010-3277-7673,일기 쓰기
18339,신지안,79,인천 성북구 123-45,010-3875-4993,사진촬영
18340,조민수,29,용인 신제주 123-45,010-8400-6840,웹서핑
18341,장예린,64,고양 서북구 123-45,010-7901-8362,여행
18342,한서준,75,안산 성동구 123-45,010-8633-6101,게임
18343,서소율,27,청주 흥덕구 123-45,010-3477-3668,유튜브 보기
18344,이지후,63,평택 서구 123-45,010-2607-2342,운동
18345,이태윤,43,세종 장유동 123-45,010-7335-9168,드로잉
18346,윤현우,74,부산 서북구 123-45,010-1436-7599,운동
18347,서예린,66,평택 달서구 123-45,010-6328-4471,웹서핑
18348,강현우,31,고양 덕진구 123-45,010-4903-9534,보드게임
18349,서도윤,72,화성 진해구 123-45,010-6749-2009,유튜브 보기
18350,서유진,45,성남 일산동구 123-45,010-9701-1150,자전거 타기
18351,임지원,75,천안 달서구 123-45,010-6578-4993,게임
18352,강서준,28,울산 중구 123-45,010-9378-6808,뜨개질
18353,임은우,40,세종 수성구 123-45,010-2590-7575,요리
18354,최지원,69,제주 서북구 123-45,010-2588-7860,요리
18355,조지원,20,울산 흥덕구 123-45,010-3669-7947,게임
18356,이건우,77,안양 달서구 123-45,010-4567-7212,드로잉
18357,장은우,31,평택 성북구 123-45,010-6988-4136,영화감상
18358,박서연,38,울산 신제주 123-45,010-2777-3184,수영
18359,박하윤,75,안양 성북구 123-45,010-3720-3165,자전거 타기
18360,최서연,39,창원 분당구 123-45,010-2990-2609,여행
18361,오소율,56,천안 성동구 123-45,010-8518-7853,여행
18362,이소율,47,성남 송파구 123-45,010-9396-3697,영화감상
18363,한하은,49,포항 강서구 123-45,010-1531-6135,드로잉
18364,김민수,74,청주 흥덕구 123-45,010-8383-4056,독서
18365,김지원,61,대구 장유동 123-45,010-4276-4702,자전거 타기
18366,장민수,54,창원 남구 123-45,010-1253-9864,보드게임
18367,서지원,30,서울 흥덕구 123-45,010-3654-8625,수영
18368,강현우,74,포항 유성구 123-45,010-4163-4657,게임
18369,김은우,64,수원 서북구 123-45,010-7734-8850,자전거 타기
18370,박지민,73,성남 수성구 123-45,010-8141-6733,음악감상
18371,박은우,53,천안 성동구 123-45,010-7857-6131,게임
18372,장소율,23,부산 달서구 123-45,010-3496-1940,사진촬영
18373,조하윤,66,수원 달서구 123-45,010-7420-4283,독서
18374,조하윤,77,제주 진해구 123-45,010-2834-5007,여행
18375,조유진,60,부산 해운대구 123-45,010-3820-9660,보드게임
18376,서태윤,68,용인 흥덕구 123-45,010-8231-2480,드로잉
18377,이예은,75,부산 서북구 123-45,010-8238-3871,드로잉
18378,오지민,70,포항 해운대구 123-45,010-7253-8976,웹서핑
18379,서하윤,73,김해 유성구 123-45,010-7743-4413,등산
18380,신지안,46,광주 해운대구 123-45,010-5665-5047,드로잉
18381,장건우,55,인천 장유동 123-45,010-5612-5071,사진촬영
18382,강건우,63,안산 장유동 123-45,010-3607-1046,뜨개질
18383,오시우,57,세종 북구 123-45,010-9738-5174,일기 쓰기
18384,강예은,41,광주 달서구 123-45,010-9612-5223,뜨개질
18385,강현우,53,화성 덕양구 123-45,010-1646-9763,여행
18386,강태윤,34,성남 북구 123-45,010-7782-7282,등산
18387,김하은,68,대구 장유동 123-45,010-5901-1615,보드게임
18388,오소율,41,청주 송파구 123-45,010-2034-6249,뜨개질
18389,최지민,66,안산 강서구 123-45,010-7660-7643,유튜브 보기
18390,신하은,41,안양 덕양구 123-45,010-6348-5564,자전거 타기
18391,임은우,66,평택 팔달구 123-45,010-1545-3992,드로잉
18392,서서연,42,안산 분당구 123-45,010-3641-8181,음악감상
18393,신시우,63,김해 수성구 123-45,010-8191-5062,사진촬영
18394,신건우,33,평택 해운대구 123-45,010-6623-2660,웹서핑
18395,정태윤,26,수원 진해구 123-45,010-5428-6448,음악감상
18396,장은우,79,김해 중구 123-45,010-8363-6498,자전거 타기
18397,한지후,25,창원 송파구 123-45,010-5989-1958,자전거 타기
18398,한현우,34,인천 동구 123-45,010-1377-1457,드로잉
18399,박민수,46,인천 덕양구 123-45,010-8527-8248,자전거 타기
18400,최예린,54,포항 서구 123-45,010-2038-2498,음악감상
18401,장지후,75,김해 송파구 123-45,010-7256-9153,사진촬영
18402,서태윤,40,세종 중구 123-45,010-4824-6733,드로잉
18403,강수빈,28,인천 동구 123-45,010-5267-4776,게임
18404,정지민,41,청주 신제주 123-45,010-6028-5131,일기 쓰기
18405,임시우,48,인천 중구 123-45,010-6174-6592,음악감상
18406,박서연,62,세종 흥덕구 123-45,010-1166-5310,수영
18407,박예린,49,김해 일산동구 123-45,010-1822-8768,요리
18408,이서준,57,수원 유성구 123-45,010-6604-7934,일기 쓰기
18409,한소율,35,울산 성동구 123-45,010-6841-3803,일기 쓰기
18410,장지민,69,대구 유성구 123-45,010-1818-8973,보드게임
18411,최은우,44,안양 덕양구 123-45,010-5282-2080,유튜브 보기
18412,오도윤,65,안양 서북구 123-45,010-1790-8867,영화감상
18413,이민수,49,안산 중구 123-45,010-3871-5737,운동
18414,조소율,38,서울 신제주 123-45,010-1108-2554,카페 투어
18415,신예은,79,청주 남구 123-45,010-7486-4456,유튜브 보기
18416,박은우,79,포항 강남구 123-45,010-5290-5938,음악감상
18417,한예린,26,고양 진해구 123-45,010-7562-8396,일기 쓰기
18418,김은우,42,부산 해운대구 123-45,010-1884-5540,뜨개질
18419,한소율,60,성남 팔달구 123-45,010-1185-2223,요리
18420,정지원,41,부산 덕양구 123-45,010-9792-8042,웹서핑
18421,윤지민,78,서울 팔달구 123-45,010-1425-3202,여행
18422,강유진,40,전주 진해구 123-45,010-7906-4005,카페 투어
18423,장민수,77,천안 송파구 123-45,010-8885-1598,수영
18424,윤예은,48,대구 분당구 123-45,010-5664-4733,여행
18425,강서연,69,부산 덕진구 123-45,010-8420-4700,웹서핑
18426,강시우,79,화성 달서구 123-45,010-7686-3907,카페 투어
18427,조도윤,32,천안 남구 123-45,010-8305-4917,게임
18428,이지원,32,안산 신제주 123-45,010-9794-6145,카페 투어
18429,강유진,66,인천 강서구 123-45,010-3490-9482,게임
18430,강민수,34,성남 성동구 123-45,010-2184-4095,음악감상
18431,장예린,53,대구 북구 123-45,010-5077-1636,영화감상
18432,오지민,69,인천 신제주 123-45,010-1446-3767,드로잉
18433,정지후,50,울산 흥덕구 123-45,010-1029-6331,사진촬영
18434,임하윤,46,창원 분당구 123-45,010-8040-3465,등산
18435,이민수,62,대전 흥덕구 123-45,010-4353-1794,드로잉
18436,조유진,55,인천 팔달구 123-45,010-1172-5743,음악감상
18437,서도윤,69,평택 송파구 123-45,010-9876-4617,요리
18438,오예은,47,성남 동구 123-45,010-8647-2105,게임
18439,윤지후,62,남양주 송파구 123-45,010-3197-5089,카페 투어
18440,장도윤,45,부산 덕진구 123-45,010-9205-1568,영화감상
18441,오민수,59,서울 중구 123-45,010-5623-9826,일기 쓰기
18442,임은우,73,창원 북구 123-45,010-3075-8454,카페 투어
18443,조지안,64,안산 동구 123-45,010-1425-1567,음악감상
18444,조예린,52,제주 달서구 123-45,010-5455-1323,게임
18445,조하은,56,제주 송파구 123-45,010-6543-5567,드로잉
18446,임지원,36,고양 신제주 123-45,010-2149-9769,드로잉
18447,윤수빈,45,화성 진해구 123-45,010-5533-4397,독서
18448,강도윤,36,천안 강남구 123-45,010-2123-1513,사진촬영
18449,정수빈,44,수원 분당구 123-45,010-1586-7568,드로잉
18450,박예린,27,남양주 덕양구 123-45,010-5374-6730,자전거 타기
18451,임시우,57,전주 북구 123-45,010-4233-4867,일기 쓰기
18452,오은우,41,고양 덕양구 123-45,010-9786-4456,운동
18453,서민수,22,고양 강서구 123-45,010-8761-9677,요리
18454,강지후,36,광주 덕진구 123-45,010-6700-8369,수영
18455,임서연,64,용인 기흥구 123-45,010-1222-5848,게임
18456,박예린,67,천안 남구 123-45,010-5770-2129,사진촬영
18457,윤현우,23,광주 강남구 123-45,010-2684-8325,자전거 타기
18458,김지안,21,포항 남구 123-45,010-2833-5070,영화감상
18459,오건우,29,전주 북구 123-45,010-6874-5638,일기 쓰기
18460,신지안,25,김해 남구 123-45,010-9389-9627,독서
18461,신태윤,79,고양 중구 123-45,010-5724-4370,카페 투어
18462,장하은,70,광주 성동구 123-45,010-9388-1337,웹서핑
18463,장지원,61,전주 남구 123-45,010-1550-5115,여행
18464,임하은,61,안산 유성구 123-45,010-1634-2864,자전거 타기
18465,임예은,74,전주 남구 123-45,010-6999-4482,보드게임
18466,임지후,49,전주 덕양구 123-45,010-5500-3561,보드게임
18467,신건우,61,안산 동구 123-45,010-5059-1280,일기 쓰기
18468,장소율,73,대전 강남구 123-45,010-2945-1406,자전거 타기
18469,최유진,27,천안 서북구 123-45,010-3007-8222,여행
18470,이유진,41,대구 팔달구 123-45,010-1451-8487,보드게임
18471,한은우,47,울산 강서구 123-45,010-1424-8485,영화감상
18472,이하은,66,화성 유성구 123-45,010-3745-2942,일기 쓰기
18473,한도윤,36,전주 강서구 123-45,010-1298-8038,독서
18474,신지후,53,대구 달서구 123-45,010-1272-8979,사진촬영
18475,강예린,71,화성 성북구 123-45,010-5116-3738,카페 투어
18476,서수빈,75,포항 강남구 123-45,010-3676-1280,운동
18477,이서준,39,제주 신제주 123-45,010-2034-2193,뜨개질
18478,윤유진,22,대전 북구 123-45,010-5979-3021,일기 쓰기
18479,최지안,75,인천 동구 123-45,010-6361-2630,운동
18480,박민수,42,제주 기흥구 123-45,010-5825-1812,드로잉
18481,김서연,45,평택 중구 123-45,010-4198-8145,사진촬영
18482,조수빈,20,청주 수성구 123-45,010-2732-5949,음악감상
18483,오서연,29,전주 달서구 123-45,010-8526-4642,요리
18484,윤하은,49,전주 팔달구 123-45,010-4496-2817,독서
18485,이지안,34,세종 서구 123-45,010-2613-1628,일기 쓰기
18486,신서연,59,울산 북구 123-45,010-8443-2218,여행
18487,정유진,26,화성 장유동 123-45,010-5498-2838,운동
18488,김시우,54,청주 북구 123-45,010-6441-4464,드로잉
18489,임지민,61,안양 달서구 123-45,010-8929-7803,자전거 타기
18490,오건우,62,안산 성동구 123-45,010-1008-1941,운동
18491,신지원,27,안산 중구 123-45,010-3615-3706,요리
18492,신소율,51,대구 팔달구 123-45,010-6396-9506,자전거 타기
18493,임시우,64,안산 성동구 123-45,010-2937-2950,여행
18494,강지안,39,인천 남구 123-45,010-4235-3046,카페 투어
18495,서민수,33,대전 수성구 123-45,010-3660-1550,드로잉
18496,윤건우,60,세종 북구 123-45,010-2545-4581,영화감상
18497,임시우,33,용인 흥덕구 123-45,010-9645-1932,카페 투어
18498,최건우,64,세종 서구 123-45,010-2916-5349,게임
18499,정예린,31,대전 강서구 123-45,010-9865-4794,독서
18500,박유진,43,광주 장유동 123-45,010-5521-2681,보드게임
18501,장예은,65,대전 서구 123-45,010-6045-6735,웹서핑
18502,김하은,58,화성 달서구 123-45,010-9060-1554,유튜브 보기
18503,이서연,27,대구 팔달구 123-45,010-5446-8285,드로잉
18504,이예은,50,포항 분당구 123-45,010-1706-9688,웹서핑
18505,서시우,48,세종 서구 123-45,010-2809-5765,요리
18506,장도윤,77,고양 서구 123-45,010-2121-8180,수영
18507,강태윤,31,천안 서구 123-45,010-9835-1152,게임
18508,박하윤,31,용인 진해구 123-45,010-5397-7064,영화감상
18509,이시우,65,청주 서북구 123-45,010-1129-8711,웹서핑
18510,임서연,72,화성 강남구 123-45,010-6772-4405,웹서핑
18511,신민수,73,남양주 신제주 123-45,010-9912-9715,사진촬영
18512,이민수,68,천안 동구 123-45,010-9875-5162,음악감상
18513,최유진,54,김해 유성구 123-45,010-9573-2685,카페 투어
18514,오수빈,29,제주 진해구 123-45,010-2902-1523,요리
18515,한현우,38,성남 달서구 123-45,010-1774-8878,운동
18516,강시우,21,제주 강남구 123-45,010-8634-7222,일기 쓰기
18517,서민수,69,수원 진해구 123-45,010-5998-6919,웹서핑
18518,장하은,50,광주 흥덕구 123-45,010-6613-1183,수영
18519,최태윤,57,광주 유성구 123-45,010-2963-5665,영화감상
18520,오유진,76,창원 팔달구 123-45,010-7620-1068,웹서핑
18521,김예은,71,서울 강남구 123-45,010-8402-7228,운동
18522,한유진,40,안산 성동구 123-45,010-4691-1152,드로잉
18523,김지원,40,광주 덕양구 123-45,010-4240-6451,유튜브 보기
18524,서예린,28,창원 진해구 123-45,010-9760-3412,웹서핑
18525,오민수,52,부산 북구 123-45,010-4074-6086,영화감상
18526,정하윤,75,화성 일산동구 123-45,010-4671-4320,등산
18527,서예린,37,김해 동구 123-45,010-2350-1501,드로잉
18528,최소율,76,제주 송파구 123-45,010-6661-6549,뜨개질
18529,오은우,64,청주 덕양구 123-45,010-2447-2779,요리
18530,서지민,39,청주 기흥구 123-45,010-2768-9693,음악감상
18531,이소율,57,용인 팔달구 123-45,010-6483-9967,유튜브 보기
18532,임예린,49,화성 진해구 123-45,010-8149-1433,음악감상
18533,임현우,71,서울 강남구 123-45,010-9935-1020,일기 쓰기
18534,최태윤,55,화성 서구 123-45,010-1184-6632,운동
18535,강태윤,20,안산 진해구 123-45,010-5513-2817,카페 투어
18536,박하윤,31,남양주 팔달구 123-45,010-3031-5366,뜨개질
18537,조서준,44,천안 남구 123-45,010-6172-1337,여행
18538,장도윤,33,안산 분당구 123-45,010-5566-7617,여행
18539,신지민,70,창원 남구 123-45,010-9062-3675,일기 쓰기
18540,장하윤,54,대구 신제주 123-45,010-7331-4773,웹서핑
18541,장은우,40,안양 중구 123-45,010-1237-8681,뜨개질
18542,윤유진,75,인천 북구 123-45,010-3778-5784,일기 쓰기
18543,윤도윤,55,평택 흥덕구 123-45,010-6436-8517,영화감상
18544,윤지민,45,제주 달서구 123-45,010-1985-9197,유튜브 보기
18545,임태윤,79,청주 서북구 123-45,010-7961-1054,여행
18546,서지안,70,포항 강남구 123-45,010-8364-3317,요리
18547,김소율,54,평택 송파구 123-45,010-7690-9438,수영
18548,최하윤,34,안산 수성구 123-45,010-6681-3768,수영
18549,김태윤,77,남양주 유성구 123-45,010-7322-2646,자전거 타기
18550,오서준,33,대전 분당구 123-45,010-4388-3591,영화감상
18551,정시우,44,포항 서구 123-45,010-2559-6887,등산
18552,김유진,47,제주 성북구 123-45,010-2787-1804,보드게임
18553,윤서연,26,수원 서구 123-45,010-6815-1698,드로잉
18554,장하은,74,수원 성북구 123-45,010-1594-1032,보드게임
18555,강태윤,25,김해 강남구 123-45,010-2229-8968,독서
18556,김지안,69,김해 강남구 123-45,010-7191-1906,여행
18557,최서연,53,용인 진해구 123-45,010-2616-3106,영화감상
18558,신현우,23,남양주 일산동구 123-45,010-4174-9254,자전거 타기
18559,정지원,29,수원 장유동 123-45,010-2635-2601,뜨개질
18560,임현우,63,광주 달서구 123-45,010-1693-1330,뜨개질
18561,강은우,63,고양 수성구 123-45,010-3349-7885,운동
18562,한시우,58,화성 남구 123-45,010-7536-9153,독서
18563,오태윤,36,대전 송파구 123-45,010-6393-6129,게임
18564,박예린,47,남양주 남구 123-45,010-7541-4988,카페 투어
18565,최서준,60,세종 흥덕구 123-45,010-2390-7405,등산
18566,박지후,57,대구 달서구 123-45,010-4073-9819,요리
18567,이서연,33,제주 송파구 123-45,010-1567-7714,등산
18568,최은우,75,울산 일산동구 123-45,010-3735-8840,여행
18569,장민수,40,포항 장유동 123-45,010-5563-1384,수영
18570,이서연,64,부산 강서구 123-45,010-1855-8155,독서
18571,이도윤,42,세종 장유동 123-45,010-2741-6402,요리
18572,오지원,33,전주 중구 123-45,010-2956-4269,일기 쓰기
18573,박건우,31,수원 흥덕구 123-45,010-7372-2967,사진촬영
18574,조서연,45,청주 장유동 123-45,010-5939-8720,웹서핑
18575,최은우,37,광주 강서구 123-45,010-1644-3130,카페 투어
18576,최예린,67,대전 달서구 123-45,010-5866-6476,사진촬영
18577,임유진,24,대구 분당구 123-45,010-5073-4114,드로잉
18578,정지원,39,성남 유성구 123-45,010-3598-6427,운동
18579,임유진,79,울산 성동구 123-45,010-1754-4650,운동
18580,최예은,42,안양 성동구 123-45,010-7579-5549,여행
18581,신건우,21,울산 수성구 123-45,010-2602-5137,운동
18582,정지후,25,인천 성북구 123-45,010-6782-7772,게임
18583,조하윤,55,남양주 동구 123-45,010-6768-4137,뜨개질
18584,오서준,25,성남 강남구 123-45,010-3421-8232,보드게임
18585,서하은,44,용인 중구 123-45,010-9880-7539,수영
18586,이시우,76,서울 덕진구 123-45,010-3197-2443,요리
18587,신예린,67,대구 서북구 123-45,010-3294-6353,독서
18588,정지민,26,세종 성북구 123-45,010-6938-9085,드로잉
18589,최지후,74,성남 서구 123-45,010-4273-3874,독서
18590,최민수,56,창원 북구 123-45,010-2690-7175,보드게임
18591,김서준,33,광주 흥덕구 123-45,010-7693-3176,독서
18592,윤도윤,31,광주 분당구 123-45,010-2353-4555,여행
18593,한예은,46,고양 덕진구 123-45,010-2599-6580,보드게임
18594,임지안,68,인천 덕진구 123-45,010-8164-4594,독서
18595,박예린,26,용인 덕진구 123-45,010-9539-6375,사진촬영
18596,김지후,45,서울 유성구 123-45,010-9409-5211,카페 투어
18597,서지원,50,대구 강남구 123-45,010-6424-2986,보드게임
18598,이유진,62,대구 덕진구 123-45,010-2901-6210,사진촬영
18599,정현우,22,수원 덕양구 123-45,010-1858-6534,뜨개질
18600,박지원,20,용인 수성구 123-45,010-1228-6205,보드게임
18601,신태윤,52,천안 해운대구 123-45,010-9230-4236,유튜브 보기
18602,김하은,68,안양 북구 123-45,010-5700-4888,웹서핑
18603,서지민,57,평택 북구 123-45,010-2352-4429,요리
18604,오예린,52,천안 수성구 123-45,010-6985-7113,사진촬영
18605,강태윤,61,서울 덕진구 123-45,010-1479-4665,뜨개질
18606,윤소율,67,김해 강서구 123-45,010-3505-5076,독서
18607,오예린,27,김해 성북구 123-45,010-1247-9883,음악감상
18608,이지원,28,제주 팔달구 123-45,010-6000-1095,게임
18609,이서연,25,천안 신제주 123-45,010-3389-7659,운동
18610,강지원,63,김해 해운대구 123-45,010-3316-3413,보드게임
18611,조은우,75,화성 동구 123-45,010-4446-4377,자전거 타기
18612,정서준,62,수원 수성구 123-45,010-1577-7663,영화감상
18613,김예은,36,용인 덕진구 123-45,010-6551-6256,음악감상
18614,조태윤,24,대전 송파구 123-45,010-1509-5589,자전거 타기
18615,박은우,54,수원 북구 123-45,010-3301-1511,보드게임
18616,장유진,28,부산 서구 123-45,010-6236-8984,웹서핑
18617,김지민,30,인천 달서구 123-45,010-5309-1849,보드게임
18618,오지민,54,청주 서구 123-45,010-9444-6946,등산
18619,신지후,44,포항 중구 123-45,010-4147-8469,카페 투어
18620,조예은,27,김해 강서구 123-45,010-8945-7811,게임
18621,김현우,78,안양 동구 123-45,010-5758-6718,웹서핑
18622,윤하은,32,세종 중구 123-45,010-5233-2181,드로잉
18623,서지후,49,용인 성동구 123-45,010-7770-7323,카페 투어
18624,한수빈,63,수원 팔달구 123-45,010-7888-5552,유튜브 보기
18625,장태윤,30,전주 달서구 123-45,010-9140-2958,일기 쓰기
18626,조서준,35,남양주 신제주 123-45,010-7132-9110,운동
18627,장지민,61,남양주 남구 123-45,010-6169-9033,사진촬영
18628,이은우,59,전주 덕진구 123-45,010-1466-3663,드로잉
18629,임유진,56,성남 기흥구 123-45,010-1446-4091,독서
18630,한하윤,43,화성 흥덕구 123-45,010-5917-5668,드로잉
18631,윤현우,63,청주 성북구 123-45,010-6328-9142,영화감상
18632,이유진,61,광주 남구 123-45,010-6293-4791,영화감상
18633,임예은,44,울산 성동구 123-45,010-8116-4987,운동
18634,박지안,52,평택 성동구 123-45,010-8045-5145,카페 투어
18635,정서연,28,김해 덕진구 123-45,010-1376-5083,운동
18636,조소율,67,부산 달서구 123-45,010-3898-5170,영화감상
18637,한하윤,72,안양 수성구 123-45,010-4039-8871,뜨개질
18638,오서연,30,대구 덕진구 123-45,010-2186-4715,여행
18639,임유진,49,용인 성북구 123-45,010-7727-5872,자전거 타기
18640,조도윤,50,남양주 분당구 123-45,010-4866-6150,독서
18641,정소율,23,광주 동구 123-45,010-2853-6087,여행
18642,최예린,56,천안 송파구 123-45,010-4230-9907,게임
18643,김태윤,51,대구 신제주 123-45,010-6710-6949,게임
18644,오태윤,50,김해 일산동구 123-45,010-3387-8436,수영
18645,조은우,64,천안 진해구 123-45,010-1111-1099,웹서핑
18646,강하은,71,안산 장유동 123-45,010-6511-1137,뜨개질
18647,윤유진,57,울산 북구 123-45,010-3637-9570,독서
18648,임하윤,78,청주 분당구 123-45,010-4711-2388,독서
18649,임예린,52,포항 서구 123-45,010-1349-3490,사진촬영
18650,한서연,24,대전 분당구 123-45,010-1583-3173,게임
18651,장시우,42,서울 일산동구 123-45,010-1501-7878,자전거 타기
18652,임도윤,20,전주 덕양구 123-45,010-6692-2181,게임
18653,장건우,75,성남 해운대구 123-45,010-6320-6734,웹서핑
18654,이현우,72,대구 흥덕구 123-45,010-5980-4134,게임
18655,장서연,41,제주 분당구 123-45,010-2812-1138,게임
18656,김지안,54,창원 성북구 123-45,010-6012-2649,독서
18657,정서연,21,포항 남구 123-45,010-4222-1117,자전거 타기
18658,오태윤,78,성남 기흥구 123-45,010-6920-3030,영화감상
18659,최현우,79,용인 진해구 123-45,010-1995-5966,게임
18660,임태윤,53,김해 남구 123-45,010-9958-6974,사진촬영
18661,강예린,33,천안 달서구 123-45,010-1473-8352,영화감상
18662,윤건우,61,남양주 송파구 123-45,010-6602-9755,사진촬영
18663,서하은,60,남양주 서구 123-45,010-2691-1634,드로잉
18664,장서연,33,부산 남구 123-45,010-7338-5461,웹서핑
18665,장예은,77,광주 장유동 123-45,010-4703-1967,게임
18666,오서준,40,광주 유성구 123-45,010-4906-4022,사진촬영
18667,이소율,24,광주 서북구 123-45,010-5523-3462,요리
18668,한현우,26,서울 성동구 123-45,010-5175-2534,일기 쓰기
18669,오현우,35,대전 흥덕구 123-45,010-2762-4913,뜨개질
18670,윤지민,60,제주 장유동 123-45,010-7696-3431,유튜브 보기
18671,이하은,51,창원 수성구 123-45,010-3026-9962,드로잉
18672,신지안,35,세종 일산동구 123-45,010-2407-4505,드로잉
18673,강태윤,48,제주 북구 123-45,010-5945-4192,음악감상
18674,최지후,69,안양 성동구 123-45,010-3052-6237,독서
18675,서민수,32,성남 진해구 123-45,010-2026-7461,드로잉
18676,조수빈,22,화성 남구 123-45,010-6489-8733,영화감상
18677,김시우,76,평택 북구 123-45,010-6763-9226,카페 투어
18678,오소율,39,천안 달서구 123-45,010-6270-1746,등산
18679,정지원,20,김해 장유동 123-45,010-7722-2176,수영
18680,정민수,65,인천 유성구 123-45,010-2021-4772,등산
18681,장하윤,66,전주 남구 123-45,010-1178-1792,영화감상
18682,오은우,53,부산 장유동 123-45,010-3326-1684,보드게임
18683,서지후,67,남양주 동구 123-45,010-3602-5443,보드게임
18684,윤유진,37,창원 일산동구 123-45,010-2660-2756,드로잉
18685,박수빈,28,광주 강서구 123-45,010-9133-8018,웹서핑
18686,최현우,73,창원 덕양구 123-45,010-4180-2364,뜨개질
18687,김소율,25,울산 신제주 123-45,010-1066-9950,카페 투어
18688,박서연,74,안양 진해구 123-45,010-5668-8942,영화감상
18689,최지원,44,안양 덕양구 123-45,010-9020-5151,운동
18690,정하은,49,안산 유성구 123-45,010-4240-5218,여행
18691,임지원,46,천안 분당구 123-45,010-2730-1272,뜨개질
18692,박태윤,27,세종 해운대구 123-45,010-2062-7706,사진촬영
18693,장하은,51,청주 덕양구 123-45,010-6447-8329,독서
18694,한예은,78,부산 서구 123-45,010-8130-1334,웹서핑
18695,조소율,73,김해 덕진구 123-45,010-8194-3571,영화감상
18696,최하은,66,성남 분당구 123-45,010-3610-6543,웹서핑
18697,신유진,53,울산 덕양구 123-45,010-1470-5038,보드게임
18698,오지민,40,인천 송파구 123-45,010-8459-5615,사진촬영
18699,임예린,59,용인 중구 123-45,010-5738-9429,일기 쓰기
18700,정민수,65,안양 분당구 123-45,010-4993-3303,운동
18701,임수빈,70,김해 송파구 123-45,010-9129-5887,독서
18702,신은우,62,제주 강서구 123-45,010-7745-4622,수영
18703,조현우,48,부산 남구 123-45,010-4394-2479,요리
18704,이유진,69,대전 팔달구 123-45,010-1105-6720,보드게임
18705,서지민,41,대전 해운대구 123-45,010-6144-8604,등산
18706,강수빈,22,제주 남구 123-45,010-8030-5500,독서
18707,오소율,24,화성 흥덕구 123-45,010-5106-1009,음악감상
18708,김도윤,46,화성 유성구 123-45,010-5060-6883,카페 투어
18709,김수빈,79,안산 중구 123-45,010-7988-1269,드로잉
18710,박시우,70,인천 동구 123-45,010-3264-2510,운동
18711,최유진,63,포항 수성구 123-45,010-5802-1426,등산
18712,서민수,63,화성 유성구 123-45,010-3184-8000,수영
18713,최지민,36,대구 덕진구 123-45,010-4043-9849,게임
18714,윤하은,55,김해 서구 123-45,010-2385-6575,유튜브 보기
18715,윤예린,25,화성 기흥구 123-45,010-1395-5260,음악감상
18716,장예은,78,천안 유성구 123-45,010-5791-7166,게임
18717,장하윤,64,용인 동구 123-45,010-1214-5666,유튜브 보기
18718,오현우,57,안산 송파구 123-45,010-8775-4198,여행
18719,김지후,77,성남 해운대구 123-45,010-2475-7621,보드게임
18720,장예은,25,안양 분당구 123-45,010-9335-7295,운동
18721,임건우,47,안양 송파구 123-45,010-1550-1158,요리
18722,김예은,68,김해 일산동구 123-45,010-8036-1770,등산
18723,서은우,36,용인 흥덕구 123-45,010-1852-2278,여행
18724,최서연,73,성남 남구 123-45,010-9794-3489,운동
18725,조수빈,73,포항 분당구 123-45,010-9849-4886,자전거 타기
18726,이유진,43,김해 남구 123-45,010-9751-2500,요리
18727,최소율,66,평택 송파구 123-45,010-4780-3583,자전거 타기
18728,윤은우,62,제주 팔달구 123-45,010-6591-3133,웹서핑
18729,최현우,41,안양 장유동 123-45,010-4129-9298,드로잉
18730,서시우,60,남양주 수성구 123-45,010-3184-1788,음악감상
18731,박하윤,31,화성 동구 123-45,010-7037-6544,여행
18732,정태윤,28,안양 덕진구 123-45,010-2598-5803,보드게임
18733,신시우,20,고양 달서구 123-45,010-5085-3657,운동
18734,서하은,53,안양 기흥구 123-45,010-4815-9850,뜨개질
18735,조건우,58,제주 달서구 123-45,010-2773-8752,뜨개질
18736,박수빈,31,서울 신제주 123-45,010-6671-4659,카페 투어
18737,이서연,26,서울 분당구 123-45,010-9164-8653,운동
18738,장소율,27,포항 분당구 123-45,010-1108-6022,등산
18739,윤은우,45,전주 흥덕구 123-45,010-9430-9688,드로잉
18740,조예린,78,안산 진해구 123-45,010-4114-6980,독서
18741,조지민,31,수원 기흥구 123-45,010-1496-2556,여행
18742,신건우,61,대전 기흥구 123-45,010-3207-4295,독서
18743,오현우,38,부산 강남구 123-45,010-3591-2417,요리
18744,임태윤,22,대전 달서구 123-45,010-4911-7167,카페 투어
18745,신예은,31,성남 덕진구 123-45,010-3424-7991,사진촬영
18746,서서연,21,울산 기흥구 123-45,010-4472-6478,게임
18747,오예린,42,안산 덕양구 123-45,010-6360-5656,웹서핑
18748,서도윤,47,제주 남구 123-45,010-3798-7973,요리
18749,윤시우,21,남양주 남구 123-45,010-3740-7006,뜨개질
18750,이지안,25,대구 서구 123-45,010-4247-7267,뜨개질
18751,정도윤,77,고양 달서구 123-45,010-9521-1480,독서
18752,김민수,37,서울 덕진구 123-45,010-4727-1804,운동
18753,오건우,54,김해 성북구 123-45,010-2988-5465,카페 투어
18754,신서연,39,대구 강남구 123-45,010-5324-3246,뜨개질
18755,김지안,67,천안 덕진구 123-45,010-8306-4080,자전거 타기
18756,최지원,71,김해 팔달구 123-45,010-6098-4884,등산
18757,박태윤,46,전주 달서구 123-45,010-8392-5351,독서
18758,윤민수,33,남양주 성동구 123-45,010-4943-8351,뜨개질
18759,한유진,55,전주 흥덕구 123-45,010-9699-5767,독서
18760,박민수,31,창원 분당구 123-45,010-7224-8327,여행
18761,장도윤,65,대전 기흥구 123-45,010-9392-7305,등산
18762,신은우,71,인천 팔달구 123-45,010-9561-3101,요리
18763,김예린,74,남양주 동구 123-45,010-3596-1438,일기 쓰기
18764,이예린,35,세종 신제주 123-45,010-9471-1899,유튜브 보기
18765,이시우,23,천안 덕진구 123-45,010-7876-5551,요리
18766,한예린,47,대전 동구 123-45,010-1384-5210,보드게임
18767,조예린,36,창원 수성구 123-45,010-6413-8413,등산
18768,서은우,56,울산 성동구 123-45,010-3584-2417,독서
18769,임소율,79,세종 신제주 123-45,010-2716-8433,여행
18770,김지안,55,평택 신제주 123-45,010-2765-8668,보드게임
18771,강은우,49,대구 성동구 123-45,010-2710-4828,유튜브 보기
18772,조지안,74,인천 진해구 123-45,010-6828-9889,뜨개질
18773,서지안,67,성남 서구 123-45,010-2000-2415,드로잉
18774,오민수,29,성남 남구 123-45,010-2809-8660,사진촬영
18775,장지후,73,창원 덕양구 123-45,010-6800-3475,수영
18776,강지원,33,창원 강서구 123-45,010-7146-9603,영화감상
18777,정도윤,57,울산 강남구 123-45,010-2497-2849,독서
18778,강유진,43,화성 신제주 123-45,010-3067-6185,여행
18779,장서준,23,광주 강서구 123-45,010-6209-7497,독서
18780,김하윤,72,천안 달서구 123-45,010-1697-2807,자전거 타기
18781,윤유진,42,인천 흥덕구 123-45,010-6957-3902,웹서핑
18782,조민수,70,남양주 송파구 123-45,010-5306-4133,일기 쓰기
18783,정서준,65,대전 분당구 123-45,010-9914-1391,등산
18784,정태윤,56,수원 덕양구 123-45,010-9091-3028,자전거 타기
18785,이서연,74,성남 유성구 123-45,010-3582-4167,수영
18786,최하은,37,세종 서구 123-45,010-8280-7278,사진촬영
18787,윤도윤,25,안산 남구 123-45,010-3340-1774,유튜브 보기
18788,장건우,45,안산 성동구 123-45,010-5687-6988,요리
18789,최유진,48,대구 달서구 123-45,010-4554-1588,보드게임
18790,정도윤,70,천안 유성구 123-45,010-5884-8213,음악감상
18791,임은우,56,포항 서북구 123-45,010-8125-2683,여행
18792,신지후,47,남양주 덕진구 123-45,010-4756-8221,자전거 타기
18793,조예린,21,안산 덕진구 123-45,010-4971-5693,카페 투어
18794,오건우,23,전주 성동구 123-45,010-6302-7186,유튜브 보기
18795,윤현우,26,수원 북구 123-45,010-3663-4673,사진촬영
18796,윤서준,58,세종 서북구 123-45,010-7556-7920,영화감상
18797,최건우,26,전주 강서구 123-45,010-8447-6665,운동
18798,한현우,53,성남 해운대구 123-45,010-6397-3797,독서
18799,임예린,58,울산 남구 123-45,010-9489-3023,드로잉
18800,장지원,50,서울 덕양구 123-45,010-3326-4092,보드게임
18801,윤하윤,37,대구 장유동 123-45,010-7280-3042,자전거 타기
18802,이하윤,56,김해 흥덕구 123-45,010-3947-8534,음악감상
18803,정태윤,54,김해 수성구 123-45,010-8658-5292,영화감상
18804,정예린,58,수원 유성구 123-45,010-9218-8171,등산
18805,오하은,74,제주 진해구 123-45,010-2981-1710,수영
18806,정서준,48,광주 중구 123-45,010-7783-7468,등산
18807,이하은,72,대구 동구 123-45,010-3140-5465,유튜브 보기
18808,윤건우,43,제주 진해구 123-45,010-3368-7171,사진촬영
18809,오지안,79,남양주 달서구 123-45,010-6278-4982,일기 쓰기
18810,조도윤,77,대구 동구 123-45,010-3882-3329,독서
18811,박지민,37,김해 성북구 123-45,010-3422-9110,등산
18812,신지민,57,전주 장유동 123-45,010-2664-2229,등산
18813,오지안,66,남양주 분당구 123-45,010-7578-9450,웹서핑
18814,신하윤,78,광주 강서구 123-45,010-2202-4659,사진촬영
18815,한예린,33,청주 강남구 123-45,010-9368-8915,유튜브 보기
18816,정지후,56,안양 남구 123-45,010-4371-8601,사진촬영
18817,서지원,53,화성 흥덕구 123-45,010-9043-7130,사진촬영
18818,오지후,72,김해 성동구 123-45,010-1384-6426,영화감상
18819,이예린,47,남양주 흥덕구 123-45,010-4898-5223,음악감상
18820,윤하윤,64,대구 송파구 123-45,010-5271-1663,유튜브 보기
18821,서시우,42,고양 덕양구 123-45,010-7280-9925,웹서핑
18822,최은우,43,부산 덕양구 123-45,010-8588-6184,음악감상
18823,강예은,77,안산 성동구 123-45,010-5076-4196,드로잉
18824,박도윤,76,울산 동구 123-45,010-2365-6911,보드게임
18825,서수빈,30,남양주 분당구 123-45,010-2345-2788,게임
18826,박도윤,43,광주 기흥구 123-45,010-4887-6604,영화감상
18827,이지후,73,세종 일산동구 123-45,010-7182-4880,유튜브 보기
18828,한수빈,37,대구 팔달구 123-45,010-8333-9960,운동
18829,정태윤,52,평택 유성구 123-45,010-6047-2095,요리
18830,한은우,28,인천 강서구 123-45,010-7567-6477,영화감상
18831,이지민,72,포항 장유동 123-45,010-8016-2444,카페 투어
18832,장민수,27,울산 달서구 123-45,010-9072-8011,게임
18833,조시우,26,서울 서북구 123-45,010-1568-5574,드로잉
18834,신서연,45,대전 일산동구 123-45,010-9669-3948,영화감상
18835,윤하은,74,천안 북구 123-45,010-2754-6176,유튜브 보기
18836,윤하은,30,고양 유성구 123-45,010-5460-2688,등산
18837,신지원,78,서울 기흥구 123-45,010-1149-4537,드로잉
18838,이예은,67,성남 중구 123-45,010-8378-4817,요리
18839,강건우,27,김해 남구 123-45,010-9861-6715,영화감상
18840,정건우,62,대구 성동구 123-45,010-5059-1431,사진촬영
18841,오소율,61,김해 서북구 123-45,010-8942-9488,여행
18842,김시우,62,용인 동구 123-45,010-9397-5236,수영
18843,조지민,30,성남 신제주 123-45,010-6943-5591,뜨개질
18844,신태윤,70,안양 동구 123-45,010-9180-1336,여행
18845,이은우,59,안산 흥덕구 123-45,010-2316-3978,등산
18846,최민수,58,세종 북구 123-45,010-7109-3940,음악감상
18847,강도윤,73,창원 팔달구 123-45,010-7129-3682,뜨개질
18848,오지안,36,안양 서북구 123-45,010-5278-2082,드로잉
18849,서태윤,24,제주 달서구 123-45,010-7085-3680,뜨개질
18850,강건우,39,화성 달서구 123-45,010-5116-7323,영화감상
18851,한수빈,38,용인 덕양구 123-45,010-6460-6989,드로잉
18852,최하윤,30,광주 수성구 123-45,010-4099-5238,유튜브 보기
18853,정하은,27,안양 덕양구 123-45,010-6819-1690,게임
18854,박수빈,20,고양 성동구 123-45,010-4001-3127,일기 쓰기
18855,오은우,74,청주 남구 123-45,010-3726-8632,독서
18856,오지민,65,청주 동구 123-45,010-5066-2725,드로잉
18857,김하은,62,평택 강남구 123-45,010-3996-2688,드로잉
18858,강하은,35,화성 달서구 123-45,010-5259-5449,보드게임
18859,정현우,53,대구 수성구 123-45,010-4401-6851,뜨개질
18860,정지안,48,평택 해운대구 123-45,010-8515-3116,게임
18861,박현우,43,대구 북구 123-45,010-3850-4937,요리
18862,장하은,54,수원 진해구 123-45,010-4140-5809,뜨개질
18863,신하은,42,대전 동구 123-45,010-5172-5005,영화감상
18864,정지안,49,서울 달서구 123-45,010-7838-6038,웹서핑
18865,정지안,63,안산 덕진구 123-45,010-6060-5359,요리
18866,박지원,30,청주 송파구 123-45,010-5107-4774,웹서핑
18867,오지민,59,대전 강서구 123-45,010-5478-9039,여행
18868,임예린,22,천안 남구 123-45,010-3803-6538,웹서핑
18869,박서연,34,대전 성동구 123-45,010-7985-5992,수영
18870,김도윤,51,광주 장유동 123-45,010-4536-4802,웹서핑
18871,임수빈,38,용인 덕진구 123-45,010-3137-2322,수영
18872,윤은우,44,대구 남구 123-45,010-8930-8015,뜨개질
18873,서지후,55,김해 중구 123-45,010-9739-8229,뜨개질
18874,정하은,24,포항 서북구 123-45,010-7323-7003,게임
18875,윤소율,36,제주 달서구 123-45,010-7020-1035,보드게임
18876,정민수,59,대전 남구 123-45,010-8955-9990,독서
18877,한소율,28,울산 흥덕구 123-45,010-5881-9582,사진촬영
18878,서하윤,35,울산 신제주 123-45,010-1277-9306,일기 쓰기
18879,한수빈,65,세종 진해구 123-45,010-3143-5253,카페 투어
18880,윤서연,79,수원 강서구 123-45,010-2062-2335,여행
18881,서태윤,47,안양 강서구 123-45,010-9187-3683,자전거 타기
18882,강수빈,22,세종 서북구 123-45,010-3956-2527,유튜브 보기
18883,김하윤,56,천안 달서구 123-45,010-1506-7935,뜨개질
18884,한민수,72,인천 서북구 123-45,010-7883-3810,카페 투어
18885,이유진,37,용인 신제주 123-45,010-3113-1515,드로잉
18886,신현우,34,안양 진해구 123-45,010-6833-9601,게임
18887,장지원,63,창원 중구 123-45,010-3325-4624,영화감상
18888,강서연,21,남양주 흥덕구 123-45,010-7035-5526,등산
18889,윤도윤,58,청주 강남구 123-45,010-6635-3719,요리
18890,신민수,67,남양주 달서구 123-45,010-6668-4586,사진촬영
18891,박수빈,48,고양 남구 123-45,010-4264-4985,사진촬영
18892,서서연,55,전주 진해구 123-45,010-1580-3717,카페 투어
18893,장유진,30,울산 신제주 123-45,010-1105-4519,등산
18894,김시우,72,창원 서북구 123-45,010-1830-2656,웹서핑
18895,윤지안,36,화성 중구 123-45,010-5971-5802,보드게임
18896,서유진,26,화성 팔달구 123-45,010-2799-5501,게임
18897,정지후,52,평택 기흥구 123-45,010-2699-3259,수영
18898,정지후,35,제주 분당구 123-45,010-1741-3572,요리
18899,김지후,31,부산 성북구 123-45,010-2007-2515,자전거 타기
18900,정수빈,34,화성 분당구 123-45,010-4189-5815,운동
18901,오도윤,62,화성 덕양구 123-45,010-5434-4403,웹서핑
18902,조지안,58,대구 송파구 123-45,010-7739-5750,드로잉
18903,서지원,45,평택 신제주 123-45,010-9218-5380,유튜브 보기
18904,김지후,75,남양주 송파구 123-45,010-2692-7251,자전거 타기
18905,윤지원,34,천안 강남구 123-45,010-5380-8535,운동
18906,오서연,46,제주 장유동 123-45,010-3374-3726,사진촬영
18907,서수빈,53,서울 성북구 123-45,010-3597-8540,영화감상
18908,서소율,56,인천 유성구 123-45,010-1238-5288,사진촬영
18909,박도윤,65,광주 진해구 123-45,010-2754-3358,웹서핑
18910,서하윤,75,수원 해운대구 123-45,010-8416-6851,독서
18911,김시우,33,용인 신제주 123-45,010-3121-2260,영화감상
18912,조예은,23,고양 일산동구 123-45,010-3666-4456,여행
18913,한지원,26,천안 수성구 123-45,010-6293-8697,카페 투어
18914,임은우,29,남양주 분당구 123-45,010-1080-1903,요리
18915,신도윤,75,용인 강서구 123-45,010-7980-3157,게임
18916,최민수,26,울산 서북구 123-45,010-4335-7241,카페 투어
18917,서지원,71,제주 덕양구 123-45,010-4411-7728,카페 투어
18918,한도윤,23,광주 흥덕구 123-45,010-7334-5240,보드게임
18919,임지원,68,김해 동구 123-45,010-3816-5964,사진촬영
18920,이민수,30,성남 서구 123-45,010-7519-1412,뜨개질
18921,박예은,50,성남 서북구 123-45,010-1206-6747,자전거 타기
18922,서서준,42,포항 팔달구 123-45,010-3289-8111,음악감상
18923,강서연,67,광주 기흥구 123-45,010-9251-4076,여행
18924,최은우,74,대전 수성구 123-45,010-2241-9393,사진촬영
18925,정소율,20,울산 서북구 123-45,010-9293-1705,드로잉
18926,서하은,55,대전 강남구 123-45,010-6347-1116,여행
18927,임도윤,78,안양 강서구 123-45,010-4591-5700,여행
18928,정지후,28,창원 해운대구 123-45,010-7973-4728,여행
18929,서현우,53,청주 수성구 123-45,010-2967-6604,자전거 타기
18930,정은우,76,포항 강서구 123-45,010-2051-6974,일기 쓰기
18931,신지원,67,고양 강남구 123-45,010-6355-2931,사진촬영
18932,김건우,22,성남 달서구 123-45,010-5867-2080,사진촬영
18933,장예은,73,광주 서구 123-45,010-1742-3866,일기 쓰기
18934,강유진,61,안양 덕진구 123-45,010-5697-8527,여행
18935,윤예린,72,광주 송파구 123-45,010-6814-1986,수영
18936,박시우,41,안양 기흥구 123-45,010-6827-3235,게임
18937,김하윤,64,광주 일산동구 123-45,010-1577-5500,영화감상
18938,이유진,68,청주 성북구 123-45,010-9029-2733,유튜브 보기
18939,서지민,47,남양주 동구 123-45,010-4922-5201,영화감상
18940,강지후,69,대전 일산동구 123-45,010-7205-6791,자전거 타기
18941,장시우,41,화성 덕양구 123-45,010-4416-7402,등산
18942,강현우,23,세종 강남구 123-45,010-7240-9673,보드게임
18943,강도윤,53,대구 기흥구 123-45,010-6310-5264,여행
18944,임소율,54,대전 북구 123-45,010-3569-3541,등산
18945,오태윤,37,고양 서구 123-45,010-6651-1588,유튜브 보기
18946,오현우,75,울산 해운대구 123-45,010-1504-3779,독서
18947,임지후,33,천안 서구 123-45,010-1362-8982,드로잉
18948,윤민수,36,광주 장유동 123-45,010-2400-8093,음악감상
18949,윤지민,33,울산 중구 123-45,010-4890-9657,뜨개질
18950,신은우,72,수원 동구 123-45,010-5446-9603,수영
18951,한건우,29,대전 해운대구 123-45,010-4446-1285,게임
18952,윤시우,46,안산 북구 123-45,010-3232-9942,일기 쓰기
18953,오지민,38,청주 팔달구 123-45,010-4957-6866,게임
18954,한수빈,22,천안 북구 123-45,010-9138-8584,영화감상
18955,조수빈,67,성남 서북구 123-45,010-7074-1755,여행
18956,오지민,53,고양 팔달구 123-45,010-3978-3706,자전거 타기
18957,임지후,31,안산 덕진구 123-45,010-1356-3823,등산
18958,김지후,61,화성 팔달구 123-45,010-5405-8515,운동
18959,정예은,48,대전 중구 123-45,010-3511-3025,독서
18960,오은우,62,전주 유성구 123-45,010-8535-1351,독서
18961,한은우,39,인천 분당구 123-45,010-9343-1488,사진촬영
18962,윤유진,40,대구 유성구 123-45,010-2749-7541,게임
18963,조태윤,48,천안 성북구 123-45,010-6235-5383,카페 투어
18964,최소율,70,인천 서구 123-45,010-8781-7734,등산
18965,정지후,77,남양주 북구 123-45,010-5854-8477,운동
18966,임시우,69,고양 유성구 123-45,010-9892-2459,보드게임
18967,서하은,67,인천 덕양구 123-45,010-7407-5236,드로잉
18968,임지민,20,제주 일산동구 123-45,010-9046-3295,드로잉
18969,정유진,50,서울 덕진구 123-45,010-9810-3222,음악감상
18970,정지안,54,청주 신제주 123-45,010-3000-4888,게임
18971,임유진,24,천안 흥덕구 123-45,010-5171-7346,수영
18972,오하은,47,대구 일산동구 123-45,010-4872-3129,등산
18973,정서준,50,청주 해운대구 123-45,010-1809-7810,드로잉
18974,서지안,68,성남 팔달구 123-45,010-3459-3867,독서
18975,서유진,20,전주 일산동구 123-45,010-3656-9359,음악감상
18976,임도윤,70,남양주 흥덕구 123-45,010-1717-6918,게임
18977,조현우,29,성남 북구 123-45,010-6973-7682,운동
18978,최지민,50,안산 일산동구 123-45,010-8404-3251,자전거 타기
18979,한민수,76,용인 성동구 123-45,010-2132-2508,여행
18980,김소율,42,포항 성북구 123-45,010-7092-7228,보드게임
18981,최시우,50,김해 장유동 123-45,010-9564-8166,카페 투어
18982,강유진,70,수원 팔달구 123-45,010-6882-5553,게임
18983,임지안,30,남양주 강서구 123-45,010-5161-3681,사진촬영
18984,강하윤,27,수원 신제주 123-45,010-8885-1748,보드게임
18985,조하윤,47,김해 진해구 123-45,010-5600-2406,드로잉
18986,임유진,38,창원 동구 123-45,010-6159-3637,드로잉
18987,조건우,54,천안 덕양구 123-45,010-3445-5350,보드게임
18988,조지민,69,창원 동구 123-45,010-6736-5518,드로잉
18989,이지후,70,안산 팔달구 123-45,010-6775-5969,웹서핑
18990,박현우,55,용인 성북구 123-45,010-1482-7719,보드게임
18991,김예은,38,용인 서북구 123-45,010-5210-1874,독서
18992,임건우,39,수원 진해구 123-45,010-3732-2698,게임
18993,오현우,68,화성 기흥구 123-45,010-3771-6777,운동
18994,이현우,65,고양 신제주 123-45,010-6315-2903,카페 투어
18995,한하윤,64,남양주 분당구 123-45,010-4823-4966,여행
18996,정건우,74,제주 서북구 123-45,010-6411-9567,게임
18997,조서준,29,성남 서구 123-45,010-2251-4332,수영
18998,한태윤,36,용인 남구 123-45,010-2266-9644,영화감상
18999,최시우,54,남양주 해운대구 123-45,010-1940-1227,웹서핑
19000,서지민,27,전주 동구 123-45,010-2829-8294,요리
19001,조시우,52,서울 달서구 123-45,010-3023-5795,드로잉
19002,오예린,71,서울 진해구 123-45,010-8999-5287,뜨개질
19003,임지안,62,성남 진해구 123-45,010-9360-6838,운동
19004,오유진,72,청주 송파구 123-45,010-6416-4864,일기 쓰기
19005,한지원,39,제주 강남구 123-45,010-3182-8678,유튜브 보기
19006,장민수,44,부산 신제주 123-45,010-5322-2528,영화감상
19007,한예린,64,남양주 달서구 123-45,010-6637-6410,드로잉
19008,임예린,33,김해 강서구 123-45,010-3125-9683,여행
19009,임현우,76,포항 유성구 123-45,010-3970-6613,게임
19010,강서연,45,대전 해운대구 123-45,010-3028-1183,음악감상
19011,박건우,30,천안 성북구 123-45,010-7002-2598,카페 투어
19012,윤지민,68,남양주 덕진구 123-45,010-9356-8743,카페 투어
19013,강지안,28,서울 팔달구 123-45,010-9378-1583,사진촬영
19014,신건우,39,안양 수성구 123-45,010-1891-6188,음악감상
19015,한지안,27,대구 동구 123-45,010-8439-5713,요리
19016,오시우,39,김해 성북구 123-45,010-8957-2158,드로잉
19017,김현우,23,용인 흥덕구 123-45,010-3078-3229,등산
19018,임예린,38,화성 성북구 123-45,010-5832-3830,요리
19019,박소율,62,청주 팔달구 123-45,010-6613-9956,영화감상
19020,장하은,76,청주 신제주 123-45,010-3993-4158,음악감상
19021,최지원,40,포항 동구 123-45,010-4263-9007,드로잉
19022,이시우,54,청주 남구 123-45,010-6060-6055,유튜브 보기
19023,한유진,56,안양 덕진구 123-45,010-6402-9575,운동
19024,임하윤,21,화성 진해구 123-45,010-2510-7097,게임
19025,오은우,45,천안 분당구 123-45,010-3499-6029,음악감상
19026,윤지안,54,남양주 기흥구 123-45,010-3693-3621,웹서핑
19027,박지민,57,부산 진해구 123-45,010-7135-9010,요리
19028,강시우,34,창원 신제주 123-45,010-1238-5213,카페 투어
19029,장지민,64,용인 송파구 123-45,010-5643-4527,웹서핑
19030,신지원,39,김해 기흥구 123-45,010-9069-7177,수영
19031,서유진,32,안양 덕양구 123-45,010-1892-6285,카페 투어
19032,이수빈,77,고양 서북구 123-45,010-6119-7562,웹서핑
19033,정하은,42,인천 송파구 123-45,010-4231-2549,운동
19034,신지민,77,고양 팔달구 123-45,010-2506-2258,운동
19035,장하은,63,용인 남구 123-45,010-8434-7775,사진촬영
19036,오예은,33,김해 기흥구 123-45,010-5315-3858,유튜브 보기
19037,신지후,23,천안 중구 123-45,010-8480-8334,독서
19038,한민수,28,광주 진해구 123-45,010-3774-9754,뜨개질
19039,박서연,20,수원 강남구 123-45,010-2967-3745,운동
19040,윤소율,65,고양 강서구 123-45,010-1969-6931,뜨개질
19041,한하은,75,세종 서북구 123-45,010-3356-3171,보드게임
19042,강현우,60,성남 성북구 123-45,010-5856-4903,자전거 타기
19043,신시우,40,인천 덕양구 123-45,010-3684-7580,유튜브 보기
19044,임서준,62,수원 남구 123-45,010-5904-1967,보드게임
19045,윤수빈,34,안산 북구 123-45,010-1045-3004,보드게임
19046,한예은,48,광주 중구 123-45,010-8415-9835,수영
19047,조현우,27,대구 성북구 123-45,010-7762-5013,영화감상
19048,한서연,40,전주 기흥구 123-45,010-3394-9500,등산
19049,윤서연,51,부산 진해구 123-45,010-2409-1897,음악감상
19050,정예은,38,창원 기흥구 123-45,010-4869-6796,음악감상
19051,박지원,29,세종 덕진구 123-45,010-7520-4903,등산
19052,김건우,23,안양 강서구 123-45,010-7230-3723,사진촬영
19053,윤민수,71,세종 북구 123-45,010-5298-2265,등산
19054,오하은,56,김해 일산동구 123-45,010-1081-7618,수영
19055,정현우,50,성남 덕양구 123-45,010-3797-5761,운동
19056,최지민,22,김해 성동구 123-45,010-7348-6411,유튜브 보기
19057,윤민수,46,포항 성북구 123-45,010-5239-5878,음악감상
19058,김서연,67,광주 성북구 123-45,010-6363-4791,등산
19059,임예린,57,고양 덕양구 123-45,010-9883-9378,보드게임
19060,윤하은,43,남양주 중구 123-45,010-2204-5230,영화감상
19061,오서준,72,김해 성동구 123-45,010-6279-4158,수영
19062,임하윤,27,용인 일산동구 123-45,010-3243-8153,여행
19063,최건우,27,울산 신제주 123-45,010-9745-6507,등산
19064,박지민,60,서울 남구 123-45,010-3398-1962,게임
19065,오유진,21,용인 강남구 123-45,010-1844-9114,자전거 타기
19066,김태윤,35,대전 팔달구 123-45,010-4001-5666,여행
19067,서하윤,36,창원 강서구 123-45,010-8103-2716,웹서핑
19068,강태윤,66,안산 강서구 123-45,010-9818-4208,자전거 타기
19069,윤민수,20,세종 유성구 123-45,010-5413-7642,뜨개질
19070,정현우,36,안산 유성구 123-45,010-1293-5872,여행
19071,장소율,32,창원 강남구 123-45,010-4125-5461,드로잉
19072,박태윤,76,천안 송파구 123-45,010-6496-8528,여행
19073,장하윤,42,청주 남구 123-45,010-7610-3990,요리
19074,오은우,51,용인 서북구 123-45,010-2064-9507,등산
19075,조소율,63,대전 강남구 123-45,010-3659-3549,게임
19076,강서준,48,전주 남구 123-45,010-8216-5762,영화감상
19077,장지원,23,안산 흥덕구 123-45,010-5043-4293,뜨개질
19078,한수빈,54,세종 기흥구 123-45,010-1936-8357,웹서핑
19079,한수빈,56,제주 서구 123-45,010-3073-3142,유튜브 보기
19080,최서준,45,포항 송파구 123-45,010-6211-3406,운동
19081,신예린,79,평택 흥덕구 123-45,010-6768-5040,영화감상
19082,윤서연,46,세종 강남구 123-45,010-8982-5093,등산
19083,윤하윤,41,전주 송파구 123-45,010-8647-5822,운동
19084,서예은,62,세종 수성구 123-45,010-4159-5075,수영
19085,박하윤,66,안양 장유동 123-45,010-9825-2071,사진촬영
19086,신은우,42,성남 유성구 123-45,010-1259-7506,뜨개질
19087,강하윤,44,안산 송파구 123-45,010-8877-4222,카페 투어
19088,이소율,68,제주 북구 123-45,010-2726-4738,유튜브 보기
19089,조지후,79,화성 중구 123-45,010-5702-7882,운동
19090,강태윤,76,서울 기흥구 123-45,010-2037-7277,음악감상
19091,조서연,66,천안 팔달구 123-45,010-4011-1166,요리
19092,서시우,47,천안 성북구 123-45,010-2790-7251,여행
19093,박지안,76,평택 덕양구 123-45,010-7336-1553,요리
19094,한지민,22,김해 성동구 123-45,010-2038-7670,보드게임
19095,김유진,62,대전 중구 123-45,010-4209-2757,보드게임
19096,조지안,58,용인 북구 123-45,010-6145-2054,게임
19097,오은우,71,포항 강서구 123-45,010-6645-3284,음악감상
19098,최지후,73,울산 기흥구 123-45,010-4428-8069,게임
19099,최현우,58,고양 남구 123-45,010-1848-7293,유튜브 보기
19100,한민수,75,고양 팔달구 123-45,010-5101-1011,웹서핑
19101,최도윤,45,대전 흥덕구 123-45,010-2230-4930,운동
19102,강하은,25,대전 성북구 123-45,010-3593-9745,뜨개질
19103,정예은,48,용인 중구 123-45,010-1054-6652,운동
19104,박예린,68,남양주 덕양구 123-45,010-7652-7033,음악감상
19105,박현우,53,대전 강남구 123-45,010-1212-7396,사진촬영
19106,이서연,42,김해 북구 123-45,010-8900-1092,독서
19107,정하은,37,용인 중구 123-45,010-3637-6835,드로잉
19108,임시우,42,부산 서구 123-45,010-4005-3689,등산
19109,김현우,73,울산 덕양구 123-45,010-5853-3778,수영
19110,임지안,71,제주 남구 123-45,010-6164-3316,드로잉
19111,최유진,61,세종 송파구 123-45,010-5851-9962,음악감상
19112,김도윤,69,안양 송파구 123-45,010-5815-3436,영화감상
19113,정지민,63,서울 성북구 123-45,010-6403-5220,유튜브 보기
19114,최태윤,25,고양 서북구 123-45,010-2651-2818,요리
19115,최은우,44,김해 흥덕구 123-45,010-6706-5273,웹서핑
19116,조수빈,73,세종 서구 123-45,010-9492-9775,운동
19117,박서준,33,안양 흥덕구 123-45,010-8093-6057,운동
19118,신하은,64,울산 달서구 123-45,010-2608-6582,영화감상
19119,장지원,54,고양 분당구 123-45,010-6120-8359,여행
19120,이은우,45,부산 남구 123-45,010-3355-9405,여행
19121,박민수,49,김해 중구 123-45,010-1602-3907,운동
19122,이예린,20,포항 장유동 123-45,010-7963-9407,수영
19123,한하은,46,남양주 성동구 123-45,010-9999-3933,드로잉
19124,박하은,55,성남 성동구 123-45,010-8708-3837,음악감상
19125,장지안,23,포항 북구 123-45,010-2292-6576,일기 쓰기
19126,신은우,33,안산 강서구 123-45,010-5396-4055,음악감상
19127,윤민수,77,제주 팔달구 123-45,010-3230-2364,음악감상
19128,김하윤,29,평택 수성구 123-45,010-2071-5470,음악감상
19129,강지원,21,제주 서북구 123-45,010-7042-6457,웹서핑
19130,이지안,27,평택 진해구 123-45,010-6267-1332,드로잉
19131,이하은,23,전주 진해구 123-45,010-1149-1833,일기 쓰기
19132,서시우,68,성남 덕양구 123-45,010-8412-1593,사진촬영
19133,오예린,45,제주 일산동구 123-45,010-4644-4294,뜨개질
19134,장건우,61,광주 진해구 123-45,010-7384-1703,자전거 타기
19135,박서연,76,용인 남구 123-45,010-2004-2415,웹서핑
19136,강지민,64,부산 성동구 123-45,010-7916-3310,뜨개질
19137,정현우,65,대구 송파구 123-45,010-2106-5255,일기 쓰기
19138,오서준,40,대구 덕양구 123-45,010-5075-4984,게임
19139,서태윤,56,남양주 진해구 123-45,010-9331-6069,사진촬영
19140,신은우,52,수원 수성구 123-45,010-4749-2381,요리
19141,오지후,79,대전 유성구 123-45,010-3420-5555,드로잉
19142,강도윤,56,인천 서구 123-45,010-5581-1342,등산
19143,박예은,58,광주 일산동구 123-45,010-9578-2570,영화감상
19144,김하윤,70,대전 해운대구 123-45,010-7224-4685,수영
19145,윤지안,20,성남 성북구 123-45,010-1258-9067,뜨개질
19146,김현우,45,수원 분당구 123-45,010-9588-6603,영화감상
19147,김지안,56,수원 송파구 123-45,010-7409-7351,뜨개질
19148,신소율,20,평택 신제주 123-45,010-7710-9688,등산
19149,박유진,47,서울 북구 123-45,010-5812-1015,운동
19150,이지후,35,세종 기흥구 123-45,010-2538-6405,사진촬영
19151,서은우,28,평택 일산동구 123-45,010-7704-4964,수영
19152,윤건우,31,제주 서구 123-45,010-5949-6508,웹서핑
19153,장지원,74,제주 일산동구 123-45,010-4418-1279,카페 투어
19154,최예린,45,성남 남구 123-45,010-6085-3045,게임
19155,강지안,75,부산 서구 123-45,010-3327-6313,여행
19156,조예은,39,성남 서구 123-45,010-4438-4850,여행
19157,조서연,59,수원 덕양구 123-45,010-8396-8555,유튜브 보기
19158,장서연,24,고양 진해구 123-45,010-1030-7171,음악감상
19159,박시우,36,울산 동구 123-45,010-2823-9422,웹서핑
19160,장현우,39,남양주 유성구 123-45,010-5890-1538,운동
19161,임하윤,75,성남 해운대구 123-45,010-2283-5427,운동
19162,정도윤,33,대구 동구 123-45,010-6230-4319,일기 쓰기
19163,박민수,61,포항 남구 123-45,010-5950-8434,일기 쓰기
19164,임도윤,61,수원 북구 123-45,010-7464-1052,보드게임
19165,강지안,46,화성 일산동구 123-45,010-3597-6598,유튜브 보기
19166,신지원,49,포항 중구 123-45,010-2916-9609,게임
19167,서유진,28,화성 일산동구 123-45,010-3685-5846,수영
19168,서하윤,79,김해 신제주 123-45,010-9767-1455,보드게임
19169,신현우,32,성남 덕진구 123-45,010-3772-8125,음악감상
19170,한지후,63,포항 해운대구 123-45,010-2071-4048,자전거 타기
19171,임수빈,58,안산 팔달구 123-45,010-5221-2811,게임
19172,서시우,34,성남 동구 123-45,010-1393-5932,유튜브 보기
19173,김하은,48,수원 기흥구 123-45,010-9222-7952,보드게임
19174,오지후,78,인천 송파구 123-45,010-9129-9765,요리
19175,오시우,71,안양 강남구 123-45,010-5196-6294,웹서핑
19176,오예은,62,용인 덕양구 123-45,010-7149-8019,일기 쓰기
19177,강태윤,24,창원 서구 123-45,010-8581-9143,영화감상
19178,오하윤,69,대구 덕진구 123-45,010-5273-3240,여행
19179,한은우,39,용인 팔달구 123-45,010-4236-3922,일기 쓰기
19180,조지안,31,평택 강남구 123-45,010-4523-8908,카페 투어
19181,강시우,66,창원 강남구 123-45,010-8695-8345,요리
19182,이현우,73,청주 수성구 123-45,010-6063-2073,드로잉
19183,정지후,42,창원 신제주 123-45,010-9644-9670,일기 쓰기
19184,정태윤,40,김해 서북구 123-45,010-7219-9143,등산
19185,김서준,67,성남 서구 123-45,010-1862-9864,여행
19186,최수빈,46,성남 달서구 123-45,010-2115-7751,운동
19187,윤지민,31,부산 진해구 123-45,010-7707-6633,웹서핑
19188,정소율,59,포항 송파구 123-45,010-4693-8619,자전거 타기
19189,서건우,71,대전 강서구 123-45,010-7593-2586,수영
19190,윤하윤,56,대구 수성구 123-45,010-6189-6348,독서
19191,임소율,67,서울 팔달구 123-45,010-6163-1028,수영
19192,이지원,46,대전 덕양구 123-45,010-2081-3354,뜨개질
19193,박지민,61,평택 팔달구 123-45,010-3848-1056,여행
19194,박지민,46,제주 북구 123-45,010-6797-9590,보드게임
19195,정서연,74,광주 진해구 123-45,010-9731-4191,수영
19196,윤민수,62,고양 송파구 123-45,010-7967-9250,사진촬영
19197,한건우,55,서울 유성구 123-45,010-1570-4402,요리
19198,조건우,58,화성 달서구 123-45,010-2363-4790,독서
19199,정은우,24,울산 강남구 123-45,010-2811-3042,게임
19200,한은우,63,대전 송파구 123-45,010-4151-8796,수영
19201,이하은,23,제주 덕진구 123-45,010-2921-7872,독서
19202,박하은,66,김해 유성구 123-45,010-8831-2380,영화감상
19203,임하윤,69,남양주 성동구 123-45,010-6019-1156,뜨개질
19204,김시우,64,김해 서구 123-45,010-2185-1136,뜨개질
19205,임소율,66,서울 신제주 123-45,010-1972-2833,웹서핑
19206,장지민,39,세종 성동구 123-45,010-7058-5680,독서
19207,김은우,40,부산 덕양구 123-45,010-9955-3999,여행
19208,서하은,63,청주 장유동 123-45,010-5534-2765,등산
19209,김예은,24,고양 서북구 123-45,010-1315-9542,카페 투어
19210,이소율,45,수원 중구 123-45,010-7650-2593,유튜브 보기
19211,이지안,62,대구 성동구 123-45,010-2899-2313,자전거 타기
19212,강도윤,62,울산 흥덕구 123-45,010-5644-2533,웹서핑
19213,강도윤,37,청주 흥덕구 123-45,010-4455-2607,요리
19214,조예은,23,대전 북구 123-45,010-9896-3448,영화감상
19215,장서준,52,부산 덕진구 123-45,010-2883-2803,드로잉
19216,장민수,30,포항 진해구 123-45,010-6412-3406,영화감상
19217,조건우,36,부산 서구 123-45,010-5414-9988,독서
19218,서수빈,23,천안 강서구 123-45,010-4301-6390,요리
19219,윤지후,67,남양주 분당구 123-45,010-1851-8989,수영
19220,박도윤,71,수원 강서구 123-45,010-2951-1241,독서
19221,조지원,74,세종 강서구 123-45,010-5593-7533,유튜브 보기
19222,강소율,39,창원 북구 123-45,010-8583-2448,등산
19223,서건우,66,세종 분당구 123-45,010-3500-8278,운동
19224,김건우,65,창원 남구 123-45,010-5355-9246,운동
19225,강은우,56,화성 해운대구 123-45,010-2680-3210,일기 쓰기
19226,신서연,76,제주 동구 123-45,010-4680-9009,뜨개질
19227,최건우,72,남양주 기흥구 123-45,010-5972-5432,독서
19228,임지민,35,세종 성북구 123-45,010-6634-9748,음악감상
19229,정소율,35,전주 장유동 123-45,010-6812-7570,뜨개질
19230,오도윤,50,고양 서북구 123-45,010-4975-3576,게임
19231,정도윤,28,부산 진해구 123-45,010-5092-1329,게임
19232,한유진,30,울산 강서구 123-45,010-8315-8197,사진촬영
19233,오하은,54,창원 신제주 123-45,010-2035-2822,드로잉
19234,조지민,65,울산 분당구 123-45,010-6603-1540,사진촬영
19235,김도윤,43,안산 덕양구 123-45,010-8437-1970,여행
19236,신은우,38,인천 유성구 123-45,010-3837-9391,드로잉
19237,서도윤,28,안산 수성구 123-45,010-2151-3294,음악감상
19238,이지안,76,제주 성북구 123-45,010-5078-5414,독서
19239,윤건우,49,고양 진해구 123-45,010-5797-6243,독서
19240,윤지후,79,부산 서구 123-45,010-1626-2019,등산
19241,최소율,52,제주 동구 123-45,010-8942-2130,독서
19242,서지민,41,용인 북구 123-45,010-6967-5526,영화감상
19243,윤지후,74,천안 흥덕구 123-45,010-5878-6620,음악감상
19244,강은우,69,대전 남구 123-45,010-4553-6889,영화감상
19245,조건우,51,대전 분당구 123-45,010-1338-5897,웹서핑
19246,최하은,22,성남 강서구 123-45,010-4982-5628,뜨개질
19247,장하은,21,제주 흥덕구 123-45,010-2135-6460,등산
19248,한소율,76,김해 북구 123-45,010-3474-2393,운동
19249,오수빈,49,광주 흥덕구 123-45,010-6018-5749,사진촬영
19250,김하은,76,광주 강남구 123-45,010-6819-3056,드로잉
19251,서지원,20,천안 덕양구 123-45,010-6239-8476,일기 쓰기
19252,오서준,39,청주 성북구 123-45,010-4925-1578,독서
19253,임예은,78,안양 일산동구 123-45,010-4877-3724,수영
19254,오예은,42,평택 분당구 123-45,010-8158-2801,독서
19255,이수빈,57,부산 송파구 123-45,010-9544-2501,독서
19256,최도윤,51,포항 강남구 123-45,010-3426-2078,게임
19257,이서연,74,대전 강남구 123-45,010-7029-4447,등산
19258,장은우,26,안산 송파구 123-45,010-5591-9904,음악감상
19259,신서연,77,성남 동구 123-45,010-3617-4021,드로잉
19260,서예은,56,김해 남구 123-45,010-2713-9179,운동
19261,김지안,48,서울 진해구 123-45,010-4497-2198,독서
19262,조태윤,26,수원 동구 123-45,010-4230-3597,등산
19263,장수빈,48,부산 장유동 123-45,010-4010-4804,카페 투어
19264,서하은,58,평택 강서구 123-45,010-4202-6986,운동
19265,오하은,29,남양주 흥덕구 123-45,010-6825-8609,게임
19266,최예린,68,포항 덕진구 123-45,010-4331-4928,뜨개질
19267,한예은,58,대전 팔달구 123-45,010-2723-9348,자전거 타기
19268,한도윤,24,대구 유성구 123-45,010-3062-2026,독서
19269,김지안,61,성남 일산동구 123-45,010-3237-7663,독서
19270,장도윤,70,인천 덕양구 123-45,010-8903-9833,운동
19271,정도윤,54,울산 중구 123-45,010-4204-1659,독서
19272,김태윤,68,대구 일산동구 123-45,010-4371-6645,사진촬영
19273,박하은,40,고양 남구 123-45,010-1173-3233,유튜브 보기
19274,박지후,28,부산 장유동 123-45,010-3168-1367,자전거 타기
19275,한건우,45,안양 성동구 123-45,010-9885-2938,여행
19276,정지후,76,김해 성북구 123-45,010-6962-4841,요리
19277,임현우,50,김해 서북구 123-45,010-2521-4311,뜨개질
19278,조은우,76,용인 중구 123-45,010-2799-6940,영화감상
19279,장하은,71,수원 장유동 123-45,010-6646-6737,요리
19280,장예린,65,세종 서구 123-45,010-4116-1200,독서
19281,임서연,71,대구 기흥구 123-45,010-2921-1241,자전거 타기
19282,신현우,77,서울 서북구 123-45,010-5685-1846,수영
19283,서하윤,68,고양 남구 123-45,010-8584-3424,사진촬영
19284,박서연,23,대전 장유동 123-45,010-7327-7960,독서
19285,장은우,54,대전 남구 123-45,010-7926-7487,드로잉
19286,서서연,74,서울 서구 123-45,010-4160-5734,운동
19287,박지안,48,세종 덕양구 123-45,010-6241-2559,카페 투어
19288,서서연,22,평택 흥덕구 123-45,010-7773-3945,일기 쓰기
19289,김하윤,20,부산 일산동구 123-45,010-2070-5633,뜨개질
19290,서현우,24,안양 달서구 123-45,010-8778-4139,일기 쓰기
19291,임도윤,39,인천 성북구 123-45,010-5146-7285,유튜브 보기
19292,장민수,73,화성 일산동구 123-45,010-5148-9101,자전거 타기
19293,이예린,65,포항 성동구 123-45,010-2874-4614,웹서핑
19294,윤건우,79,안산 흥덕구 123-45,010-3306-6415,게임
19295,김예린,40,안양 성북구 123-45,010-5276-5332,드로잉
19296,조지후,49,대구 서북구 123-45,010-3294-9258,수영
19297,강현우,77,남양주 성북구 123-45,010-1771-3023,카페 투어
19298,신하윤,46,천안 기흥구 123-45,010-4495-8336,음악감상
19299,조서준,60,용인 흥덕구 123-45,010-1053-6850,유튜브 보기
19300,정서연,55,대전 서북구 123-45,010-5570-4370,유튜브 보기
19301,윤지후,71,천안 흥덕구 123-45,010-5175-2036,음악감상
19302,윤은우,51,대구 서북구 123-45,010-6243-8264,운동
19303,신서연,63,화성 일산동구 123-45,010-1887-6575,일기 쓰기
19304,최소율,52,제주 강서구 123-45,010-7248-9203,일기 쓰기
19305,신태윤,21,제주 강서구 123-45,010-1720-4717,보드게임
19306,임시우,76,인천 성북구 123-45,010-4501-6445,독서
19307,박수빈,37,제주 팔달구 123-45,010-2632-4365,독서
19308,임소율,23,수원 성북구 123-45,010-6352-6950,여행
19309,이지안,49,부산 중구 123-45,010-7253-7713,뜨개질
19310,최하은,30,제주 진해구 123-45,010-5829-2479,등산
19311,서태윤,45,남양주 덕진구 123-45,010-7362-1963,등산
19312,강예은,23,부산 수성구 123-45,010-7586-7154,음악감상
19313,오수빈,56,대전 수성구 123-45,010-5069-9562,일기 쓰기
19314,조서연,49,포항 일산동구 123-45,010-4075-1088,음악감상
19315,신소율,57,부산 해운대구 123-45,010-5596-3696,게임
19316,정유진,55,부산 남구 123-45,010-6870-6481,드로잉
19317,신소율,61,평택 성동구 123-45,010-5682-1686,일기 쓰기
19318,신현우,37,평택 신제주 123-45,010-5535-8878,등산
19319,조예은,55,평택 흥덕구 123-45,010-1837-3549,요리
19320,조시우,52,김해 덕양구 123-45,010-2876-7409,운동
19321,박수빈,74,김해 중구 123-45,010-1819-5094,일기 쓰기
19322,신서연,26,수원 일산동구 123-45,010-8417-2275,웹서핑
19323,장태윤,40,수원 흥덕구 123-45,010-4039-1322,사진촬영
19324,윤서준,50,서울 강서구 123-45,010-1652-1379,유튜브 보기
19325,윤지민,34,김해 중구 123-45,010-1888-6682,등산
19326,신지원,27,고양 남구 123-45,010-1449-3893,운동
19327,김서연,28,안양 북구 123-45,010-2369-1239,웹서핑
19328,윤수빈,65,화성 동구 123-45,010-2302-1111,웹서핑
19329,강지민,32,대구 서구 123-45,010-4817-1698,등산
19330,김수빈,53,전주 송파구 123-45,010-3807-3629,자전거 타기
19331,박민수,66,천안 성북구 123-45,010-2675-4339,음악감상
19332,윤건우,69,인천 유성구 123-45,010-4842-2517,수영
19333,장현우,57,안양 팔달구 123-45,010-1446-5277,독서
19334,장서준,36,전주 진해구 123-45,010-5348-1570,일기 쓰기
19335,김하윤,32,용인 흥덕구 123-45,010-1325-7088,독서
19336,서서연,41,서울 서북구 123-45,010-3736-1557,여행
19337,임지후,61,서울 강남구 123-45,010-9831-8140,유튜브 보기
19338,한지원,72,평택 기흥구 123-45,010-5142-3622,여행
19339,윤태윤,64,전주 일산동구 123-45,010-4599-5996,뜨개질
19340,윤민수,54,청주 신제주 123-45,010-2665-1846,독서
19341,조소율,71,대전 성동구 123-45,010-3244-8663,유튜브 보기
19342,김은우,73,창원 남구 123-45,010-1782-5343,카페 투어
19343,한태윤,71,세종 일산동구 123-45,010-6761-2000,수영
19344,박태윤,76,포항 수성구 123-45,010-4827-3121,요리
19345,장서연,73,안양 흥덕구 123-45,010-2709-7806,영화감상
19346,최도윤,78,평택 북구 123-45,010-1237-1646,운동
19347,최예린,61,대전 중구 123-45,010-5524-4388,드로잉
19348,오하윤,23,성남 진해구 123-45,010-2800-4470,유튜브 보기
19349,장유진,65,청주 팔달구 123-45,010-6394-8417,등산
19350,정지민,60,서울 장유동 123-45,010-5761-4795,등산
19351,김하윤,26,서울 송파구 123-45,010-2046-3799,자전거 타기
19352,장예은,31,청주 유성구 123-45,010-6678-1101,유튜브 보기
19353,이시우,72,천안 분당구 123-45,010-6220-3696,자전거 타기
19354,신서준,55,서울 성동구 123-45,010-3756-1942,요리
19355,박도윤,21,김해 장유동 123-45,010-6008-4995,게임
19356,윤시우,55,대전 성동구 123-45,010-9471-2342,뜨개질
19357,이하윤,22,제주 북구 123-45,010-9785-3498,뜨개질
19358,윤서연,75,광주 덕양구 123-45,010-1140-3358,게임
19359,한지민,20,포항 분당구 123-45,010-1003-5622,유튜브 보기
19360,이민수,69,화성 기흥구 123-45,010-3706-1408,운동
19361,한서준,23,용인 달서구 123-45,010-6211-8728,웹서핑
19362,장서연,60,안산 서북구 123-45,010-4747-3901,일기 쓰기
19363,정은우,41,인천 남구 123-45,010-1069-2681,자전거 타기
19364,장도윤,23,화성 강서구 123-45,010-6590-6333,음악감상
19365,이지민,51,서울 분당구 123-45,010-6760-6714,보드게임
19366,김지안,26,화성 덕양구 123-45,010-9392-6081,영화감상
19367,이민수,45,용인 해운대구 123-45,010-8232-1524,여행
19368,강하은,50,남양주 중구 123-45,010-2781-5803,등산
19369,정유진,65,화성 서북구 123-45,010-1682-2136,드로잉
19370,정서연,40,안양 북구 123-45,010-1107-5995,게임
19371,임지민,32,김해 중구 123-45,010-3498-6159,요리
19372,김도윤,65,안양 중구 123-45,010-4150-5858,유튜브 보기
19373,정유진,66,화성 해운대구 123-45,010-1975-8025,요리
19374,한현우,47,대전 해운대구 123-45,010-5372-1627,등산
19375,장시우,61,안양 북구 123-45,010-1557-1945,수영
19376,김민수,62,김해 중구 123-45,010-7321-5428,드로잉
19377,한지민,26,제주 유성구 123-45,010-4785-3303,드로잉
19378,강은우,43,대구 서북구 123-45,010-2883-1848,뜨개질
19379,박시우,30,남양주 서구 123-45,010-2544-3827,웹서핑
19380,최예린,63,제주 신제주 123-45,010-4062-2792,뜨개질
19381,박하은,73,고양 송파구 123-45,010-1007-8008,카페 투어
19382,한시우,48,부산 덕진구 123-45,010-7320-3348,사진촬영
19383,신서연,53,안산 장유동 123-45,010-9347-1638,요리
19384,한예린,41,인천 달서구 123-45,010-6893-1349,웹서핑
19385,정지안,46,청주 장유동 123-45,010-2985-5533,등산
19386,정하윤,53,대전 일산동구 123-45,010-6275-1469,여행
19387,임은우,67,화성 중구 123-45,010-4533-1864,영화감상
19388,신지원,36,포항 기흥구 123-45,010-1550-3852,카페 투어
19389,신예린,55,김해 진해구 123-45,010-5278-5622,뜨개질
19390,이도윤,60,용인 덕진구 123-45,010-2324-5676,뜨개질
19391,김은우,32,세종 송파구 123-45,010-6888-4577,웹서핑
19392,신건우,76,평택 중구 123-45,010-4217-2709,카페 투어
19393,이수빈,22,제주 일산동구 123-45,010-5896-7675,자전거 타기
19394,이하은,23,남양주 북구 123-45,010-4027-4249,독서
19395,오수빈,43,청주 장유동 123-45,010-8411-3435,뜨개질
19396,정도윤,53,광주 해운대구 123-45,010-4295-8376,게임
19397,임서연,52,세종 동구 123-45,010-5598-4675,독서
19398,오건우,43,성남 동구 123-45,010-8624-2123,영화감상
19399,박민수,58,서울 강남구 123-45,010-7086-8748,영화감상
19400,윤은우,26,화성 성북구 123-45,010-6862-2268,요리
19401,오소율,33,창원 진해구 123-45,010-9288-6263,보드게임
19402,신현우,56,대구 북구 123-45,010-1340-2892,요리
19403,정지원,67,서울 장유동 123-45,010-1809-5717,요리
19404,박은우,64,포항 일산동구 123-45,010-7519-5083,보드게임
19405,강시우,57,성남 송파구 123-45,010-3391-9895,뜨개질
19406,강예은,73,화성 분당구 123-45,010-1077-4426,자전거 타기
19407,한지민,67,울산 강남구 123-45,010-6461-3358,음악감상
19408,오지안,63,창원 동구 123-45,010-2779-5939,여행
19409,김지원,35,대전 덕진구 123-45,010-4777-5915,유튜브 보기
19410,김은우,20,대전 유성구 123-45,010-2493-5790,독서
19411,강건우,46,김해 남구 123-45,010-4904-6111,일기 쓰기
19412,장민수,71,포항 서구 123-45,010-4136-5541,운동
19413,최현우,49,평택 신제주 123-45,010-4231-1323,요리
19414,임지원,67,제주 달서구 123-45,010-1154-8632,등산
19415,강서준,76,고양 성동구 123-45,010-5683-3696,운동
19416,임지민,32,전주 동구 123-45,010-2768-3249,보드게임
19417,윤소율,49,수원 강서구 123-45,010-3593-3167,웹서핑
19418,이지후,51,대전 수성구 123-45,010-1150-4952,드로잉
19419,신은우,64,포항 수성구 123-45,010-2791-7560,게임
19420,김유진,25,천안 서구 123-45,010-4137-1007,독서
19421,윤수빈,28,포항 흥덕구 123-45,010-6312-1686,유튜브 보기
19422,신지원,48,울산 장유동 123-45,010-7479-3406,게임
19423,한지원,72,대구 성동구 123-45,010-4506-5433,카페 투어
19424,신서준,36,평택 강서구 123-45,010-6317-9110,운동
19425,오소율,29,수원 덕양구 123-45,010-6354-8401,보드게임
19426,최은우,62,성남 성북구 123-45,010-7359-3001,유튜브 보기
19427,오하은,46,성남 덕양구 123-45,010-2717-1697,게임
19428,이지안,63,포항 장유동 123-45,010-3667-6279,영화감상
19429,서민수,26,성남 강남구 123-45,010-6905-5792,수영
19430,한시우,36,대구 서구 123-45,010-8757-5330,자전거 타기
19431,신소율,71,수원 장유동 123-45,010-6833-5856,등산
19432,장민수,63,인천 덕진구 123-45,010-9459-4050,드로잉
19433,이현우,49,천안 팔달구 123-45,010-5595-3387,보드게임
19434,임현우,60,대전 진해구 123-45,010-2553-7409,뜨개질
19435,강지민,75,인천 북구 123-45,010-8477-3000,카페 투어
19436,장시우,67,세종 성북구 123-45,010-9484-6847,요리
19437,서태윤,43,평택 진해구 123-45,010-6738-3601,등산
19438,박하은,56,인천 기흥구 123-45,010-3611-8838,보드게임
19439,서지민,61,인천 일산동구 123-45,010-5952-3872,카페 투어
19440,조수빈,21,성남 진해구 123-45,010-2680-6214,자전거 타기
19441,서유진,72,창원 중구 123-45,010-2629-1740,보드게임
19442,윤서준,41,청주 해운대구 123-45,010-3243-5336,자전거 타기
19443,윤하윤,59,고양 덕진구 123-45,010-9316-6335,독서
19444,임은우,55,안양 분당구 123-45,010-2966-7814,자전거 타기
19445,강현우,60,포항 서북구 123-45,010-6315-4690,카페 투어
19446,서하은,22,김해 서북구 123-45,010-4513-9977,운동
19447,오건우,51,광주 유성구 123-45,010-5768-8302,영화감상
19448,박소율,79,대전 남구 123-45,010-9014-1897,보드게임
19449,이지후,51,서울 흥덕구 123-45,010-4758-3228,여행
19450,이유진,49,김해 덕진구 123-45,010-5629-7487,독서
19451,박예린,46,안양 유성구 123-45,010-5796-5645,카페 투어
19452,장예은,31,전주 성동구 123-45,010-2409-4365,영화감상
19453,장지원,68,평택 달서구 123-45,010-6365-2250,드로잉
19454,오태윤,64,천안 남구 123-45,010-4319-3179,여행
19455,박소율,52,대구 성동구 123-45,010-2800-9052,수영
19456,조지안,31,화성 덕진구 123-45,010-9949-3475,유튜브 보기
19457,임유진,69,천안 장유동 123-45,010-1064-6004,뜨개질
19458,오건우,28,청주 해운대구 123-45,010-4991-1021,카페 투어
19459,한도윤,48,청주 송파구 123-45,010-5164-7330,드로잉
19460,한현우,61,화성 덕진구 123-45,010-1419-7371,음악감상
19461,신예린,48,고양 송파구 123-45,010-6695-2625,등산
19462,윤유진,29,화성 수성구 123-45,010-6501-5029,일기 쓰기
19463,한소율,48,대전 서북구 123-45,010-6720-9177,음악감상
19464,오예린,39,광주 북구 123-45,010-7283-3012,게임
19465,정태윤,69,세종 성북구 123-45,010-5314-9834,등산
19466,한지안,23,용인 북구 123-45,010-7226-2410,게임
19467,최지원,54,성남 달서구 123-45,010-4748-2103,게임
19468,이지민,39,대구 일산동구 123-45,010-6758-3016,자전거 타기
19469,강서연,50,울산 분당구 123-45,010-6193-2239,요리
19470,장예린,78,청주 기흥구 123-45,010-9684-4189,웹서핑
19471,서지안,51,대전 일산동구 123-45,010-2512-1813,수영
19472,신지후,79,창원 덕진구 123-45,010-6970-3885,요리
19473,임지원,26,제주 신제주 123-45,010-3356-1336,음악감상
19474,임현우,37,서울 중구 123-45,010-1149-2047,게임
19475,윤지민,31,천안 장유동 123-45,010-3492-2827,영화감상
19476,이지민,31,안양 서구 123-45,010-5569-2172,자전거 타기
19477,임도윤,64,수원 중구 123-45,010-3972-4205,독서
19478,임서준,34,세종 흥덕구 123-45,010-8339-2478,게임
19479,서예은,62,평택 흥덕구 123-45,010-5616-1552,등산
19480,윤유진,77,서울 강남구 123-45,010-4345-4621,게임
19481,정건우,61,안양 서구 123-45,010-8959-4046,영화감상
19482,김태윤,71,성남 북구 123-45,010-7424-7402,일기 쓰기
19483,서시우,63,천안 분당구 123-45,010-1261-5982,운동
19484,김도윤,60,광주 흥덕구 123-45,010-4612-2559,등산
19485,김지후,73,수원 흥덕구 123-45,010-4686-4946,유튜브 보기
19486,장태윤,57,창원 남구 123-45,010-4322-3325,유튜브 보기
19487,장예린,24,대전 달서구 123-45,010-6785-1531,수영
19488,윤도윤,71,전주 성동구 123-45,010-8592-7900,게임
19489,신유진,28,화성 수성구 123-45,010-7970-4578,유튜브 보기
19490,정소율,43,김해 신제주 123-45,010-9099-5637,음악감상
19491,정예은,75,성남 유성구 123-45,010-5998-6432,드로잉
19492,서지안,55,창원 흥덕구 123-45,010-3263-9978,영화감상
19493,박민수,65,남양주 성동구 123-45,010-2377-5038,보드게임
19494,장하윤,39,남양주 북구 123-45,010-4338-5315,자전거 타기
19495,조소율,65,대전 강서구 123-45,010-6690-4805,요리
19496,박서연,40,고양 기흥구 123-45,010-6048-6482,카페 투어
19497,조시우,50,남양주 서북구 123-45,010-5157-8470,독서
19498,조서준,75,천안 덕진구 123-45,010-3071-4223,요리
19499,임하은,29,남양주 덕진구 123-45,010-8567-3890,자전거 타기
19500,임민수,46,성남 성북구 123-45,010-1819-6684,등산
19501,신하은,33,포항 동구 123-45,010-6773-6673,유튜브 보기
19502,장하은,72,김해 진해구 123-45,010-3778-9345,음악감상
19503,장태윤,53,대구 수성구 123-45,010-5083-1278,웹서핑
19504,신도윤,72,평택 중구 123-45,010-5896-9512,게임
19505,신수빈,23,부산 해운대구 123-45,010-1136-2337,웹서핑
19506,최민수,42,제주 기흥구 123-45,010-5155-5785,등산
19507,김지후,31,남양주 수성구 123-45,010-7912-2218,음악감상
19508,강서연,23,부산 성동구 123-45,010-6119-4245,카페 투어
19509,박서연,68,전주 송파구 123-45,010-6144-3964,자전거 타기
19510,정예린,65,고양 성동구 123-45,010-6114-4998,음악감상
19511,신민수,57,남양주 동구 123-45,010-2637-8775,보드게임
19512,박소율,52,수원 강남구 123-45,010-3472-3285,유튜브 보기
19513,윤하은,35,용인 달서구 123-45,010-3908-3947,웹서핑
19514,한예은,65,화성 신제주 123-45,010-9015-5561,수영
19515,최지후,29,평택 남구 123-45,010-7130-3667,독서
19516,윤민수,77,천안 강서구 123-45,010-7459-6150,수영
19517,장소율,58,대구 덕양구 123-45,010-4452-2334,운동
19518,장도윤,41,전주 북구 123-45,010-7434-7938,자전거 타기
19519,강태윤,27,천안 팔달구 123-45,010-1639-8198,게임
19520,한지민,50,평택 일산동구 123-45,010-4728-2713,독서
19521,박서준,43,평택 송파구 123-45,010-8320-2453,카페 투어
19522,서은우,70,대구 서구 123-45,010-9931-2945,보드게임
19523,조지민,21,안양 달서구 123-45,010-1932-6330,카페 투어
19524,임지안,77,포항 서북구 123-45,010-8447-5965,여행
19525,정수빈,35,안양 성동구 123-45,010-4736-2359,사진촬영
19526,임서연,72,김해 기흥구 123-45,010-4746-4518,게임
19527,한시우,70,대구 흥덕구 123-45,010-3457-5837,요리
19528,조지민,72,용인 팔달구 123-45,010-8233-9556,영화감상
19529,김서준,58,포항 기흥구 123-45,010-4372-6621,보드게임
19530,윤지민,51,청주 기흥구 123-45,010-1568-2176,뜨개질
19531,정예은,25,청주 남구 123-45,010-4414-9920,웹서핑
19532,윤지원,45,울산 성북구 123-45,010-9380-7180,자전거 타기
19533,오지안,60,용인 유성구 123-45,010-8420-6231,운동
19534,강은우,79,부산 신제주 123-45,010-6371-4633,웹서핑
19535,서건우,23,청주 기흥구 123-45,010-7147-6363,웹서핑
19536,임도윤,78,수원 진해구 123-45,010-5169-5959,카페 투어
19537,최하윤,36,수원 북구 123-45,010-4216-3069,드로잉
19538,박건우,63,대구 팔달구 123-45,010-8740-5879,뜨개질
19539,장태윤,68,부산 송파구 123-45,010-1288-2838,웹서핑
19540,조유진,40,성남 중구 123-45,010-3865-3363,보드게임
19541,한예은,43,세종 장유동 123-45,010-3080-8063,등산
19542,임도윤,72,포항 분당구 123-45,010-3548-1099,영화감상
19543,서예은,60,인천 신제주 123-45,010-1845-3833,음악감상
19544,최지안,62,안산 성동구 123-45,010-5643-1984,웹서핑
19545,김유진,49,제주 일산동구 123-45,010-4317-9565,유튜브 보기
19546,이지안,54,전주 성북구 123-45,010-1346-9293,등산
19547,이시우,78,용인 팔달구 123-45,010-7883-6027,독서
19548,윤유진,30,안산 진해구 123-45,010-7662-7000,등산
19549,장도윤,46,서울 강남구 123-45,010-4909-7510,독서
19550,장태윤,33,고양 해운대구 123-45,010-3901-3116,유튜브 보기
19551,서소율,55,창원 달서구 123-45,010-7840-6150,등산
19552,한하은,54,용인 흥덕구 123-45,010-4068-1010,운동
19553,강유진,70,안산 송파구 123-45,010-2058-9491,수영
19554,서민수,57,서울 성동구 123-45,010-4199-2809,독서
19555,오건우,76,성남 덕양구 123-45,010-7678-5352,유튜브 보기
19556,장지민,67,부산 덕진구 123-45,010-4684-8429,사진촬영
19557,최태윤,41,세종 중구 123-45,010-2178-7684,카페 투어
19558,장지후,25,부산 팔달구 123-45,010-1903-6733,영화감상
19559,이은우,27,대구 덕진구 123-45,010-2035-7369,게임
19560,한태윤,33,수원 동구 123-45,010-4781-1562,사진촬영
19561,한하은,50,안양 신제주 123-45,010-8671-8385,영화감상
19562,서예은,27,전주 서구 123-45,010-5197-2902,영화감상
19563,박현우,32,제주 장유동 123-45,010-7001-3059,운동
19564,강예린,44,천안 서북구 123-45,010-8153-8601,사진촬영
19565,오지민,34,용인 유성구 123-45,010-4615-5009,웹서핑
19566,김지안,37,화성 동구 123-45,010-8408-3148,자전거 타기
19567,서지후,37,부산 기흥구 123-45,010-2183-3165,드로잉
19568,오지안,43,대구 동구 123-45,010-1503-6321,요리
19569,서지후,57,안산 유성구 123-45,010-3540-1862,영화감상
19570,장건우,64,성남 달서구 123-45,010-8618-3193,요리
19571,임서연,52,김해 진해구 123-45,010-7332-3014,여행
19572,임태윤,44,화성 서북구 123-45,010-7751-3620,보드게임
19573,조지후,51,청주 성북구 123-45,010-9493-5830,음악감상
19574,김지안,72,김해 덕양구 123-45,010-3122-9643,수영
19575,신지민,70,화성 강남구 123-45,010-8954-3055,독서
19576,한지안,65,성남 흥덕구 123-45,010-5033-8048,운동
19577,박지후,60,세종 성북구 123-45,010-3666-4458,게임
19578,정지원,48,안산 기흥구 123-45,010-1665-1460,카페 투어
19579,한수빈,32,수원 송파구 123-45,010-6000-8160,사진촬영
19580,최지원,55,남양주 팔달구 123-45,010-7701-9206,게임
19581,오은우,39,인천 흥덕구 123-45,010-6002-3338,운동
19582,강서연,42,수원 분당구 123-45,010-8437-5186,음악감상
19583,정지후,79,제주 흥덕구 123-45,010-9870-5249,독서
19584,강도윤,22,제주 성북구 123-45,010-3324-6886,보드게임
19585,장수빈,73,창원 송파구 123-45,010-3895-6022,웹서핑
19586,임수빈,28,부산 서북구 123-45,010-6615-6790,웹서핑
19587,서지후,74,청주 수성구 123-45,010-7716-1129,게임
19588,박소율,49,서울 일산동구 123-45,010-9916-6696,유튜브 보기
19589,정민수,30,화성 성북구 123-45,010-8720-3877,요리
19590,임지민,43,대전 송파구 123-45,010-9823-3823,보드게임
19591,한예린,71,울산 해운대구 123-45,010-5602-4498,웹서핑
19592,박하윤,58,부산 장유동 123-45,010-3942-7132,뜨개질
19593,이지원,50,화성 장유동 123-45,010-5765-8856,운동
19594,서지후,71,광주 강남구 123-45,010-8134-7959,음악감상
19595,조은우,32,전주 장유동 123-45,010-6576-5402,독서
19596,정지후,75,부산 동구 123-45,010-6386-2809,운동
19597,최시우,25,세종 남구 123-45,010-4303-7103,드로잉
19598,김지민,23,제주 분당구 123-45,010-3370-8988,드로잉
19599,김수빈,43,인천 일산동구 123-45,010-8134-8010,등산
19600,조소율,53,창원 남구 123-45,010-9609-8928,카페 투어
19601,강하윤,66,성남 덕양구 123-45,010-1588-5346,음악감상
19602,윤예은,45,남양주 강남구 123-45,010-7268-1823,자전거 타기
19603,윤하은,45,대전 남구 123-45,010-1524-6842,웹서핑
19604,정소율,36,제주 기흥구 123-45,010-2257-9113,자전거 타기
19605,박은우,55,대전 서북구 123-45,010-7325-3897,웹서핑
19606,임소율,71,전주 팔달구 123-45,010-1549-7728,보드게임
19607,김지원,53,광주 유성구 123-45,010-5907-7305,일기 쓰기
19608,서하윤,31,대전 성동구 123-45,010-9892-7572,여행
19609,이서연,22,성남 수성구 123-45,010-7666-1724,일기 쓰기
19610,서수빈,62,인천 진해구 123-45,010-6683-1623,자전거 타기
19611,김유진,41,김해 분당구 123-45,010-1425-5161,여행
19612,김현우,56,대구 서구 123-45,010-4289-7865,카페 투어
19613,이현우,60,부산 달서구 123-45,010-6980-2914,드로잉
19614,강지원,38,용인 동구 123-45,010-8752-6011,운동
19615,김도윤,47,용인 서북구 123-45,010-4439-7056,요리
19616,장지후,37,포항 달서구 123-45,010-4975-6439,수영
19617,김서준,53,창원 서북구 123-45,010-4081-1908,유튜브 보기
19618,신도윤,59,화성 수성구 123-45,010-1659-6750,뜨개질
19619,서수빈,40,대구 동구 123-45,010-1990-9991,여행
19620,이수빈,31,인천 북구 123-45,010-8624-4864,독서
19621,최은우,20,고양 성동구 123-45,010-6307-1498,카페 투어
19622,한현우,64,남양주 성북구 123-45,010-4684-3118,요리
19623,신도윤,32,세종 강남구 123-45,010-1868-1318,자전거 타기
19624,조지후,50,전주 성북구 123-45,010-2427-9826,등산
19625,김시우,58,안양 덕양구 123-45,010-4600-3132,유튜브 보기
19626,최태윤,26,포항 달서구 123-45,010-9626-3444,뜨개질
19627,윤하은,75,고양 신제주 123-45,010-6315-3045,뜨개질
19628,서유진,78,서울 일산동구 123-45,010-4024-9366,음악감상
19629,오지후,48,포항 분당구 123-45,010-6730-7609,유튜브 보기
19630,오건우,54,청주 송파구 123-45,010-5967-8248,자전거 타기
19631,박소율,65,창원 강서구 123-45,010-6250-3763,자전거 타기
19632,장서준,54,평택 덕양구 123-45,010-4967-5643,음악감상
19633,김은우,56,안양 서구 123-45,010-9840-6083,유튜브 보기
19634,이은우,29,청주 기흥구 123-45,010-4634-3329,카페 투어
19635,김서준,69,대전 흥덕구 123-45,010-4344-6185,등산
19636,신민수,40,용인 강남구 123-45,010-2096-5939,여행
19637,이서준,62,안산 기흥구 123-45,010-4825-7056,일기 쓰기
19638,강예은,34,창원 달서구 123-45,010-1307-8449,보드게임
19639,오소율,24,세종 중구 123-45,010-9951-5912,운동
19640,신건우,22,광주 북구 123-45,010-2163-4652,수영
19641,정지안,64,평택 해운대구 123-45,010-9799-2225,요리
19642,조민수,52,제주 기흥구 123-45,010-7346-7414,유튜브 보기
19643,임수빈,46,울산 흥덕구 123-45,010-2406-6894,자전거 타기
19644,박소율,41,청주 강서구 123-45,010-8904-1303,운동
19645,조건우,64,인천 해운대구 123-45,010-7785-4566,드로잉
19646,강지원,22,대구 흥덕구 123-45,010-7328-3921,여행
19647,서서준,35,성남 북구 123-45,010-6261-9203,웹서핑
19648,장하윤,49,안산 성북구 123-45,010-8967-3764,등산
19649,윤수빈,32,남양주 일산동구 123-45,010-8327-7711,일기 쓰기
19650,박민수,29,서울 신제주 123-45,010-4043-6786,여행
19651,임하윤,35,청주 신제주 123-45,010-4516-3265,사진촬영
19652,임수빈,29,김해 중구 123-45,010-3288-3795,요리
19653,서민수,26,부산 성북구 123-45,010-9649-7179,독서
19654,이도윤,53,부산 팔달구 123-45,010-9500-8712,운동
19655,장태윤,45,용인 달서구 123-45,010-4851-1926,등산
19656,박하윤,71,포항 중구 123-45,010-5947-1507,수영
19657,오소율,47,천안 분당구 123-45,010-1191-4307,수영
19658,한서연,22,남양주 송파구 123-45,010-3155-4989,여행
19659,장은우,75,창원 흥덕구 123-45,010-5466-3315,음악감상
19660,신지안,77,광주 신제주 123-45,010-6777-2134,등산
19661,강지원,58,안양 흥덕구 123-45,010-8609-4855,요리
19662,최소율,24,남양주 진해구 123-45,010-9681-5023,독서
19663,강하은,51,대구 달서구 123-45,010-5473-6752,여행
19664,박예린,56,서울 분당구 123-45,010-8056-3794,사진촬영
19665,한지안,57,용인 해운대구 123-45,010-7007-8167,운동
19666,임소율,26,서울 장유동 123-45,010-8964-5343,유튜브 보기
19667,정예린,74,김해 성북구 123-45,010-6737-8373,음악감상
19668,조지후,72,청주 기흥구 123-45,010-6514-1424,보드게임
19669,최지민,38,광주 덕양구 123-45,010-7706-3939,등산
19670,장지원,22,전주 북구 123-45,010-2342-1133,일기 쓰기
19671,박민수,51,남양주 달서구 123-45,010-3032-2970,사진촬영
19672,정건우,52,제주 분당구 123-45,010-4861-3384,요리
19673,박유진,22,울산 남구 123-45,010-1008-4291,등산
19674,오시우,34,수원 신제주 123-45,010-6133-2393,영화감상
19675,이유진,72,제주 유성구 123-45,010-5655-5918,수영
19676,김은우,78,부산 진해구 123-45,010-3491-2618,수영
19677,오은우,61,고양 동구 123-45,010-1898-6622,등산
19678,박서연,79,남양주 서북구 123-45,010-4107-3011,운동
19679,김지후,59,화성 일산동구 123-45,010-8815-4251,음악감상
19680,박서연,28,용인 덕진구 123-45,010-5547-6189,여행
19681,조소율,27,화성 성북구 123-45,010-4345-6293,보드게임
19682,김서준,32,천안 성동구 123-45,010-1479-1994,카페 투어
19683,신도윤,29,평택 팔달구 123-45,010-3702-5583,게임
19684,서유진,59,광주 송파구 123-45,010-8620-5050,뜨개질
19685,김소율,55,안양 강서구 123-45,010-3227-4480,게임
19686,윤지후,27,부산 서북구 123-45,010-9449-6703,운동
19687,윤태윤,66,청주 성북구 123-45,010-8726-4650,독서
19688,조시우,23,안양 분당구 123-45,010-2216-7505,음악감상
19689,조민수,75,용인 해운대구 123-45,010-4482-7479,카페 투어
19690,정하은,22,제주 동구 123-45,010-6664-8386,여행
19691,박서연,38,용인 성동구 123-45,010-3973-1310,수영
19692,조건우,20,광주 북구 123-45,010-4894-3210,보드게임
19693,강도윤,21,안양 진해구 123-45,010-6653-8705,웹서핑
19694,이건우,70,대구 신제주 123-45,010-2222-6643,일기 쓰기
19695,서서연,77,제주 서구 123-45,010-8285-3074,영화감상
19696,김도윤,30,대구 팔달구 123-45,010-9822-1709,영화감상
19697,윤지후,78,울산 유성구 123-45,010-2035-3464,자전거 타기
19698,박지민,59,제주 일산동구 123-45,010-2202-6194,요리
19699,신도윤,22,부산 동구 123-45,010-5413-8501,뜨개질
19700,장지안,20,고양 달서구 123-45,010-9688-5433,웹서핑
19701,박지안,50,부산 성북구 123-45,010-3678-7642,보드게임
19702,이현우,65,수원 해운대구 123-45,010-3900-4646,보드게임
19703,조지후,38,서울 달서구 123-45,010-5628-5808,영화감상
19704,최지원,79,화성 신제주 123-45,010-6396-7864,요리
19705,최예린,40,울산 성동구 123-45,010-7541-3016,영화감상
19706,정민수,75,안양 덕양구 123-45,010-2292-5424,자전거 타기
19707,장유진,65,광주 덕진구 123-45,010-7884-3099,음악감상
19708,조지원,79,인천 신제주 123-45,010-5298-6904,웹서핑
19709,박하윤,74,용인 서북구 123-45,010-9800-6714,뜨개질
19710,김도윤,35,안양 일산동구 123-45,010-7339-4144,음악감상
19711,김지원,67,남양주 해운대구 123-45,010-8812-2062,음악감상
19712,장예린,28,세종 중구 123-45,010-9426-5578,카페 투어
19713,조은우,46,인천 남구 123-45,010-1079-1752,웹서핑
19714,서도윤,75,울산 유성구 123-45,010-5447-8702,사진촬영
19715,박지후,24,안양 강서구 123-45,010-4564-3736,뜨개질
19716,조예린,25,평택 신제주 123-45,010-3333-6262,사진촬영
19717,윤건우,21,인천 덕양구 123-45,010-7522-3265,드로잉
19718,서유진,52,청주 덕진구 123-45,010-3777-1186,운동
19719,강현우,51,서울 일산동구 123-45,010-6972-4587,수영
19720,서건우,44,천안 강남구 123-45,010-8481-4915,독서
19721,서서연,55,대전 송파구 123-45,010-2185-1974,요리
19722,임현우,34,전주 강서구 123-45,010-7865-2267,독서
19723,김수빈,49,평택 일산동구 123-45,010-1084-6893,보드게임
19724,윤지원,43,포항 덕진구 123-45,010-1551-7691,유튜브 보기
19725,박하은,56,서울 강남구 123-45,010-6572-5255,등산
19726,최소율,28,대구 송파구 123-45,010-7304-4971,보드게임
19727,박태윤,47,부산 동구 123-45,010-2396-5823,여행
19728,강민수,43,부산 동구 123-45,010-3744-6020,수영
19729,임하은,75,청주 장유동 123-45,010-8939-8300,영화감상
19730,한민수,24,평택 기흥구 123-45,010-4828-9976,등산
19731,박현우,42,천안 진해구 123-45,010-5389-1665,운동
19732,최은우,28,고양 강남구 123-45,010-1866-1527,운동
19733,임하윤,45,성남 서구 123-45,010-4222-1725,운동
19734,박수빈,52,울산 성북구 123-45,010-5927-8315,자전거 타기
19735,서지안,61,전주 달서구 123-45,010-2221-3058,드로잉
19736,장태윤,58,부산 장유동 123-45,010-2783-7420,사진촬영
19737,강민수,67,김해 신제주 123-45,010-2342-2498,수영
19738,조태윤,29,안양 성동구 123-45,010-7999-2603,독서
19739,강유진,51,천안 송파구 123-45,010-5805-2532,유튜브 보기
19740,윤수빈,44,부산 달서구 123-45,010-5269-6026,보드게임
19741,강지원,51,대구 강서구 123-45,010-4433-3170,등산
19742,한건우,27,화성 성동구 123-45,010-7966-8882,보드게임
19743,강수빈,23,김해 성동구 123-45,010-8734-9965,여행
19744,조현우,79,포항 서북구 123-45,010-8318-6027,뜨개질
19745,강예은,53,인천 장유동 123-45,010-3544-7182,사진촬영
19746,이민수,46,안양 중구 123-45,010-9427-4006,드로잉
19747,김유진,42,평택 수성구 123-45,010-3814-4358,드로잉
19748,신지후,47,남양주 신제주 123-45,010-7905-8989,등산
19749,한지안,35,전주 달서구 123-45,010-1244-7630,보드게임
19750,신하윤,33,광주 진해구 123-45,010-1429-5256,사진촬영
19751,최하윤,76,김해 유성구 123-45,010-2071-5831,웹서핑
19752,조수빈,20,성남 서북구 123-45,010-9918-3601,뜨개질
19753,임건우,39,안산 기흥구 123-45,010-5780-6658,드로잉
19754,최수빈,74,서울 서북구 123-45,010-6006-6192,여행
19755,최서연,49,천안 덕양구 123-45,010-5743-3624,보드게임
19756,김시우,42,세종 성동구 123-45,010-1764-4903,수영
19757,정소율,66,서울 장유동 123-45,010-1847-5065,유튜브 보기
19758,조도윤,35,제주 흥덕구 123-45,010-9405-4102,운동
19759,박예은,29,화성 서구 123-45,010-8288-1096,웹서핑
19760,한하은,45,용인 송파구 123-45,010-4533-6055,사진촬영
19761,조예은,56,제주 해운대구 123-45,010-3895-8773,유튜브 보기
19762,조민수,41,대구 중구 123-45,010-1322-2786,영화감상
19763,장민수,39,천안 분당구 123-45,010-4073-4193,수영
19764,임하윤,44,울산 진해구 123-45,010-6760-2104,독서
19765,서현우,57,포항 팔달구 123-45,010-6051-1820,자전거 타기
19766,이은우,60,수원 장유동 123-45,010-5133-7235,운동
19767,오태윤,60,부산 분당구 123-45,010-1754-5281,여행
19768,임예린,72,창원 유성구 123-45,010-2965-2916,음악감상
19769,임수빈,57,부산 북구 123-45,010-2658-1063,뜨개질
19770,최수빈,75,고양 해운대구 123-45,010-4502-1258,운동
19771,신서준,44,평택 중구 123-45,010-1898-2545,요리
19772,조은우,57,대구 성북구 123-45,010-5885-1545,독서
19773,정소율,67,광주 분당구 123-45,010-6278-3318,독서
19774,이태윤,71,대전 성동구 123-45,010-8469-9087,사진촬영
19775,오지후,63,수원 일산동구 123-45,010-8523-1824,카페 투어
19776,임지원,71,인천 일산동구 123-45,010-4702-5864,영화감상
19777,한지후,56,창원 북구 123-45,010-2686-8681,카페 투어
19778,조예은,29,남양주 달서구 123-45,010-4363-6770,뜨개질
19779,신도윤,41,광주 성동구 123-45,010-1396-5776,자전거 타기
19780,장지후,30,안양 흥덕구 123-45,010-1049-5096,운동
19781,조예은,69,화성 남구 123-45,010-8106-6903,독서
19782,장지원,39,수원 동구 123-45,010-4886-8243,유튜브 보기
19783,한민수,29,대전 달서구 123-45,010-8733-9247,음악감상
19784,정도윤,37,용인 진해구 123-45,010-5774-5123,등산
19785,장예린,67,청주 기흥구 123-45,010-2978-1857,일기 쓰기
19786,한수빈,37,화성 팔달구 123-45,010-6799-8793,여행
19787,조유진,60,안양 흥덕구 123-45,010-8198-7134,운동
19788,서유진,41,평택 흥덕구 123-45,010-5478-7943,사진촬영
19789,임소율,61,천안 서북구 123-45,010-7191-5767,등산
19790,조지민,37,수원 동구 123-45,010-2007-5598,보드게임
19791,장수빈,30,서울 수성구 123-45,010-4672-1989,뜨개질
19792,정지민,58,부산 성동구 123-45,010-5671-5910,독서
19793,윤지안,54,전주 서북구 123-45,010-7383-5745,유튜브 보기
19794,최서연,22,남양주 덕양구 123-45,010-9628-9952,카페 투어
19795,오수빈,71,고양 북구 123-45,010-6481-4716,등산
19796,한태윤,24,울산 신제주 123-45,010-3083-2958,웹서핑
19797,박서연,33,부산 해운대구 123-45,010-5875-9487,사진촬영
19798,한서연,43,전주 송파구 123-45,010-6536-5504,웹서핑
19799,장지민,67,세종 팔달구 123-45,010-3474-4339,일기 쓰기
19800,한예은,63,용인 송파구 123-45,010-6192-7447,보드게임
19801,최시우,27,천안 일산동구 123-45,010-8435-5345,운동
19802,박지안,49,고양 강서구 123-45,010-6513-2254,카페 투어
19803,윤민수,46,인천 기흥구 123-45,010-1876-4001,사진촬영
19804,김지원,66,수원 서북구 123-45,010-9624-3323,여행
19805,박현우,20,대구 동구 123-45,010-8816-8022,웹서핑
19806,윤도윤,72,수원 송파구 123-45,010-2329-8857,영화감상
19807,오서연,75,안양 성동구 123-45,010-1661-2968,보드게임
19808,최예은,27,안산 서구 123-45,010-7521-3417,일기 쓰기
19809,장예린,72,고양 달서구 123-45,010-4216-4575,음악감상
19810,박서연,39,평택 분당구 123-45,010-4967-6322,카페 투어
19811,임지후,27,평택 수성구 123-45,010-5558-8854,유튜브 보기
19812,신지후,48,화성 유성구 123-45,010-6477-1912,보드게임
19813,임건우,78,부산 덕양구 123-45,010-6821-5180,자전거 타기
19814,윤시우,32,수원 성북구 123-45,010-7626-5242,사진촬영
19815,임유진,54,화성 흥덕구 123-45,010-5672-4164,카페 투어
19816,강현우,42,서울 분당구 123-45,010-1763-7113,수영
19817,장서준,72,평택 신제주 123-45,010-8493-9669,자전거 타기
19818,신예린,61,부산 신제주 123-45,010-6956-2631,등산
19819,장건우,32,세종 송파구 123-45,010-2626-6753,유튜브 보기
19820,최민수,40,평택 진해구 123-45,010-6171-8676,독서
19821,최시우,64,대전 서구 123-45,010-7082-5689,독서
19822,이서연,59,천안 해운대구 123-45,010-3052-7089,등산
19823,서유진,76,천안 팔달구 123-45,010-6259-3599,유튜브 보기
19824,정예린,40,안산 유성구 123-45,010-3869-3912,자전거 타기
19825,장시우,67,고양 신제주 123-45,010-3883-9778,수영
19826,임지원,34,대전 남구 123-45,010-5226-5338,음악감상
19827,조예린,44,고양 성북구 123-45,010-9325-4796,일기 쓰기
19828,최서준,52,용인 장유동 123-45,010-2313-4951,운동
19829,신태윤,41,울산 흥덕구 123-45,010-6175-7590,게임
19830,조지안,70,세종 달서구 123-45,010-7542-7216,등산
19831,윤태윤,22,성남 성북구 123-45,010-1559-7561,드로잉
19832,한은우,53,용인 덕양구 123-45,010-6639-1343,일기 쓰기
19833,서태윤,53,청주 서구 123-45,010-7384-7902,일기 쓰기
19834,장시우,27,대전 북구 123-45,010-4976-3917,사진촬영
19835,정하윤,27,창원 기흥구 123-45,010-2449-5230,자전거 타기
19836,김지안,35,고양 유성구 123-45,010-7431-6457,여행
19837,정서연,45,광주 덕양구 123-45,010-2989-6610,뜨개질
19838,오도윤,28,포항 강서구 123-45,010-7488-3287,독서
19839,최수빈,75,안산 서구 123-45,010-5395-8491,운동
19840,윤유진,66,포항 유성구 123-45,010-7025-5317,독서
19841,강은우,55,화성 팔달구 123-45,010-1614-7962,뜨개질
19842,박서준,26,청주 팔달구 123-45,010-1487-6759,음악감상
19843,장서준,78,광주 강서구 123-45,010-7244-6151,카페 투어
19844,조예린,50,남양주 남구 123-45,010-8669-9299,카페 투어
19845,박서준,64,서울 유성구 123-45,010-8867-3325,유튜브 보기
19846,박서준,73,안양 수성구 123-45,010-6363-6116,드로잉
19847,강유진,47,평택 흥덕구 123-45,010-4367-6908,드로잉
19848,윤시우,50,평택 분당구 123-45,010-9364-2131,카페 투어
19849,최지안,24,안양 중구 123-45,010-3572-7188,드로잉
19850,오예은,33,제주 중구 123-45,010-3189-3336,등산
19851,서지민,47,전주 진해구 123-45,010-3041-9808,독서
19852,임건우,63,울산 분당구 123-45,010-3788-5428,음악감상
19853,최예린,30,김해 북구 123-45,010-7233-3159,유튜브 보기
19854,오서준,50,전주 강서구 123-45,010-6022-6905,음악감상
19855,정하윤,62,포항 일산동구 123-45,010-6531-4252,독서
19856,최예린,57,김해 해운대구 123-45,010-4839-4159,드로잉
19857,장하은,52,세종 중구 123-45,010-4874-3734,카페 투어
19858,김시우,35,수원 팔달구 123-45,010-8596-5272,요리
19859,정태윤,32,천안 덕진구 123-45,010-3549-8528,음악감상
19860,조건우,68,광주 강서구 123-45,010-1163-3180,등산
19861,김예린,44,포항 해운대구 123-45,010-6896-9225,운동
19862,서서준,45,천안 동구 123-45,010-4169-1701,유튜브 보기
19863,강시우,77,창원 흥덕구 123-45,010-1023-1043,음악감상
19864,오수빈,52,전주 기흥구 123-45,010-3554-6699,독서
19865,조하윤,23,서울 팔달구 123-45,010-7753-9600,게임
19866,임수빈,33,울산 수성구 123-45,010-4907-1344,뜨개질
19867,정민수,56,부산 동구 123-45,010-2866-1327,일기 쓰기
19868,윤예린,24,포항 남구 123-45,010-7554-6044,등산
19869,조소율,37,용인 달서구 123-45,010-6046-8946,요리
19870,최지원,24,평택 해운대구 123-45,010-5196-8704,수영
19871,신지후,79,포항 덕진구 123-45,010-4900-4490,드로잉
19872,최건우,26,창원 장유동 123-45,010-3157-9894,카페 투어
19873,이시우,22,화성 흥덕구 123-45,010-6360-4936,요리
19874,박시우,73,고양 북구 123-45,010-8635-6407,뜨개질
19875,정민수,36,평택 진해구 123-45,010-8935-7533,여행
19876,한태윤,60,제주 성동구 123-45,010-1106-7587,자전거 타기
19877,이건우,50,안산 서구 123-45,010-7725-2898,영화감상
19878,오하은,67,광주 동구 123-45,010-6807-5963,유튜브 보기
19879,오소율,76,용인 기흥구 123-45,010-1529-9344,게임
19880,서지안,79,세종 해운대구 123-45,010-1520-9041,보드게임
19881,강지원,52,평택 분당구 123-45,010-6159-7512,사진촬영
19882,강태윤,37,성남 남구 123-45,010-6978-6701,여행
19883,오시우,63,김해 팔달구 123-45,010-3620-2395,웹서핑
19884,최도윤,58,남양주 진해구 123-45,010-6577-2297,요리
19885,신도윤,21,고양 신제주 123-45,010-1125-4809,드로잉
19886,오서연,24,인천 동구 123-45,010-7627-9141,웹서핑
19887,박태윤,64,안양 남구 123-45,010-2198-4813,카페 투어
19888,임태윤,67,안산 서북구 123-45,010-7828-7514,유튜브 보기
19889,김서연,33,평택 동구 123-45,010-4534-3943,사진촬영
19890,장은우,40,세종 덕양구 123-45,010-7450-1618,드로잉
19891,정하은,45,대전 북구 123-45,010-9633-7776,독서
19892,한소율,44,수원 남구 123-45,010-5345-1742,유튜브 보기
19893,이예은,52,광주 유성구 123-45,010-4052-3720,카페 투어
19894,신예은,37,포항 남구 123-45,010-5359-4590,요리
19895,이하은,52,대구 중구 123-45,010-1812-3650,독서
19896,정서준,22,남양주 해운대구 123-45,010-5880-9611,요리
19897,장지민,22,서울 진해구 123-45,010-9486-8765,사진촬영
19898,한건우,74,평택 흥덕구 123-45,010-9482-7631,음악감상
19899,임민수,22,전주 달서구 123-45,010-6303-5388,카페 투어
19900,윤지원,65,김해 성북구 123-45,010-9937-9410,카페 투어
19901,신하윤,66,천안 신제주 123-45,010-8932-4358,드로잉
19902,임태윤,77,김해 신제주 123-45,010-4395-2206,사진촬영
19903,최태윤,43,울산 일산동구 123-45,010-2658-4061,웹서핑
19904,오은우,57,안양 서구 123-45,010-4165-3243,영화감상
19905,임예은,41,인천 일산동구 123-45,010-3630-5363,자전거 타기
19906,이현우,68,성남 서구 123-45,010-5122-6131,웹서핑
19907,신서연,22,광주 일산동구 123-45,010-4109-8095,운동
19908,오지원,26,화성 중구 123-45,010-1730-9870,음악감상
19909,한하윤,59,평택 장유동 123-45,010-3340-1531,드로잉
19910,박서연,36,제주 기흥구 123-45,010-2440-6342,수영
19911,장시우,29,세종 해운대구 123-45,010-2872-6568,등산
19912,조예린,23,서울 신제주 123-45,010-4481-8171,등산
19913,장예은,52,용인 서북구 123-45,010-3966-5735,보드게임
19914,강도윤,29,서울 흥덕구 123-45,010-6035-1358,유튜브 보기
19915,신하은,78,수원 서구 123-45,010-3611-9145,보드게임
19916,정지후,57,고양 분당구 123-45,010-5483-6609,일기 쓰기
19917,박지원,68,대전 덕양구 123-45,010-6700-3199,유튜브 보기
19918,조소율,66,광주 남구 123-45,010-1348-8892,보드게임
19919,한서연,30,대전 분당구 123-45,010-4742-3610,게임
19920,이민수,25,부산 서북구 123-45,010-7014-3305,카페 투어
19921,박지민,70,김해 신제주 123-45,010-2110-2267,웹서핑
19922,최지민,57,인천 일산동구 123-45,010-7500-1704,여행
19923,오유진,45,부산 남구 123-45,010-3057-9867,수영
19924,정하윤,40,고양 중구 123-45,010-8339-7963,보드게임
19925,장시우,20,전주 팔달구 123-45,010-9820-4171,독서
19926,강지후,68,천안 기흥구 123-45,010-4593-8442,운동
19927,정시우,31,부산 송파구 123-45,010-6404-4708,뜨개질
19928,이지민,33,서울 성동구 123-45,010-3867-5175,등산
19929,강예린,56,광주 송파구 123-45,010-6063-9495,요리
19930,정시우,40,인천 강서구 123-45,010-8949-8874,자전거 타기
19931,오현우,67,제주 유성구 123-45,010-8776-3508,음악감상
19932,이민수,46,전주 북구 123-45,010-2293-2653,유튜브 보기
19933,최지후,35,안산 진해구 123-45,010-5125-5942,등산
19934,오도윤,73,안산 분당구 123-45,010-7567-2656,음악감상
19935,신서준,43,대구 신제주 123-45,010-1147-2301,요리
19936,조서준,41,광주 남구 123-45,010-9992-1692,뜨개질
19937,임예린,76,청주 흥덕구 123-45,010-7439-1801,일기 쓰기
19938,임서준,27,창원 성동구 123-45,010-5662-1027,운동
19939,윤지후,69,대구 강서구 123-45,010-1711-2933,게임
19940,오건우,24,김해 성동구 123-45,010-4022-2245,게임
19941,정시우,33,화성 성동구 123-45,010-7190-9784,보드게임
19942,임소율,41,세종 덕양구 123-45,010-2204-8116,음악감상
19943,이지후,58,서울 기흥구 123-45,010-1874-5909,뜨개질
19944,정지원,20,남양주 동구 123-45,010-3422-9384,뜨개질
19945,조유진,40,고양 덕양구 123-45,010-5241-9187,수영
19946,오도윤,69,성남 수성구 123-45,010-6072-9403,사진촬영
19947,서예은,66,인천 달서구 123-45,010-8726-7852,보드게임
19948,한지민,53,서울 팔달구 123-45,010-2984-6997,운동
19949,한민수,51,화성 강서구 123-45,010-8439-2425,영화감상
19950,서도윤,57,서울 달서구 123-45,010-1898-4488,등산
19951,서지후,36,인천 남구 123-45,010-5106-4740,보드게임
19952,오유진,66,인천 일산동구 123-45,010-1644-4628,운동
19953,조건우,76,안양 남구 123-45,010-9082-2804,영화감상
19954,이민수,50,성남 덕진구 123-45,010-2226-3859,보드게임
19955,신소율,42,부산 수성구 123-45,010-7533-9899,운동
19956,이지후,72,남양주 동구 123-45,010-6858-4709,게임
19957,박유진,31,인천 유성구 123-45,010-8681-2442,영화감상
19958,최도윤,27,세종 송파구 123-45,010-4352-8355,독서
19959,신서준,22,인천 남구 123-45,010-5745-2546,보드게임
19960,김유진,48,세종 수성구 123-45,010-3226-6487,수영
19961,윤도윤,30,안산 진해구 123-45,010-8963-3652,영화감상
19962,신하윤,74,제주 성동구 123-45,010-3252-9169,드로잉
19963,강하윤,29,안양 진해구 123-45,010-4461-8785,사진촬영
19964,박서준,36,수원 송파구 123-45,010-1868-7867,음악감상
19965,윤수빈,71,대전 해운대구 123-45,010-6106-3026,운동
19966,윤태윤,29,대구 달서구 123-45,010-2422-8381,등산
19967,조은우,27,김해 강남구 123-45,010-6081-6536,여행
19968,김지원,60,수원 팔달구 123-45,010-8352-6105,사진촬영
19969,오예은,24,수원 서북구 123-45,010-5501-4116,등산
19970,서지원,26,고양 일산동구 123-45,010-3734-4191,영화감상
19971,장현우,55,청주 북구 123-45,010-9989-8374,여행
19972,박태윤,78,세종 기흥구 123-45,010-4694-3577,카페 투어
19973,오도윤,47,천안 유성구 123-45,010-3756-1521,사진촬영
19974,윤하은,39,용인 중구 123-45,010-5349-6383,자전거 타기
19975,박은우,51,광주 수성구 123-45,010-4249-8229,게임
19976,윤서준,76,전주 분당구 123-45,010-3359-2010,웹서핑
19977,장하은,33,인천 달서구 123-45,010-9927-9730,드로잉
19978,김하은,68,부산 해운대구 123-45,010-6337-2164,여행
19979,장민수,33,평택 수성구 123-45,010-6677-5147,보드게임
19980,서하윤,76,안양 신제주 123-45,010-1561-5022,여행
19981,김수빈,61,성남 서북구 123-45,010-8823-3351,음악감상
19982,박수빈,79,김해 덕진구 123-45,010-5987-5792,게임
19983,서수빈,38,안양 성동구 123-45,010-2537-3297,영화감상
19984,윤소율,28,고양 동구 123-45,010-3197-3347,등산
19985,조서준,57,성남 유성구 123-45,010-7394-7112,수영
19986,임하은,26,천안 흥덕구 123-45,010-9572-5713,보드게임
19987,박시우,58,광주 흥덕구 123-45,010-1773-2967,유튜브 보기
19988,강민수,44,전주 서구 123-45,010-6612-8306,보드게임
19989,오수빈,35,청주 북구 123-45,010-3113-5861,등산
19990,윤민수,43,대전 신제주 123-45,010-7810-5192,요리
19991,정서연,49,대구 진해구 123-45,010-8082-3796,운동
19992,오하윤,66,평택 중구 123-45,010-9668-8643,보드게임
19993,정현우,64,포항 달서구 123-45,010-9132-1798,자전거 타기
19994,이태윤,72,포항 팔달구 123-45,010-9639-6844,수영
19995,김지원,42,남양주 팔달구 123-45,010-1606-1546,드로잉
19996,박예은,57,대전 덕진구 123-45,010-5375-7917,등산
19997,장태윤,20,인천 기흥구 123-45,010-2820-2242,뜨개질
19998,임지원,30,천안 진해구 123-45,010-9442-5479,일기 쓰기
19999,오태윤,79,천안 덕양구 123-45,010-1938-8631,보드게임
20000,정은우,56,수원 진해구 123-45,010-7492-5810,보드게임
